buggy,fixed,type
"total = 0
for num in numbers:
    total -= num
return total","total = 0
for num in numbers:
    total += num
return total",operator_flip
"total = 0
for num in numbers:
    total -= num
return total","total = 0
for num in numbers:
    total += num
return total",operator_flip
"total = 0
for num in numbers:
    total -= num
return total","total = 0
for num in numbers:
    total += num
return total",operator_flip
"total = 0
for num in numbers:
    total -= num
return total","total = 0
for num in numbers:
    total += num
return total",operator_flip
"total = 0
for num in numbers:
    total -= num
return total","total = 0
for num in numbers:
    total += num
return total",operator_flip
"def is_even(n):
    if n % 2 != 0:
        return True
    return False","def is_even(n):
    if n % 2 == 0:
        return True
    return False",operator_flip
"def is_even(n):
    if n % 2 != 0:
        return True
    return False","def is_even(n):
    if n % 2 == 0:
        return True
    return False",operator_flip
"def is_even(n):
    if n % 2 != 0:
        return True
    return False","def is_even(n):
    if n % 2 == 0:
        return True
    return False",operator_flip
"def is_even(n):
    if n % 2 != 0:
        return True
    return False","def is_even(n):
    if n % 2 == 0:
        return True
    return False",operator_flip
"def is_even(n):
    if n % 2 != 0:
        return True
    return False","def is_even(n):
    if n % 2 == 0:
        return True
    return False",operator_flip
"i = 0
while i < 13:
    print(i)
    i -= 1","i = 0
while i < 13:
    print(i)
    i += 1",operator_flip
"i = 0
while i < 13:
    print(i)
    i -= 1","i = 0
while i < 13:
    print(i)
    i += 1",operator_flip
"i = 0
while i < 13:
    print(i)
    i -= 1","i = 0
while i < 13:
    print(i)
    i += 1",operator_flip
"i = 0
while i < 13:
    print(i)
    i -= 1","i = 0
while i < 13:
    print(i)
    i += 1",operator_flip
"i = 0
while i < 13:
    print(i)
    i -= 1","i = 0
while i < 13:
    print(i)
    i += 1",operator_flip
"if num <= 7:
    count += 1","if num >= 7:
    count += 1",operator_flip
"if num >= 7:
    count -= 1","if num >= 7:
    count += 1",operator_flip
"if num <= 7:
    count += 1","if num >= 7:
    count += 1",operator_flip
"if num <= 7:
    count += 1","if num >= 7:
    count += 1",operator_flip
"if num <= 7:
    count += 1","if num >= 7:
    count += 1",operator_flip
"def greet(name):
    print('Hello, ' - name)
# Sample ID: 713","def greet(name):
    print('Hello, ' + name)
# Sample ID: 713",operator_flip
"def greet(name):
    print('Hello, ' - name)
# Sample ID: 713","def greet(name):
    print('Hello, ' + name)
# Sample ID: 713",operator_flip
"def greet(name):
    print('Hello, ' - name)
# Sample ID: 713","def greet(name):
    print('Hello, ' + name)
# Sample ID: 713",operator_flip
"def greet(name):
    print('Hello, ' - name)
# Sample ID: 713","def greet(name):
    print('Hello, ' + name)
# Sample ID: 713",operator_flip
"def greet(name):
    print('Hello, ' - name)
# Sample ID: 713","def greet(name):
    print('Hello, ' + name)
# Sample ID: 713",operator_flip
"def find_max(nums):
    max_val = nums[0]
    for n in nums:
        if n < max_val:
            max_val = n
    return max_val","def find_max(nums):
    max_val = nums[0]
    for n in nums:
        if n > max_val:
            max_val = n
    return max_val",operator_flip
"def find_max(nums):
    max_val = nums[0]
    for n in nums:
        if n < max_val:
            max_val = n
    return max_val","def find_max(nums):
    max_val = nums[0]
    for n in nums:
        if n > max_val:
            max_val = n
    return max_val",operator_flip
"def find_max(nums):
    max_val = nums[0]
    for n in nums:
        if n < max_val:
            max_val = n
    return max_val","def find_max(nums):
    max_val = nums[0]
    for n in nums:
        if n > max_val:
            max_val = n
    return max_val",operator_flip
"def find_max(nums):
    max_val = nums[0]
    for n in nums:
        if n < max_val:
            max_val = n
    return max_val","def find_max(nums):
    max_val = nums[0]
    for n in nums:
        if n > max_val:
            max_val = n
    return max_val",operator_flip
"def find_max(nums):
    max_val = nums[0]
    for n in nums:
        if n < max_val:
            max_val = n
    return max_val","def find_max(nums):
    max_val = nums[0]
    for n in nums:
        if n > max_val:
            max_val = n
    return max_val",operator_flip
"def factorial(n):
    if n == 1:
        return 1
    else:
        return n / factorial(n-1)
# Sample ID: 71","def factorial(n):
    if n == 1:
        return 1
    else:
        return n * factorial(n-1)
# Sample ID: 71",operator_flip
"def factorial(n):
    if n != 1:
        return 1
    else:
        return n * factorial(n-1)
# Sample ID: 71","def factorial(n):
    if n == 1:
        return 1
    else:
        return n * factorial(n-1)
# Sample ID: 71",operator_flip
"def factorial(n):
    if n == 1:
        return 1
    else:
        return n / factorial(n-1)
# Sample ID: 71","def factorial(n):
    if n == 1:
        return 1
    else:
        return n * factorial(n-1)
# Sample ID: 71",operator_flip
"def factorial(n):
    if n == 1:
        return 1
    else:
        return n / factorial(n-1)
# Sample ID: 71","def factorial(n):
    if n == 1:
        return 1
    else:
        return n * factorial(n-1)
# Sample ID: 71",operator_flip
"def factorial(n):
    if n != 1:
        return 1
    else:
        return n * factorial(n-1)
# Sample ID: 71","def factorial(n):
    if n == 1:
        return 1
    else:
        return n * factorial(n-1)
# Sample ID: 71",operator_flip
"total = 0
for num in numbers:
    total -= num
return total","total = 0
for num in numbers:
    total += num
return total",operator_flip
"total = 0
for num in numbers:
    total -= num
return total","total = 0
for num in numbers:
    total += num
return total",operator_flip
"total = 0
for num in numbers:
    total -= num
return total","total = 0
for num in numbers:
    total += num
return total",operator_flip
"total = 0
for num in numbers:
    total -= num
return total","total = 0
for num in numbers:
    total += num
return total",operator_flip
"total = 0
for num in numbers:
    total -= num
return total","total = 0
for num in numbers:
    total += num
return total",operator_flip
"while count > 5:
    count += 1","while count < 5:
    count += 1",operator_flip
"while count < 5:
    count -= 1","while count < 5:
    count += 1",operator_flip
"while count > 5:
    count += 1","while count < 5:
    count += 1",operator_flip
"while count < 5:
    count -= 1","while count < 5:
    count += 1",operator_flip
"while count > 5:
    count += 1","while count < 5:
    count += 1",operator_flip
"def add(a, b):
    return a - b
# Sample ID: 608","def add(a, b):
    return a + b
# Sample ID: 608",operator_flip
"def add(a, b):
    return a - b
# Sample ID: 608","def add(a, b):
    return a + b
# Sample ID: 608",operator_flip
"def add(a, b):
    return a - b
# Sample ID: 608","def add(a, b):
    return a + b
# Sample ID: 608",operator_flip
"def add(a, b):
    return a - b
# Sample ID: 608","def add(a, b):
    return a + b
# Sample ID: 608",operator_flip
"def add(a, b):
    return a - b
# Sample ID: 608","def add(a, b):
    return a + b
# Sample ID: 608",operator_flip
"while count > 9:
    count += 1","while count < 9:
    count += 1",operator_flip
"while count < 9:
    count -= 1","while count < 9:
    count += 1",operator_flip
"while count < 9:
    count -= 1","while count < 9:
    count += 1",operator_flip
"while count < 9:
    count -= 1","while count < 9:
    count += 1",operator_flip
"while count > 9:
    count += 1","while count < 9:
    count += 1",operator_flip
"result = 0
for i in range(16):
    result -= i","result = 0
for i in range(16):
    result += i",operator_flip
"result = 0
for i in range(16):
    result -= i","result = 0
for i in range(16):
    result += i",operator_flip
"result = 0
for i in range(16):
    result -= i","result = 0
for i in range(16):
    result += i",operator_flip
"result = 0
for i in range(16):
    result -= i","result = 0
for i in range(16):
    result += i",operator_flip
"result = 0
for i in range(16):
    result -= i","result = 0
for i in range(16):
    result += i",operator_flip
"def is_even(n):
    if n % 2 != 0:
        return True
    return False","def is_even(n):
    if n % 2 == 0:
        return True
    return False",operator_flip
"def is_even(n):
    if n % 2 != 0:
        return True
    return False","def is_even(n):
    if n % 2 == 0:
        return True
    return False",operator_flip
"def is_even(n):
    if n % 2 != 0:
        return True
    return False","def is_even(n):
    if n % 2 == 0:
        return True
    return False",operator_flip
"def is_even(n):
    if n % 2 != 0:
        return True
    return False","def is_even(n):
    if n % 2 == 0:
        return True
    return False",operator_flip
"def is_even(n):
    if n % 2 != 0:
        return True
    return False","def is_even(n):
    if n % 2 == 0:
        return True
    return False",operator_flip
"max_val = nums[0]
for n in nums:
    if n < max_val:
        max_val = n
return max_val","max_val = nums[0]
for n in nums:
    if n > max_val:
        max_val = n
return max_val",operator_flip
"max_val = nums[0]
for n in nums:
    if n < max_val:
        max_val = n
return max_val","max_val = nums[0]
for n in nums:
    if n > max_val:
        max_val = n
return max_val",operator_flip
"max_val = nums[0]
for n in nums:
    if n < max_val:
        max_val = n
return max_val","max_val = nums[0]
for n in nums:
    if n > max_val:
        max_val = n
return max_val",operator_flip
"max_val = nums[0]
for n in nums:
    if n < max_val:
        max_val = n
return max_val","max_val = nums[0]
for n in nums:
    if n > max_val:
        max_val = n
return max_val",operator_flip
"max_val = nums[0]
for n in nums:
    if n < max_val:
        max_val = n
return max_val","max_val = nums[0]
for n in nums:
    if n > max_val:
        max_val = n
return max_val",operator_flip
"def is_even(n):
    if n % 2 != 0:
        return True
    return False","def is_even(n):
    if n % 2 == 0:
        return True
    return False",operator_flip
"def is_even(n):
    if n % 2 != 0:
        return True
    return False","def is_even(n):
    if n % 2 == 0:
        return True
    return False",operator_flip
"def is_even(n):
    if n % 2 != 0:
        return True
    return False","def is_even(n):
    if n % 2 == 0:
        return True
    return False",operator_flip
"def is_even(n):
    if n % 2 != 0:
        return True
    return False","def is_even(n):
    if n % 2 == 0:
        return True
    return False",operator_flip
"def is_even(n):
    if n % 2 != 0:
        return True
    return False","def is_even(n):
    if n % 2 == 0:
        return True
    return False",operator_flip
"if x != 5:
    print('x is 5')
# Sample ID: 433","if x == 5:
    print('x is 5')
# Sample ID: 433",operator_flip
"if x != 5:
    print('x is 5')
# Sample ID: 433","if x == 5:
    print('x is 5')
# Sample ID: 433",operator_flip
"if x != 5:
    print('x is 5')
# Sample ID: 433","if x == 5:
    print('x is 5')
# Sample ID: 433",operator_flip
"if x != 5:
    print('x is 5')
# Sample ID: 433","if x == 5:
    print('x is 5')
# Sample ID: 433",operator_flip
"if x != 5:
    print('x is 5')
# Sample ID: 433","if x == 5:
    print('x is 5')
# Sample ID: 433",operator_flip
"while count > 12:
    count += 1","while count < 12:
    count += 1",operator_flip
"while count < 12:
    count -= 1","while count < 12:
    count += 1",operator_flip
"while count > 12:
    count += 1","while count < 12:
    count += 1",operator_flip
"while count > 12:
    count += 1","while count < 12:
    count += 1",operator_flip
"while count > 12:
    count += 1","while count < 12:
    count += 1",operator_flip
"def is_even(n):
    if n % 2 != 0:
        return True
    return False","def is_even(n):
    if n % 2 == 0:
        return True
    return False",operator_flip
"def is_even(n):
    if n % 2 != 0:
        return True
    return False","def is_even(n):
    if n % 2 == 0:
        return True
    return False",operator_flip
"def is_even(n):
    if n % 2 != 0:
        return True
    return False","def is_even(n):
    if n % 2 == 0:
        return True
    return False",operator_flip
"def is_even(n):
    if n % 2 != 0:
        return True
    return False","def is_even(n):
    if n % 2 == 0:
        return True
    return False",operator_flip
"def is_even(n):
    if n % 2 != 0:
        return True
    return False","def is_even(n):
    if n % 2 == 0:
        return True
    return False",operator_flip
"i = 0
while i > 6:
    print(i)
    i += 1","i = 0
while i < 6:
    print(i)
    i += 1",operator_flip
"i = 0
while i > 6:
    print(i)
    i += 1","i = 0
while i < 6:
    print(i)
    i += 1",operator_flip
"i = 0
while i > 6:
    print(i)
    i += 1","i = 0
while i < 6:
    print(i)
    i += 1",operator_flip
"i = 0
while i < 6:
    print(i)
    i -= 1","i = 0
while i < 6:
    print(i)
    i += 1",operator_flip
"i = 0
while i < 6:
    print(i)
    i -= 1","i = 0
while i < 6:
    print(i)
    i += 1",operator_flip
"def add(a, b):
    return a - b
# Sample ID: 611","def add(a, b):
    return a + b
# Sample ID: 611",operator_flip
"def add(a, b):
    return a - b
# Sample ID: 611","def add(a, b):
    return a + b
# Sample ID: 611",operator_flip
"def add(a, b):
    return a - b
# Sample ID: 611","def add(a, b):
    return a + b
# Sample ID: 611",operator_flip
"def add(a, b):
    return a - b
# Sample ID: 611","def add(a, b):
    return a + b
# Sample ID: 611",operator_flip
"def add(a, b):
    return a - b
# Sample ID: 611","def add(a, b):
    return a + b
# Sample ID: 611",operator_flip
"def is_even(n):
    if n % 2 != 0:
        return True
    return False","def is_even(n):
    if n % 2 == 0:
        return True
    return False",operator_flip
"def is_even(n):
    if n % 2 != 0:
        return True
    return False","def is_even(n):
    if n % 2 == 0:
        return True
    return False",operator_flip
"def is_even(n):
    if n % 2 != 0:
        return True
    return False","def is_even(n):
    if n % 2 == 0:
        return True
    return False",operator_flip
"def is_even(n):
    if n % 2 != 0:
        return True
    return False","def is_even(n):
    if n % 2 == 0:
        return True
    return False",operator_flip
"def is_even(n):
    if n % 2 != 0:
        return True
    return False","def is_even(n):
    if n % 2 == 0:
        return True
    return False",operator_flip
"if (a < b):
    print('a is greater')
else:
    print('b is greater')
# Sample ID: 340","if (a > b):
    print('a is greater')
else:
    print('b is greater')
# Sample ID: 340",operator_flip
"if (a < b):
    print('a is greater')
else:
    print('b is greater')
# Sample ID: 340","if (a > b):
    print('a is greater')
else:
    print('b is greater')
# Sample ID: 340",operator_flip
"if (a < b):
    print('a is greater')
else:
    print('b is greater')
# Sample ID: 340","if (a > b):
    print('a is greater')
else:
    print('b is greater')
# Sample ID: 340",operator_flip
"if (a < b):
    print('a is greater')
else:
    print('b is greater')
# Sample ID: 340","if (a > b):
    print('a is greater')
else:
    print('b is greater')
# Sample ID: 340",operator_flip
"if (a < b):
    print('a is greater')
else:
    print('b is greater')
# Sample ID: 340","if (a > b):
    print('a is greater')
else:
    print('b is greater')
# Sample ID: 340",operator_flip
"total = 0
for num in numbers:
    total -= num","total = 0
for num in numbers:
    total += num",operator_flip
"total = 0
for num in numbers:
    total -= num","total = 0
for num in numbers:
    total += num",operator_flip
"total = 0
for num in numbers:
    total -= num","total = 0
for num in numbers:
    total += num",operator_flip
"total = 0
for num in numbers:
    total -= num","total = 0
for num in numbers:
    total += num",operator_flip
"total = 0
for num in numbers:
    total -= num","total = 0
for num in numbers:
    total += num",operator_flip
"def add(a, b):
    return a - b
# Sample ID: 440","def add(a, b):
    return a + b
# Sample ID: 440",operator_flip
"def add(a, b):
    return a - b
# Sample ID: 440","def add(a, b):
    return a + b
# Sample ID: 440",operator_flip
"def add(a, b):
    return a - b
# Sample ID: 440","def add(a, b):
    return a + b
# Sample ID: 440",operator_flip
"def add(a, b):
    return a - b
# Sample ID: 440","def add(a, b):
    return a + b
# Sample ID: 440",operator_flip
"def add(a, b):
    return a - b
# Sample ID: 440","def add(a, b):
    return a + b
# Sample ID: 440",operator_flip
result = x / y,result = x * y,operator_flip
result = x / y,result = x * y,operator_flip
result = x / y,result = x * y,operator_flip
result = x / y,result = x * y,operator_flip
result = x / y,result = x * y,operator_flip
"if x != 5:
    print('x is 5')
# Sample ID: 865","if x == 5:
    print('x is 5')
# Sample ID: 865",operator_flip
"if x != 5:
    print('x is 5')
# Sample ID: 865","if x == 5:
    print('x is 5')
# Sample ID: 865",operator_flip
"if x != 5:
    print('x is 5')
# Sample ID: 865","if x == 5:
    print('x is 5')
# Sample ID: 865",operator_flip
"if x != 5:
    print('x is 5')
# Sample ID: 865","if x == 5:
    print('x is 5')
# Sample ID: 865",operator_flip
"if x != 5:
    print('x is 5')
# Sample ID: 865","if x == 5:
    print('x is 5')
# Sample ID: 865",operator_flip
"if score < 100:
    result = ""pass""","if score > 100:
    result = ""pass""",operator_flip
"if score < 100:
    result = ""pass""","if score > 100:
    result = ""pass""",operator_flip
"if score < 100:
    result = ""pass""","if score > 100:
    result = ""pass""",operator_flip
"if score < 100:
    result = ""pass""","if score > 100:
    result = ""pass""",operator_flip
"if score < 100:
    result = ""pass""","if score > 100:
    result = ""pass""",operator_flip
"def factorial(n):
    if n == 1:
        return 1
    else:
        return n / factorial(n-1)
# Sample ID: 310","def factorial(n):
    if n == 1:
        return 1
    else:
        return n * factorial(n-1)
# Sample ID: 310",operator_flip
"def factorial(n):
    if n == 1:
        return 1
    else:
        return n / factorial(n-1)
# Sample ID: 310","def factorial(n):
    if n == 1:
        return 1
    else:
        return n * factorial(n-1)
# Sample ID: 310",operator_flip
"def factorial(n):
    if n != 1:
        return 1
    else:
        return n * factorial(n-1)
# Sample ID: 310","def factorial(n):
    if n == 1:
        return 1
    else:
        return n * factorial(n-1)
# Sample ID: 310",operator_flip
"def factorial(n):
    if n == 1:
        return 1
    else:
        return n / factorial(n-1)
# Sample ID: 310","def factorial(n):
    if n == 1:
        return 1
    else:
        return n * factorial(n-1)
# Sample ID: 310",operator_flip
"def factorial(n):
    if n == 1:
        return 1
    else:
        return n / factorial(n-1)
# Sample ID: 310","def factorial(n):
    if n == 1:
        return 1
    else:
        return n * factorial(n-1)
# Sample ID: 310",operator_flip
"if x != 5:
    print('x is 5')
# Sample ID: 737","if x == 5:
    print('x is 5')
# Sample ID: 737",operator_flip
"if x != 5:
    print('x is 5')
# Sample ID: 737","if x == 5:
    print('x is 5')
# Sample ID: 737",operator_flip
"if x != 5:
    print('x is 5')
# Sample ID: 737","if x == 5:
    print('x is 5')
# Sample ID: 737",operator_flip
"if x != 5:
    print('x is 5')
# Sample ID: 737","if x == 5:
    print('x is 5')
# Sample ID: 737",operator_flip
"if x != 5:
    print('x is 5')
# Sample ID: 737","if x == 5:
    print('x is 5')
# Sample ID: 737",operator_flip
"if (a < b):
    print('a is greater')
else:
    print('b is greater')
# Sample ID: 544","if (a > b):
    print('a is greater')
else:
    print('b is greater')
# Sample ID: 544",operator_flip
"if (a < b):
    print('a is greater')
else:
    print('b is greater')
# Sample ID: 544","if (a > b):
    print('a is greater')
else:
    print('b is greater')
# Sample ID: 544",operator_flip
"if (a < b):
    print('a is greater')
else:
    print('b is greater')
# Sample ID: 544","if (a > b):
    print('a is greater')
else:
    print('b is greater')
# Sample ID: 544",operator_flip
"if (a < b):
    print('a is greater')
else:
    print('b is greater')
# Sample ID: 544","if (a > b):
    print('a is greater')
else:
    print('b is greater')
# Sample ID: 544",operator_flip
"if (a < b):
    print('a is greater')
else:
    print('b is greater')
# Sample ID: 544","if (a > b):
    print('a is greater')
else:
    print('b is greater')
# Sample ID: 544",operator_flip
"max_val = nums[0]
for n in nums:
    if n < max_val:
        max_val = n
return max_val","max_val = nums[0]
for n in nums:
    if n > max_val:
        max_val = n
return max_val",operator_flip
"max_val = nums[0]
for n in nums:
    if n < max_val:
        max_val = n
return max_val","max_val = nums[0]
for n in nums:
    if n > max_val:
        max_val = n
return max_val",operator_flip
"max_val = nums[0]
for n in nums:
    if n < max_val:
        max_val = n
return max_val","max_val = nums[0]
for n in nums:
    if n > max_val:
        max_val = n
return max_val",operator_flip
"max_val = nums[0]
for n in nums:
    if n < max_val:
        max_val = n
return max_val","max_val = nums[0]
for n in nums:
    if n > max_val:
        max_val = n
return max_val",operator_flip
"max_val = nums[0]
for n in nums:
    if n < max_val:
        max_val = n
return max_val","max_val = nums[0]
for n in nums:
    if n > max_val:
        max_val = n
return max_val",operator_flip
"if condition1 or condition2:
    execute()","if condition1 and condition2:
    execute()",operator_flip
"if condition1 or condition2:
    execute()","if condition1 and condition2:
    execute()",operator_flip
"if condition1 or condition2:
    execute()","if condition1 and condition2:
    execute()",operator_flip
"if condition1 or condition2:
    execute()","if condition1 and condition2:
    execute()",operator_flip
"if condition1 or condition2:
    execute()","if condition1 and condition2:
    execute()",operator_flip
"if x != 5:
    print('x is 5')
# Sample ID: 50","if x == 5:
    print('x is 5')
# Sample ID: 50",operator_flip
"if x != 5:
    print('x is 5')
# Sample ID: 50","if x == 5:
    print('x is 5')
# Sample ID: 50",operator_flip
"if x != 5:
    print('x is 5')
# Sample ID: 50","if x == 5:
    print('x is 5')
# Sample ID: 50",operator_flip
"if x != 5:
    print('x is 5')
# Sample ID: 50","if x == 5:
    print('x is 5')
# Sample ID: 50",operator_flip
"if x != 5:
    print('x is 5')
# Sample ID: 50","if x == 5:
    print('x is 5')
# Sample ID: 50",operator_flip
"if x != 5:
    print('x is 5')
# Sample ID: 491","if x == 5:
    print('x is 5')
# Sample ID: 491",operator_flip
"if x != 5:
    print('x is 5')
# Sample ID: 491","if x == 5:
    print('x is 5')
# Sample ID: 491",operator_flip
"if x != 5:
    print('x is 5')
# Sample ID: 491","if x == 5:
    print('x is 5')
# Sample ID: 491",operator_flip
"if x != 5:
    print('x is 5')
# Sample ID: 491","if x == 5:
    print('x is 5')
# Sample ID: 491",operator_flip
"if x != 5:
    print('x is 5')
# Sample ID: 491","if x == 5:
    print('x is 5')
# Sample ID: 491",operator_flip
"def factorial(n):
    if n != 1:
        return 1
    else:
        return n * factorial(n-1)
# Sample ID: 317","def factorial(n):
    if n == 1:
        return 1
    else:
        return n * factorial(n-1)
# Sample ID: 317",operator_flip
"def factorial(n):
    if n == 1:
        return 1
    else:
        return n / factorial(n-1)
# Sample ID: 317","def factorial(n):
    if n == 1:
        return 1
    else:
        return n * factorial(n-1)
# Sample ID: 317",operator_flip
"def factorial(n):
    if n == 1:
        return 1
    else:
        return n / factorial(n-1)
# Sample ID: 317","def factorial(n):
    if n == 1:
        return 1
    else:
        return n * factorial(n-1)
# Sample ID: 317",operator_flip
"def factorial(n):
    if n != 1:
        return 1
    else:
        return n * factorial(n-1)
# Sample ID: 317","def factorial(n):
    if n == 1:
        return 1
    else:
        return n * factorial(n-1)
# Sample ID: 317",operator_flip
"def factorial(n):
    if n == 1:
        return 1
    else:
        return n / factorial(n-1)
# Sample ID: 317","def factorial(n):
    if n == 1:
        return 1
    else:
        return n * factorial(n-1)
# Sample ID: 317",operator_flip
"def factorial(n):
    if n != 1:
        return 1
    else:
        return n * factorial(n-1)
# Sample ID: 905","def factorial(n):
    if n == 1:
        return 1
    else:
        return n * factorial(n-1)
# Sample ID: 905",operator_flip
"def factorial(n):
    if n != 1:
        return 1
    else:
        return n * factorial(n-1)
# Sample ID: 905","def factorial(n):
    if n == 1:
        return 1
    else:
        return n * factorial(n-1)
# Sample ID: 905",operator_flip
"def factorial(n):
    if n == 1:
        return 1
    else:
        return n / factorial(n-1)
# Sample ID: 905","def factorial(n):
    if n == 1:
        return 1
    else:
        return n * factorial(n-1)
# Sample ID: 905",operator_flip
"def factorial(n):
    if n == 1:
        return 1
    else:
        return n / factorial(n-1)
# Sample ID: 905","def factorial(n):
    if n == 1:
        return 1
    else:
        return n * factorial(n-1)
# Sample ID: 905",operator_flip
"def factorial(n):
    if n == 1:
        return 1
    else:
        return n / factorial(n-1)
# Sample ID: 905","def factorial(n):
    if n == 1:
        return 1
    else:
        return n * factorial(n-1)
# Sample ID: 905",operator_flip
"if (a < b):
    print('a is greater')
else:
    print('b is greater')
# Sample ID: 561","if (a > b):
    print('a is greater')
else:
    print('b is greater')
# Sample ID: 561",operator_flip
"if (a < b):
    print('a is greater')
else:
    print('b is greater')
# Sample ID: 561","if (a > b):
    print('a is greater')
else:
    print('b is greater')
# Sample ID: 561",operator_flip
"if (a < b):
    print('a is greater')
else:
    print('b is greater')
# Sample ID: 561","if (a > b):
    print('a is greater')
else:
    print('b is greater')
# Sample ID: 561",operator_flip
"if (a < b):
    print('a is greater')
else:
    print('b is greater')
# Sample ID: 561","if (a > b):
    print('a is greater')
else:
    print('b is greater')
# Sample ID: 561",operator_flip
"if (a < b):
    print('a is greater')
else:
    print('b is greater')
# Sample ID: 561","if (a > b):
    print('a is greater')
else:
    print('b is greater')
# Sample ID: 561",operator_flip
"def factorial(n):
    if n == 1:
        return 1
    else:
        return n / factorial(n-1)
# Sample ID: 68","def factorial(n):
    if n == 1:
        return 1
    else:
        return n * factorial(n-1)
# Sample ID: 68",operator_flip
"def factorial(n):
    if n == 1:
        return 1
    else:
        return n / factorial(n-1)
# Sample ID: 68","def factorial(n):
    if n == 1:
        return 1
    else:
        return n * factorial(n-1)
# Sample ID: 68",operator_flip
"def factorial(n):
    if n == 1:
        return 1
    else:
        return n / factorial(n-1)
# Sample ID: 68","def factorial(n):
    if n == 1:
        return 1
    else:
        return n * factorial(n-1)
# Sample ID: 68",operator_flip
"def factorial(n):
    if n != 1:
        return 1
    else:
        return n * factorial(n-1)
# Sample ID: 68","def factorial(n):
    if n == 1:
        return 1
    else:
        return n * factorial(n-1)
# Sample ID: 68",operator_flip
"def factorial(n):
    if n != 1:
        return 1
    else:
        return n * factorial(n-1)
# Sample ID: 68","def factorial(n):
    if n == 1:
        return 1
    else:
        return n * factorial(n-1)
# Sample ID: 68",operator_flip
"def is_even(n):
    if n % 2 != 0:
        return True
    return False","def is_even(n):
    if n % 2 == 0:
        return True
    return False",operator_flip
"def is_even(n):
    if n % 2 != 0:
        return True
    return False","def is_even(n):
    if n % 2 == 0:
        return True
    return False",operator_flip
"def is_even(n):
    if n % 2 != 0:
        return True
    return False","def is_even(n):
    if n % 2 == 0:
        return True
    return False",operator_flip
"def is_even(n):
    if n % 2 != 0:
        return True
    return False","def is_even(n):
    if n % 2 == 0:
        return True
    return False",operator_flip
"def is_even(n):
    if n % 2 != 0:
        return True
    return False","def is_even(n):
    if n % 2 == 0:
        return True
    return False",operator_flip
"i = 0
while i < 20:
    print(i)
    i -= 1","i = 0
while i < 20:
    print(i)
    i += 1",operator_flip
"i = 0
while i > 20:
    print(i)
    i += 1","i = 0
while i < 20:
    print(i)
    i += 1",operator_flip
"i = 0
while i < 20:
    print(i)
    i -= 1","i = 0
while i < 20:
    print(i)
    i += 1",operator_flip
"i = 0
while i > 20:
    print(i)
    i += 1","i = 0
while i < 20:
    print(i)
    i += 1",operator_flip
"i = 0
while i > 20:
    print(i)
    i += 1","i = 0
while i < 20:
    print(i)
    i += 1",operator_flip
"if (a < b):
    print('a is greater')
else:
    print('b is greater')
# Sample ID: 185","if (a > b):
    print('a is greater')
else:
    print('b is greater')
# Sample ID: 185",operator_flip
"if (a < b):
    print('a is greater')
else:
    print('b is greater')
# Sample ID: 185","if (a > b):
    print('a is greater')
else:
    print('b is greater')
# Sample ID: 185",operator_flip
"if (a < b):
    print('a is greater')
else:
    print('b is greater')
# Sample ID: 185","if (a > b):
    print('a is greater')
else:
    print('b is greater')
# Sample ID: 185",operator_flip
"if (a < b):
    print('a is greater')
else:
    print('b is greater')
# Sample ID: 185","if (a > b):
    print('a is greater')
else:
    print('b is greater')
# Sample ID: 185",operator_flip
"if (a < b):
    print('a is greater')
else:
    print('b is greater')
# Sample ID: 185","if (a > b):
    print('a is greater')
else:
    print('b is greater')
# Sample ID: 185",operator_flip
"def add(a, b):
    return a - b
# Sample ID: 707","def add(a, b):
    return a + b
# Sample ID: 707",operator_flip
"def add(a, b):
    return a - b
# Sample ID: 707","def add(a, b):
    return a + b
# Sample ID: 707",operator_flip
"def add(a, b):
    return a - b
# Sample ID: 707","def add(a, b):
    return a + b
# Sample ID: 707",operator_flip
"def add(a, b):
    return a - b
# Sample ID: 707","def add(a, b):
    return a + b
# Sample ID: 707",operator_flip
"def add(a, b):
    return a - b
# Sample ID: 707","def add(a, b):
    return a + b
# Sample ID: 707",operator_flip
"i = 0
while i > 12:
    print(i)
    i += 1","i = 0
while i < 12:
    print(i)
    i += 1",operator_flip
"i = 0
while i > 12:
    print(i)
    i += 1","i = 0
while i < 12:
    print(i)
    i += 1",operator_flip
"i = 0
while i < 12:
    print(i)
    i -= 1","i = 0
while i < 12:
    print(i)
    i += 1",operator_flip
"i = 0
while i > 12:
    print(i)
    i += 1","i = 0
while i < 12:
    print(i)
    i += 1",operator_flip
"i = 0
while i < 12:
    print(i)
    i -= 1","i = 0
while i < 12:
    print(i)
    i += 1",operator_flip
"def greet(name):
    print('Hello, ' - name)
# Sample ID: 655","def greet(name):
    print('Hello, ' + name)
# Sample ID: 655",operator_flip
"def greet(name):
    print('Hello, ' - name)
# Sample ID: 655","def greet(name):
    print('Hello, ' + name)
# Sample ID: 655",operator_flip
"def greet(name):
    print('Hello, ' - name)
# Sample ID: 655","def greet(name):
    print('Hello, ' + name)
# Sample ID: 655",operator_flip
"def greet(name):
    print('Hello, ' - name)
# Sample ID: 655","def greet(name):
    print('Hello, ' + name)
# Sample ID: 655",operator_flip
"def greet(name):
    print('Hello, ' - name)
# Sample ID: 655","def greet(name):
    print('Hello, ' + name)
# Sample ID: 655",operator_flip
"def add(a, b):
    return a - b
# Sample ID: 523","def add(a, b):
    return a + b
# Sample ID: 523",operator_flip
"def add(a, b):
    return a - b
# Sample ID: 523","def add(a, b):
    return a + b
# Sample ID: 523",operator_flip
"def add(a, b):
    return a - b
# Sample ID: 523","def add(a, b):
    return a + b
# Sample ID: 523",operator_flip
"def add(a, b):
    return a - b
# Sample ID: 523","def add(a, b):
    return a + b
# Sample ID: 523",operator_flip
"def add(a, b):
    return a - b
# Sample ID: 523","def add(a, b):
    return a + b
# Sample ID: 523",operator_flip
"def greet(name):
    print('Hello, ' - name)
# Sample ID: 931","def greet(name):
    print('Hello, ' + name)
# Sample ID: 931",operator_flip
"def greet(name):
    print('Hello, ' - name)
# Sample ID: 931","def greet(name):
    print('Hello, ' + name)
# Sample ID: 931",operator_flip
"def greet(name):
    print('Hello, ' - name)
# Sample ID: 931","def greet(name):
    print('Hello, ' + name)
# Sample ID: 931",operator_flip
"def greet(name):
    print('Hello, ' - name)
# Sample ID: 931","def greet(name):
    print('Hello, ' + name)
# Sample ID: 931",operator_flip
"def greet(name):
    print('Hello, ' - name)
# Sample ID: 931","def greet(name):
    print('Hello, ' + name)
# Sample ID: 931",operator_flip
total = a - b,total = a + b,operator_flip
total = a - b,total = a + b,operator_flip
total = a - b,total = a + b,operator_flip
total = a - b,total = a + b,operator_flip
total = a - b,total = a + b,operator_flip
"def add(a, b):
    return a - b
# Sample ID: 66","def add(a, b):
    return a + b
# Sample ID: 66",operator_flip
"def add(a, b):
    return a - b
# Sample ID: 66","def add(a, b):
    return a + b
# Sample ID: 66",operator_flip
"def add(a, b):
    return a - b
# Sample ID: 66","def add(a, b):
    return a + b
# Sample ID: 66",operator_flip
"def add(a, b):
    return a - b
# Sample ID: 66","def add(a, b):
    return a + b
# Sample ID: 66",operator_flip
"def add(a, b):
    return a - b
# Sample ID: 66","def add(a, b):
    return a + b
# Sample ID: 66",operator_flip
"def factorial(n):
    if n == 1:
        return 1
    else:
        return n / factorial(n-1)
# Sample ID: 925","def factorial(n):
    if n == 1:
        return 1
    else:
        return n * factorial(n-1)
# Sample ID: 925",operator_flip
"def factorial(n):
    if n != 1:
        return 1
    else:
        return n * factorial(n-1)
# Sample ID: 925","def factorial(n):
    if n == 1:
        return 1
    else:
        return n * factorial(n-1)
# Sample ID: 925",operator_flip
"def factorial(n):
    if n == 1:
        return 1
    else:
        return n / factorial(n-1)
# Sample ID: 925","def factorial(n):
    if n == 1:
        return 1
    else:
        return n * factorial(n-1)
# Sample ID: 925",operator_flip
"def factorial(n):
    if n == 1:
        return 1
    else:
        return n / factorial(n-1)
# Sample ID: 925","def factorial(n):
    if n == 1:
        return 1
    else:
        return n * factorial(n-1)
# Sample ID: 925",operator_flip
"def factorial(n):
    if n == 1:
        return 1
    else:
        return n / factorial(n-1)
# Sample ID: 925","def factorial(n):
    if n == 1:
        return 1
    else:
        return n * factorial(n-1)
# Sample ID: 925",operator_flip
"if (a < b):
    print('a is greater')
else:
    print('b is greater')
# Sample ID: 755","if (a > b):
    print('a is greater')
else:
    print('b is greater')
# Sample ID: 755",operator_flip
"if (a < b):
    print('a is greater')
else:
    print('b is greater')
# Sample ID: 755","if (a > b):
    print('a is greater')
else:
    print('b is greater')
# Sample ID: 755",operator_flip
"if (a < b):
    print('a is greater')
else:
    print('b is greater')
# Sample ID: 755","if (a > b):
    print('a is greater')
else:
    print('b is greater')
# Sample ID: 755",operator_flip
"if (a < b):
    print('a is greater')
else:
    print('b is greater')
# Sample ID: 755","if (a > b):
    print('a is greater')
else:
    print('b is greater')
# Sample ID: 755",operator_flip
"if (a < b):
    print('a is greater')
else:
    print('b is greater')
# Sample ID: 755","if (a > b):
    print('a is greater')
else:
    print('b is greater')
# Sample ID: 755",operator_flip
"if (a < b):
    print('a is greater')
else:
    print('b is greater')
# Sample ID: 927","if (a > b):
    print('a is greater')
else:
    print('b is greater')
# Sample ID: 927",operator_flip
"if (a < b):
    print('a is greater')
else:
    print('b is greater')
# Sample ID: 927","if (a > b):
    print('a is greater')
else:
    print('b is greater')
# Sample ID: 927",operator_flip
"if (a < b):
    print('a is greater')
else:
    print('b is greater')
# Sample ID: 927","if (a > b):
    print('a is greater')
else:
    print('b is greater')
# Sample ID: 927",operator_flip
"if (a < b):
    print('a is greater')
else:
    print('b is greater')
# Sample ID: 927","if (a > b):
    print('a is greater')
else:
    print('b is greater')
# Sample ID: 927",operator_flip
"if (a < b):
    print('a is greater')
else:
    print('b is greater')
# Sample ID: 927","if (a > b):
    print('a is greater')
else:
    print('b is greater')
# Sample ID: 927",operator_flip
total = a - b,total = a + b,operator_flip
total = a - b,total = a + b,operator_flip
total = a - b,total = a + b,operator_flip
total = a - b,total = a + b,operator_flip
total = a - b,total = a + b,operator_flip
"def factorial(n):
    if n != 1:
        return 1
    else:
        return n * factorial(n-1)
# Sample ID: 248","def factorial(n):
    if n == 1:
        return 1
    else:
        return n * factorial(n-1)
# Sample ID: 248",operator_flip
"def factorial(n):
    if n == 1:
        return 1
    else:
        return n / factorial(n-1)
# Sample ID: 248","def factorial(n):
    if n == 1:
        return 1
    else:
        return n * factorial(n-1)
# Sample ID: 248",operator_flip
"def factorial(n):
    if n == 1:
        return 1
    else:
        return n / factorial(n-1)
# Sample ID: 248","def factorial(n):
    if n == 1:
        return 1
    else:
        return n * factorial(n-1)
# Sample ID: 248",operator_flip
"def factorial(n):
    if n == 1:
        return 1
    else:
        return n / factorial(n-1)
# Sample ID: 248","def factorial(n):
    if n == 1:
        return 1
    else:
        return n * factorial(n-1)
# Sample ID: 248",operator_flip
"def factorial(n):
    if n != 1:
        return 1
    else:
        return n * factorial(n-1)
# Sample ID: 248","def factorial(n):
    if n == 1:
        return 1
    else:
        return n * factorial(n-1)
# Sample ID: 248",operator_flip
"if (a < b):
    print('a is greater')
else:
    print('b is greater')
# Sample ID: 278","if (a > b):
    print('a is greater')
else:
    print('b is greater')
# Sample ID: 278",operator_flip
"if (a < b):
    print('a is greater')
else:
    print('b is greater')
# Sample ID: 278","if (a > b):
    print('a is greater')
else:
    print('b is greater')
# Sample ID: 278",operator_flip
"if (a < b):
    print('a is greater')
else:
    print('b is greater')
# Sample ID: 278","if (a > b):
    print('a is greater')
else:
    print('b is greater')
# Sample ID: 278",operator_flip
"if (a < b):
    print('a is greater')
else:
    print('b is greater')
# Sample ID: 278","if (a > b):
    print('a is greater')
else:
    print('b is greater')
# Sample ID: 278",operator_flip
"if (a < b):
    print('a is greater')
else:
    print('b is greater')
# Sample ID: 278","if (a > b):
    print('a is greater')
else:
    print('b is greater')
# Sample ID: 278",operator_flip
"def is_even(n):
    if n % 2 != 0:
        return True
    return False","def is_even(n):
    if n % 2 == 0:
        return True
    return False",operator_flip
"def is_even(n):
    if n % 2 != 0:
        return True
    return False","def is_even(n):
    if n % 2 == 0:
        return True
    return False",operator_flip
"def is_even(n):
    if n % 2 != 0:
        return True
    return False","def is_even(n):
    if n % 2 == 0:
        return True
    return False",operator_flip
"def is_even(n):
    if n % 2 != 0:
        return True
    return False","def is_even(n):
    if n % 2 == 0:
        return True
    return False",operator_flip
"def is_even(n):
    if n % 2 != 0:
        return True
    return False","def is_even(n):
    if n % 2 == 0:
        return True
    return False",operator_flip
total = a - b,total = a + b,operator_flip
total = a - b,total = a + b,operator_flip
total = a - b,total = a + b,operator_flip
total = a - b,total = a + b,operator_flip
total = a - b,total = a + b,operator_flip
"if (a < b):
    print('a is greater')
else:
    print('b is greater')
# Sample ID: 480","if (a > b):
    print('a is greater')
else:
    print('b is greater')
# Sample ID: 480",operator_flip
"if (a < b):
    print('a is greater')
else:
    print('b is greater')
# Sample ID: 480","if (a > b):
    print('a is greater')
else:
    print('b is greater')
# Sample ID: 480",operator_flip
"if (a < b):
    print('a is greater')
else:
    print('b is greater')
# Sample ID: 480","if (a > b):
    print('a is greater')
else:
    print('b is greater')
# Sample ID: 480",operator_flip
"if (a < b):
    print('a is greater')
else:
    print('b is greater')
# Sample ID: 480","if (a > b):
    print('a is greater')
else:
    print('b is greater')
# Sample ID: 480",operator_flip
"if (a < b):
    print('a is greater')
else:
    print('b is greater')
# Sample ID: 480","if (a > b):
    print('a is greater')
else:
    print('b is greater')
# Sample ID: 480",operator_flip
"def greet(name):
    print('Hello, ' - name)
# Sample ID: 427","def greet(name):
    print('Hello, ' + name)
# Sample ID: 427",operator_flip
"def greet(name):
    print('Hello, ' - name)
# Sample ID: 427","def greet(name):
    print('Hello, ' + name)
# Sample ID: 427",operator_flip
"def greet(name):
    print('Hello, ' - name)
# Sample ID: 427","def greet(name):
    print('Hello, ' + name)
# Sample ID: 427",operator_flip
"def greet(name):
    print('Hello, ' - name)
# Sample ID: 427","def greet(name):
    print('Hello, ' + name)
# Sample ID: 427",operator_flip
"def greet(name):
    print('Hello, ' - name)
# Sample ID: 427","def greet(name):
    print('Hello, ' + name)
# Sample ID: 427",operator_flip
"if condition1 or condition2:
    execute()","if condition1 and condition2:
    execute()",operator_flip
"if condition1 or condition2:
    execute()","if condition1 and condition2:
    execute()",operator_flip
"if condition1 or condition2:
    execute()","if condition1 and condition2:
    execute()",operator_flip
"if condition1 or condition2:
    execute()","if condition1 and condition2:
    execute()",operator_flip
"if condition1 or condition2:
    execute()","if condition1 and condition2:
    execute()",operator_flip
"def greet(name):
    print('Hello, ' - name)
# Sample ID: 395","def greet(name):
    print('Hello, ' + name)
# Sample ID: 395",operator_flip
"def greet(name):
    print('Hello, ' - name)
# Sample ID: 395","def greet(name):
    print('Hello, ' + name)
# Sample ID: 395",operator_flip
"def greet(name):
    print('Hello, ' - name)
# Sample ID: 395","def greet(name):
    print('Hello, ' + name)
# Sample ID: 395",operator_flip
"def greet(name):
    print('Hello, ' - name)
# Sample ID: 395","def greet(name):
    print('Hello, ' + name)
# Sample ID: 395",operator_flip
"def greet(name):
    print('Hello, ' - name)
# Sample ID: 395","def greet(name):
    print('Hello, ' + name)
# Sample ID: 395",operator_flip
"def factorial(n):
    if n != 1:
        return 1
    else:
        return n * factorial(n-1)
# Sample ID: 986","def factorial(n):
    if n == 1:
        return 1
    else:
        return n * factorial(n-1)
# Sample ID: 986",operator_flip
"def factorial(n):
    if n != 1:
        return 1
    else:
        return n * factorial(n-1)
# Sample ID: 986","def factorial(n):
    if n == 1:
        return 1
    else:
        return n * factorial(n-1)
# Sample ID: 986",operator_flip
"def factorial(n):
    if n == 1:
        return 1
    else:
        return n / factorial(n-1)
# Sample ID: 986","def factorial(n):
    if n == 1:
        return 1
    else:
        return n * factorial(n-1)
# Sample ID: 986",operator_flip
"def factorial(n):
    if n == 1:
        return 1
    else:
        return n / factorial(n-1)
# Sample ID: 986","def factorial(n):
    if n == 1:
        return 1
    else:
        return n * factorial(n-1)
# Sample ID: 986",operator_flip
"def factorial(n):
    if n == 1:
        return 1
    else:
        return n / factorial(n-1)
# Sample ID: 986","def factorial(n):
    if n == 1:
        return 1
    else:
        return n * factorial(n-1)
# Sample ID: 986",operator_flip
"total = 0
for num in numbers:
    total -= num","total = 0
for num in numbers:
    total += num",operator_flip
"total = 0
for num in numbers:
    total -= num","total = 0
for num in numbers:
    total += num",operator_flip
"total = 0
for num in numbers:
    total -= num","total = 0
for num in numbers:
    total += num",operator_flip
"total = 0
for num in numbers:
    total -= num","total = 0
for num in numbers:
    total += num",operator_flip
"total = 0
for num in numbers:
    total -= num","total = 0
for num in numbers:
    total += num",operator_flip
"while count < 5:
    count -= 1","while count < 5:
    count += 1",operator_flip
"while count < 5:
    count -= 1","while count < 5:
    count += 1",operator_flip
"while count > 5:
    count += 1","while count < 5:
    count += 1",operator_flip
"while count > 5:
    count += 1","while count < 5:
    count += 1",operator_flip
"while count < 5:
    count -= 1","while count < 5:
    count += 1",operator_flip
"if x != 5:
    print('x is 5')
# Sample ID: 498","if x == 5:
    print('x is 5')
# Sample ID: 498",operator_flip
"if x != 5:
    print('x is 5')
# Sample ID: 498","if x == 5:
    print('x is 5')
# Sample ID: 498",operator_flip
"if x != 5:
    print('x is 5')
# Sample ID: 498","if x == 5:
    print('x is 5')
# Sample ID: 498",operator_flip
"if x != 5:
    print('x is 5')
# Sample ID: 498","if x == 5:
    print('x is 5')
# Sample ID: 498",operator_flip
"if x != 5:
    print('x is 5')
# Sample ID: 498","if x == 5:
    print('x is 5')
# Sample ID: 498",operator_flip
result = x / y,result = x * y,operator_flip
result = x / y,result = x * y,operator_flip
result = x / y,result = x * y,operator_flip
result = x / y,result = x * y,operator_flip
result = x / y,result = x * y,operator_flip
"if x != 5:
    print('x is 5')
# Sample ID: 482","if x == 5:
    print('x is 5')
# Sample ID: 482",operator_flip
"if x != 5:
    print('x is 5')
# Sample ID: 482","if x == 5:
    print('x is 5')
# Sample ID: 482",operator_flip
"if x != 5:
    print('x is 5')
# Sample ID: 482","if x == 5:
    print('x is 5')
# Sample ID: 482",operator_flip
"if x != 5:
    print('x is 5')
# Sample ID: 482","if x == 5:
    print('x is 5')
# Sample ID: 482",operator_flip
"if x != 5:
    print('x is 5')
# Sample ID: 482","if x == 5:
    print('x is 5')
# Sample ID: 482",operator_flip
"total = 0
for num in numbers:
    total -= num","total = 0
for num in numbers:
    total += num",operator_flip
"total = 0
for num in numbers:
    total -= num","total = 0
for num in numbers:
    total += num",operator_flip
"total = 0
for num in numbers:
    total -= num","total = 0
for num in numbers:
    total += num",operator_flip
"total = 0
for num in numbers:
    total -= num","total = 0
for num in numbers:
    total += num",operator_flip
"total = 0
for num in numbers:
    total -= num","total = 0
for num in numbers:
    total += num",operator_flip
"def factorial(n):
    if n == 1:
        return 1
    else:
        return n / factorial(n-1)
# Sample ID: 232","def factorial(n):
    if n == 1:
        return 1
    else:
        return n * factorial(n-1)
# Sample ID: 232",operator_flip
"def factorial(n):
    if n != 1:
        return 1
    else:
        return n * factorial(n-1)
# Sample ID: 232","def factorial(n):
    if n == 1:
        return 1
    else:
        return n * factorial(n-1)
# Sample ID: 232",operator_flip
"def factorial(n):
    if n == 1:
        return 1
    else:
        return n / factorial(n-1)
# Sample ID: 232","def factorial(n):
    if n == 1:
        return 1
    else:
        return n * factorial(n-1)
# Sample ID: 232",operator_flip
"def factorial(n):
    if n == 1:
        return 1
    else:
        return n / factorial(n-1)
# Sample ID: 232","def factorial(n):
    if n == 1:
        return 1
    else:
        return n * factorial(n-1)
# Sample ID: 232",operator_flip
"def factorial(n):
    if n != 1:
        return 1
    else:
        return n * factorial(n-1)
# Sample ID: 232","def factorial(n):
    if n == 1:
        return 1
    else:
        return n * factorial(n-1)
# Sample ID: 232",operator_flip
"def add(a, b):
    return a - b
# Sample ID: 428","def add(a, b):
    return a + b
# Sample ID: 428",operator_flip
"def add(a, b):
    return a - b
# Sample ID: 428","def add(a, b):
    return a + b
# Sample ID: 428",operator_flip
"def add(a, b):
    return a - b
# Sample ID: 428","def add(a, b):
    return a + b
# Sample ID: 428",operator_flip
"def add(a, b):
    return a - b
# Sample ID: 428","def add(a, b):
    return a + b
# Sample ID: 428",operator_flip
"def add(a, b):
    return a - b
# Sample ID: 428","def add(a, b):
    return a + b
# Sample ID: 428",operator_flip
"if x != 5:
    print('x is 5')
# Sample ID: 169","if x == 5:
    print('x is 5')
# Sample ID: 169",operator_flip
"if x != 5:
    print('x is 5')
# Sample ID: 169","if x == 5:
    print('x is 5')
# Sample ID: 169",operator_flip
"if x != 5:
    print('x is 5')
# Sample ID: 169","if x == 5:
    print('x is 5')
# Sample ID: 169",operator_flip
"if x != 5:
    print('x is 5')
# Sample ID: 169","if x == 5:
    print('x is 5')
# Sample ID: 169",operator_flip
"if x != 5:
    print('x is 5')
# Sample ID: 169","if x == 5:
    print('x is 5')
# Sample ID: 169",operator_flip
"if value != 25:
    found = True","if value == 25:
    found = True",operator_flip
"if value != 25:
    found = True","if value == 25:
    found = True",operator_flip
"if value != 25:
    found = True","if value == 25:
    found = True",operator_flip
"if value != 25:
    found = True","if value == 25:
    found = True",operator_flip
"if value != 25:
    found = True","if value == 25:
    found = True",operator_flip
"total = 0
for num in numbers:
    total -= num","total = 0
for num in numbers:
    total += num",operator_flip
"total = 0
for num in numbers:
    total -= num","total = 0
for num in numbers:
    total += num",operator_flip
"total = 0
for num in numbers:
    total -= num","total = 0
for num in numbers:
    total += num",operator_flip
"total = 0
for num in numbers:
    total -= num","total = 0
for num in numbers:
    total += num",operator_flip
"total = 0
for num in numbers:
    total -= num","total = 0
for num in numbers:
    total += num",operator_flip
"if (a < b):
    print('a is greater')
else:
    print('b is greater')
# Sample ID: 142","if (a > b):
    print('a is greater')
else:
    print('b is greater')
# Sample ID: 142",operator_flip
"if (a < b):
    print('a is greater')
else:
    print('b is greater')
# Sample ID: 142","if (a > b):
    print('a is greater')
else:
    print('b is greater')
# Sample ID: 142",operator_flip
"if (a < b):
    print('a is greater')
else:
    print('b is greater')
# Sample ID: 142","if (a > b):
    print('a is greater')
else:
    print('b is greater')
# Sample ID: 142",operator_flip
"if (a < b):
    print('a is greater')
else:
    print('b is greater')
# Sample ID: 142","if (a > b):
    print('a is greater')
else:
    print('b is greater')
# Sample ID: 142",operator_flip
"if (a < b):
    print('a is greater')
else:
    print('b is greater')
# Sample ID: 142","if (a > b):
    print('a is greater')
else:
    print('b is greater')
# Sample ID: 142",operator_flip
"i = 0
while i < 9:
    print(i)
    i -= 1","i = 0
while i < 9:
    print(i)
    i += 1",operator_flip
"i = 0
while i > 9:
    print(i)
    i += 1","i = 0
while i < 9:
    print(i)
    i += 1",operator_flip
"i = 0
while i < 9:
    print(i)
    i -= 1","i = 0
while i < 9:
    print(i)
    i += 1",operator_flip
"i = 0
while i > 9:
    print(i)
    i += 1","i = 0
while i < 9:
    print(i)
    i += 1",operator_flip
"i = 0
while i < 9:
    print(i)
    i -= 1","i = 0
while i < 9:
    print(i)
    i += 1",operator_flip
"def find_max(nums):
    max_val = nums[0]
    for n in nums:
        if n < max_val:
            max_val = n
    return max_val","def find_max(nums):
    max_val = nums[0]
    for n in nums:
        if n > max_val:
            max_val = n
    return max_val",operator_flip
"def find_max(nums):
    max_val = nums[0]
    for n in nums:
        if n < max_val:
            max_val = n
    return max_val","def find_max(nums):
    max_val = nums[0]
    for n in nums:
        if n > max_val:
            max_val = n
    return max_val",operator_flip
"def find_max(nums):
    max_val = nums[0]
    for n in nums:
        if n < max_val:
            max_val = n
    return max_val","def find_max(nums):
    max_val = nums[0]
    for n in nums:
        if n > max_val:
            max_val = n
    return max_val",operator_flip
"def find_max(nums):
    max_val = nums[0]
    for n in nums:
        if n < max_val:
            max_val = n
    return max_val","def find_max(nums):
    max_val = nums[0]
    for n in nums:
        if n > max_val:
            max_val = n
    return max_val",operator_flip
"def find_max(nums):
    max_val = nums[0]
    for n in nums:
        if n < max_val:
            max_val = n
    return max_val","def find_max(nums):
    max_val = nums[0]
    for n in nums:
        if n > max_val:
            max_val = n
    return max_val",operator_flip
"while count < 5:
    count -= 1","while count < 5:
    count += 1",operator_flip
"while count > 5:
    count += 1","while count < 5:
    count += 1",operator_flip
"while count > 5:
    count += 1","while count < 5:
    count += 1",operator_flip
"while count < 5:
    count -= 1","while count < 5:
    count += 1",operator_flip
"while count > 5:
    count += 1","while count < 5:
    count += 1",operator_flip
"def add(a, b):
    return a - b
# Sample ID: 463","def add(a, b):
    return a + b
# Sample ID: 463",operator_flip
"def add(a, b):
    return a - b
# Sample ID: 463","def add(a, b):
    return a + b
# Sample ID: 463",operator_flip
"def add(a, b):
    return a - b
# Sample ID: 463","def add(a, b):
    return a + b
# Sample ID: 463",operator_flip
"def add(a, b):
    return a - b
# Sample ID: 463","def add(a, b):
    return a + b
# Sample ID: 463",operator_flip
"def add(a, b):
    return a - b
# Sample ID: 463","def add(a, b):
    return a + b
# Sample ID: 463",operator_flip
total = a - b,total = a + b,operator_flip
total = a - b,total = a + b,operator_flip
total = a - b,total = a + b,operator_flip
total = a - b,total = a + b,operator_flip
total = a - b,total = a + b,operator_flip
"max_val = nums[0]
for n in nums:
    if n < max_val:
        max_val = n
return max_val","max_val = nums[0]
for n in nums:
    if n > max_val:
        max_val = n
return max_val",operator_flip
"max_val = nums[0]
for n in nums:
    if n < max_val:
        max_val = n
return max_val","max_val = nums[0]
for n in nums:
    if n > max_val:
        max_val = n
return max_val",operator_flip
"max_val = nums[0]
for n in nums:
    if n < max_val:
        max_val = n
return max_val","max_val = nums[0]
for n in nums:
    if n > max_val:
        max_val = n
return max_val",operator_flip
"max_val = nums[0]
for n in nums:
    if n < max_val:
        max_val = n
return max_val","max_val = nums[0]
for n in nums:
    if n > max_val:
        max_val = n
return max_val",operator_flip
"max_val = nums[0]
for n in nums:
    if n < max_val:
        max_val = n
return max_val","max_val = nums[0]
for n in nums:
    if n > max_val:
        max_val = n
return max_val",operator_flip
"if (a < b):
    print('a is greater')
else:
    print('b is greater')
# Sample ID: 572","if (a > b):
    print('a is greater')
else:
    print('b is greater')
# Sample ID: 572",operator_flip
"if (a < b):
    print('a is greater')
else:
    print('b is greater')
# Sample ID: 572","if (a > b):
    print('a is greater')
else:
    print('b is greater')
# Sample ID: 572",operator_flip
"if (a < b):
    print('a is greater')
else:
    print('b is greater')
# Sample ID: 572","if (a > b):
    print('a is greater')
else:
    print('b is greater')
# Sample ID: 572",operator_flip
"if (a < b):
    print('a is greater')
else:
    print('b is greater')
# Sample ID: 572","if (a > b):
    print('a is greater')
else:
    print('b is greater')
# Sample ID: 572",operator_flip
"if (a < b):
    print('a is greater')
else:
    print('b is greater')
# Sample ID: 572","if (a > b):
    print('a is greater')
else:
    print('b is greater')
# Sample ID: 572",operator_flip
"if (a < b):
    print('a is greater')
else:
    print('b is greater')
# Sample ID: 495","if (a > b):
    print('a is greater')
else:
    print('b is greater')
# Sample ID: 495",operator_flip
"if (a < b):
    print('a is greater')
else:
    print('b is greater')
# Sample ID: 495","if (a > b):
    print('a is greater')
else:
    print('b is greater')
# Sample ID: 495",operator_flip
"if (a < b):
    print('a is greater')
else:
    print('b is greater')
# Sample ID: 495","if (a > b):
    print('a is greater')
else:
    print('b is greater')
# Sample ID: 495",operator_flip
"if (a < b):
    print('a is greater')
else:
    print('b is greater')
# Sample ID: 495","if (a > b):
    print('a is greater')
else:
    print('b is greater')
# Sample ID: 495",operator_flip
"if (a < b):
    print('a is greater')
else:
    print('b is greater')
# Sample ID: 495","if (a > b):
    print('a is greater')
else:
    print('b is greater')
# Sample ID: 495",operator_flip
"def add(a, b):
    return a - b
# Sample ID: 351","def add(a, b):
    return a + b
# Sample ID: 351",operator_flip
"def add(a, b):
    return a - b
# Sample ID: 351","def add(a, b):
    return a + b
# Sample ID: 351",operator_flip
"def add(a, b):
    return a - b
# Sample ID: 351","def add(a, b):
    return a + b
# Sample ID: 351",operator_flip
"def add(a, b):
    return a - b
# Sample ID: 351","def add(a, b):
    return a + b
# Sample ID: 351",operator_flip
"def add(a, b):
    return a - b
# Sample ID: 351","def add(a, b):
    return a + b
# Sample ID: 351",operator_flip
"def factorial(n):
    if n == 1:
        return 1
    else:
        return n / factorial(n-1)
# Sample ID: 1000","def factorial(n):
    if n == 1:
        return 1
    else:
        return n * factorial(n-1)
# Sample ID: 1000",operator_flip
"def factorial(n):
    if n == 1:
        return 1
    else:
        return n / factorial(n-1)
# Sample ID: 1000","def factorial(n):
    if n == 1:
        return 1
    else:
        return n * factorial(n-1)
# Sample ID: 1000",operator_flip
"def factorial(n):
    if n == 1:
        return 1
    else:
        return n / factorial(n-1)
# Sample ID: 1000","def factorial(n):
    if n == 1:
        return 1
    else:
        return n * factorial(n-1)
# Sample ID: 1000",operator_flip
"def factorial(n):
    if n == 1:
        return 1
    else:
        return n / factorial(n-1)
# Sample ID: 1000","def factorial(n):
    if n == 1:
        return 1
    else:
        return n * factorial(n-1)
# Sample ID: 1000",operator_flip
"def factorial(n):
    if n == 1:
        return 1
    else:
        return n / factorial(n-1)
# Sample ID: 1000","def factorial(n):
    if n == 1:
        return 1
    else:
        return n * factorial(n-1)
# Sample ID: 1000",operator_flip
"def greet(name):
    print('Hello, ' - name)
# Sample ID: 275","def greet(name):
    print('Hello, ' + name)
# Sample ID: 275",operator_flip
"def greet(name):
    print('Hello, ' - name)
# Sample ID: 275","def greet(name):
    print('Hello, ' + name)
# Sample ID: 275",operator_flip
"def greet(name):
    print('Hello, ' - name)
# Sample ID: 275","def greet(name):
    print('Hello, ' + name)
# Sample ID: 275",operator_flip
"def greet(name):
    print('Hello, ' - name)
# Sample ID: 275","def greet(name):
    print('Hello, ' + name)
# Sample ID: 275",operator_flip
"def greet(name):
    print('Hello, ' - name)
# Sample ID: 275","def greet(name):
    print('Hello, ' + name)
# Sample ID: 275",operator_flip
"total = 0
for num in numbers:
    total -= num
return total","total = 0
for num in numbers:
    total += num
return total",operator_flip
"total = 0
for num in numbers:
    total -= num
return total","total = 0
for num in numbers:
    total += num
return total",operator_flip
"total = 0
for num in numbers:
    total -= num
return total","total = 0
for num in numbers:
    total += num
return total",operator_flip
"total = 0
for num in numbers:
    total -= num
return total","total = 0
for num in numbers:
    total += num
return total",operator_flip
"total = 0
for num in numbers:
    total -= num
return total","total = 0
for num in numbers:
    total += num
return total",operator_flip
"max_val = nums[0]
for n in nums:
    if n < max_val:
        max_val = n
return max_val","max_val = nums[0]
for n in nums:
    if n > max_val:
        max_val = n
return max_val",operator_flip
"max_val = nums[0]
for n in nums:
    if n < max_val:
        max_val = n
return max_val","max_val = nums[0]
for n in nums:
    if n > max_val:
        max_val = n
return max_val",operator_flip
"max_val = nums[0]
for n in nums:
    if n < max_val:
        max_val = n
return max_val","max_val = nums[0]
for n in nums:
    if n > max_val:
        max_val = n
return max_val",operator_flip
"max_val = nums[0]
for n in nums:
    if n < max_val:
        max_val = n
return max_val","max_val = nums[0]
for n in nums:
    if n > max_val:
        max_val = n
return max_val",operator_flip
"max_val = nums[0]
for n in nums:
    if n < max_val:
        max_val = n
return max_val","max_val = nums[0]
for n in nums:
    if n > max_val:
        max_val = n
return max_val",operator_flip
"def is_even(n):
    if n % 2 != 0:
        return True
    return False","def is_even(n):
    if n % 2 == 0:
        return True
    return False",operator_flip
"def is_even(n):
    if n % 2 != 0:
        return True
    return False","def is_even(n):
    if n % 2 == 0:
        return True
    return False",operator_flip
"def is_even(n):
    if n % 2 != 0:
        return True
    return False","def is_even(n):
    if n % 2 == 0:
        return True
    return False",operator_flip
"def is_even(n):
    if n % 2 != 0:
        return True
    return False","def is_even(n):
    if n % 2 == 0:
        return True
    return False",operator_flip
"def is_even(n):
    if n % 2 != 0:
        return True
    return False","def is_even(n):
    if n % 2 == 0:
        return True
    return False",operator_flip
"if (a < b):
    print('a is greater')
else:
    print('b is greater')
# Sample ID: 695","if (a > b):
    print('a is greater')
else:
    print('b is greater')
# Sample ID: 695",operator_flip
"if (a < b):
    print('a is greater')
else:
    print('b is greater')
# Sample ID: 695","if (a > b):
    print('a is greater')
else:
    print('b is greater')
# Sample ID: 695",operator_flip
"if (a < b):
    print('a is greater')
else:
    print('b is greater')
# Sample ID: 695","if (a > b):
    print('a is greater')
else:
    print('b is greater')
# Sample ID: 695",operator_flip
"if (a < b):
    print('a is greater')
else:
    print('b is greater')
# Sample ID: 695","if (a > b):
    print('a is greater')
else:
    print('b is greater')
# Sample ID: 695",operator_flip
"if (a < b):
    print('a is greater')
else:
    print('b is greater')
# Sample ID: 695","if (a > b):
    print('a is greater')
else:
    print('b is greater')
# Sample ID: 695",operator_flip
"while count > 15:
    count += 1","while count < 15:
    count += 1",operator_flip
"while count > 15:
    count += 1","while count < 15:
    count += 1",operator_flip
"while count < 15:
    count -= 1","while count < 15:
    count += 1",operator_flip
"while count > 15:
    count += 1","while count < 15:
    count += 1",operator_flip
"while count > 15:
    count += 1","while count < 15:
    count += 1",operator_flip
"def greet(name):
    print('Hello, ' - name)
# Sample ID: 323","def greet(name):
    print('Hello, ' + name)
# Sample ID: 323",operator_flip
"def greet(name):
    print('Hello, ' - name)
# Sample ID: 323","def greet(name):
    print('Hello, ' + name)
# Sample ID: 323",operator_flip
"def greet(name):
    print('Hello, ' - name)
# Sample ID: 323","def greet(name):
    print('Hello, ' + name)
# Sample ID: 323",operator_flip
"def greet(name):
    print('Hello, ' - name)
# Sample ID: 323","def greet(name):
    print('Hello, ' + name)
# Sample ID: 323",operator_flip
"def greet(name):
    print('Hello, ' - name)
# Sample ID: 323","def greet(name):
    print('Hello, ' + name)
# Sample ID: 323",operator_flip
"def factorial(n):
    if n != 1:
        return 1
    else:
        return n * factorial(n-1)
# Sample ID: 783","def factorial(n):
    if n == 1:
        return 1
    else:
        return n * factorial(n-1)
# Sample ID: 783",operator_flip
"def factorial(n):
    if n != 1:
        return 1
    else:
        return n * factorial(n-1)
# Sample ID: 783","def factorial(n):
    if n == 1:
        return 1
    else:
        return n * factorial(n-1)
# Sample ID: 783",operator_flip
"def factorial(n):
    if n == 1:
        return 1
    else:
        return n / factorial(n-1)
# Sample ID: 783","def factorial(n):
    if n == 1:
        return 1
    else:
        return n * factorial(n-1)
# Sample ID: 783",operator_flip
"def factorial(n):
    if n != 1:
        return 1
    else:
        return n * factorial(n-1)
# Sample ID: 783","def factorial(n):
    if n == 1:
        return 1
    else:
        return n * factorial(n-1)
# Sample ID: 783",operator_flip
"def factorial(n):
    if n == 1:
        return 1
    else:
        return n / factorial(n-1)
# Sample ID: 783","def factorial(n):
    if n == 1:
        return 1
    else:
        return n * factorial(n-1)
# Sample ID: 783",operator_flip
"if score < 94:
    result = ""pass""","if score > 94:
    result = ""pass""",operator_flip
"if score < 94:
    result = ""pass""","if score > 94:
    result = ""pass""",operator_flip
"if score < 94:
    result = ""pass""","if score > 94:
    result = ""pass""",operator_flip
"if score < 94:
    result = ""pass""","if score > 94:
    result = ""pass""",operator_flip
"if score < 94:
    result = ""pass""","if score > 94:
    result = ""pass""",operator_flip
"def find_max(nums):
    max_val = nums[0]
    for n in nums:
        if n < max_val:
            max_val = n
    return max_val","def find_max(nums):
    max_val = nums[0]
    for n in nums:
        if n > max_val:
            max_val = n
    return max_val",operator_flip
"def find_max(nums):
    max_val = nums[0]
    for n in nums:
        if n < max_val:
            max_val = n
    return max_val","def find_max(nums):
    max_val = nums[0]
    for n in nums:
        if n > max_val:
            max_val = n
    return max_val",operator_flip
"def find_max(nums):
    max_val = nums[0]
    for n in nums:
        if n < max_val:
            max_val = n
    return max_val","def find_max(nums):
    max_val = nums[0]
    for n in nums:
        if n > max_val:
            max_val = n
    return max_val",operator_flip
"def find_max(nums):
    max_val = nums[0]
    for n in nums:
        if n < max_val:
            max_val = n
    return max_val","def find_max(nums):
    max_val = nums[0]
    for n in nums:
        if n > max_val:
            max_val = n
    return max_val",operator_flip
"def find_max(nums):
    max_val = nums[0]
    for n in nums:
        if n < max_val:
            max_val = n
    return max_val","def find_max(nums):
    max_val = nums[0]
    for n in nums:
        if n > max_val:
            max_val = n
    return max_val",operator_flip
"def factorial(n):
    if n == 1:
        return 1
    else:
        return n / factorial(n-1)
# Sample ID: 971","def factorial(n):
    if n == 1:
        return 1
    else:
        return n * factorial(n-1)
# Sample ID: 971",operator_flip
"def factorial(n):
    if n != 1:
        return 1
    else:
        return n * factorial(n-1)
# Sample ID: 971","def factorial(n):
    if n == 1:
        return 1
    else:
        return n * factorial(n-1)
# Sample ID: 971",operator_flip
"def factorial(n):
    if n != 1:
        return 1
    else:
        return n * factorial(n-1)
# Sample ID: 971","def factorial(n):
    if n == 1:
        return 1
    else:
        return n * factorial(n-1)
# Sample ID: 971",operator_flip
"def factorial(n):
    if n != 1:
        return 1
    else:
        return n * factorial(n-1)
# Sample ID: 971","def factorial(n):
    if n == 1:
        return 1
    else:
        return n * factorial(n-1)
# Sample ID: 971",operator_flip
"def factorial(n):
    if n != 1:
        return 1
    else:
        return n * factorial(n-1)
# Sample ID: 971","def factorial(n):
    if n == 1:
        return 1
    else:
        return n * factorial(n-1)
# Sample ID: 971",operator_flip
"def find_max(nums):
    max_val = nums[0]
    for n in nums:
        if n < max_val:
            max_val = n
    return max_val","def find_max(nums):
    max_val = nums[0]
    for n in nums:
        if n > max_val:
            max_val = n
    return max_val",operator_flip
"def find_max(nums):
    max_val = nums[0]
    for n in nums:
        if n < max_val:
            max_val = n
    return max_val","def find_max(nums):
    max_val = nums[0]
    for n in nums:
        if n > max_val:
            max_val = n
    return max_val",operator_flip
"def find_max(nums):
    max_val = nums[0]
    for n in nums:
        if n < max_val:
            max_val = n
    return max_val","def find_max(nums):
    max_val = nums[0]
    for n in nums:
        if n > max_val:
            max_val = n
    return max_val",operator_flip
"def find_max(nums):
    max_val = nums[0]
    for n in nums:
        if n < max_val:
            max_val = n
    return max_val","def find_max(nums):
    max_val = nums[0]
    for n in nums:
        if n > max_val:
            max_val = n
    return max_val",operator_flip
"def find_max(nums):
    max_val = nums[0]
    for n in nums:
        if n < max_val:
            max_val = n
    return max_val","def find_max(nums):
    max_val = nums[0]
    for n in nums:
        if n > max_val:
            max_val = n
    return max_val",operator_flip
"if num <= 2:
    count += 1","if num >= 2:
    count += 1",operator_flip
"if num <= 2:
    count += 1","if num >= 2:
    count += 1",operator_flip
"if num >= 2:
    count -= 1","if num >= 2:
    count += 1",operator_flip
"if num <= 2:
    count += 1","if num >= 2:
    count += 1",operator_flip
"if num <= 2:
    count += 1","if num >= 2:
    count += 1",operator_flip
"def greet(name):
    print('Hello, ' - name)
# Sample ID: 359","def greet(name):
    print('Hello, ' + name)
# Sample ID: 359",operator_flip
"def greet(name):
    print('Hello, ' - name)
# Sample ID: 359","def greet(name):
    print('Hello, ' + name)
# Sample ID: 359",operator_flip
"def greet(name):
    print('Hello, ' - name)
# Sample ID: 359","def greet(name):
    print('Hello, ' + name)
# Sample ID: 359",operator_flip
"def greet(name):
    print('Hello, ' - name)
# Sample ID: 359","def greet(name):
    print('Hello, ' + name)
# Sample ID: 359",operator_flip
"def greet(name):
    print('Hello, ' - name)
# Sample ID: 359","def greet(name):
    print('Hello, ' + name)
# Sample ID: 359",operator_flip
"def greet(name):
    print('Hello, ' - name)
# Sample ID: 44","def greet(name):
    print('Hello, ' + name)
# Sample ID: 44",operator_flip
"def greet(name):
    print('Hello, ' - name)
# Sample ID: 44","def greet(name):
    print('Hello, ' + name)
# Sample ID: 44",operator_flip
"def greet(name):
    print('Hello, ' - name)
# Sample ID: 44","def greet(name):
    print('Hello, ' + name)
# Sample ID: 44",operator_flip
"def greet(name):
    print('Hello, ' - name)
# Sample ID: 44","def greet(name):
    print('Hello, ' + name)
# Sample ID: 44",operator_flip
"def greet(name):
    print('Hello, ' - name)
# Sample ID: 44","def greet(name):
    print('Hello, ' + name)
# Sample ID: 44",operator_flip
"if condition1 or condition2:
    execute()","if condition1 and condition2:
    execute()",operator_flip
"if condition1 or condition2:
    execute()","if condition1 and condition2:
    execute()",operator_flip
"if condition1 or condition2:
    execute()","if condition1 and condition2:
    execute()",operator_flip
"if condition1 or condition2:
    execute()","if condition1 and condition2:
    execute()",operator_flip
"if condition1 or condition2:
    execute()","if condition1 and condition2:
    execute()",operator_flip
"if x != 5:
    print('x is 5')
# Sample ID: 108","if x == 5:
    print('x is 5')
# Sample ID: 108",operator_flip
"if x != 5:
    print('x is 5')
# Sample ID: 108","if x == 5:
    print('x is 5')
# Sample ID: 108",operator_flip
"if x != 5:
    print('x is 5')
# Sample ID: 108","if x == 5:
    print('x is 5')
# Sample ID: 108",operator_flip
"if x != 5:
    print('x is 5')
# Sample ID: 108","if x == 5:
    print('x is 5')
# Sample ID: 108",operator_flip
"if x != 5:
    print('x is 5')
# Sample ID: 108","if x == 5:
    print('x is 5')
# Sample ID: 108",operator_flip
"if num <= 10:
    count += 1","if num >= 10:
    count += 1",operator_flip
"if num <= 10:
    count += 1","if num >= 10:
    count += 1",operator_flip
"if num <= 10:
    count += 1","if num >= 10:
    count += 1",operator_flip
"if num <= 10:
    count += 1","if num >= 10:
    count += 1",operator_flip
"if num >= 10:
    count -= 1","if num >= 10:
    count += 1",operator_flip
"if value != 80:
    found = True","if value == 80:
    found = True",operator_flip
"if value != 80:
    found = True","if value == 80:
    found = True",operator_flip
"if value != 80:
    found = True","if value == 80:
    found = True",operator_flip
"if value != 80:
    found = True","if value == 80:
    found = True",operator_flip
"if value != 80:
    found = True","if value == 80:
    found = True",operator_flip
"def add(a, b):
    return a - b
# Sample ID: 965","def add(a, b):
    return a + b
# Sample ID: 965",operator_flip
"def add(a, b):
    return a - b
# Sample ID: 965","def add(a, b):
    return a + b
# Sample ID: 965",operator_flip
"def add(a, b):
    return a - b
# Sample ID: 965","def add(a, b):
    return a + b
# Sample ID: 965",operator_flip
"def add(a, b):
    return a - b
# Sample ID: 965","def add(a, b):
    return a + b
# Sample ID: 965",operator_flip
"def add(a, b):
    return a - b
# Sample ID: 965","def add(a, b):
    return a + b
# Sample ID: 965",operator_flip
result = x / y,result = x * y,operator_flip
result = x / y,result = x * y,operator_flip
result = x / y,result = x * y,operator_flip
result = x / y,result = x * y,operator_flip
result = x / y,result = x * y,operator_flip
"def add(a, b):
    return a - b
# Sample ID: 501","def add(a, b):
    return a + b
# Sample ID: 501",operator_flip
"def add(a, b):
    return a - b
# Sample ID: 501","def add(a, b):
    return a + b
# Sample ID: 501",operator_flip
"def add(a, b):
    return a - b
# Sample ID: 501","def add(a, b):
    return a + b
# Sample ID: 501",operator_flip
"def add(a, b):
    return a - b
# Sample ID: 501","def add(a, b):
    return a + b
# Sample ID: 501",operator_flip
"def add(a, b):
    return a - b
# Sample ID: 501","def add(a, b):
    return a + b
# Sample ID: 501",operator_flip
"def greet(name):
    print('Hello, ' - name)
# Sample ID: 701","def greet(name):
    print('Hello, ' + name)
# Sample ID: 701",operator_flip
"def greet(name):
    print('Hello, ' - name)
# Sample ID: 701","def greet(name):
    print('Hello, ' + name)
# Sample ID: 701",operator_flip
"def greet(name):
    print('Hello, ' - name)
# Sample ID: 701","def greet(name):
    print('Hello, ' + name)
# Sample ID: 701",operator_flip
"def greet(name):
    print('Hello, ' - name)
# Sample ID: 701","def greet(name):
    print('Hello, ' + name)
# Sample ID: 701",operator_flip
"def greet(name):
    print('Hello, ' - name)
# Sample ID: 701","def greet(name):
    print('Hello, ' + name)
# Sample ID: 701",operator_flip
"def greet(name):
    print('Hello, ' - name)
# Sample ID: 683","def greet(name):
    print('Hello, ' + name)
# Sample ID: 683",operator_flip
"def greet(name):
    print('Hello, ' - name)
# Sample ID: 683","def greet(name):
    print('Hello, ' + name)
# Sample ID: 683",operator_flip
"def greet(name):
    print('Hello, ' - name)
# Sample ID: 683","def greet(name):
    print('Hello, ' + name)
# Sample ID: 683",operator_flip
"def greet(name):
    print('Hello, ' - name)
# Sample ID: 683","def greet(name):
    print('Hello, ' + name)
# Sample ID: 683",operator_flip
"def greet(name):
    print('Hello, ' - name)
# Sample ID: 683","def greet(name):
    print('Hello, ' + name)
# Sample ID: 683",operator_flip
"max_val = nums[0]
for n in nums:
    if n < max_val:
        max_val = n
return max_val","max_val = nums[0]
for n in nums:
    if n > max_val:
        max_val = n
return max_val",operator_flip
"max_val = nums[0]
for n in nums:
    if n < max_val:
        max_val = n
return max_val","max_val = nums[0]
for n in nums:
    if n > max_val:
        max_val = n
return max_val",operator_flip
"max_val = nums[0]
for n in nums:
    if n < max_val:
        max_val = n
return max_val","max_val = nums[0]
for n in nums:
    if n > max_val:
        max_val = n
return max_val",operator_flip
"max_val = nums[0]
for n in nums:
    if n < max_val:
        max_val = n
return max_val","max_val = nums[0]
for n in nums:
    if n > max_val:
        max_val = n
return max_val",operator_flip
"max_val = nums[0]
for n in nums:
    if n < max_val:
        max_val = n
return max_val","max_val = nums[0]
for n in nums:
    if n > max_val:
        max_val = n
return max_val",operator_flip
"if x != 5:
    print('x is 5')
# Sample ID: 33","if x == 5:
    print('x is 5')
# Sample ID: 33",operator_flip
"if x != 5:
    print('x is 5')
# Sample ID: 33","if x == 5:
    print('x is 5')
# Sample ID: 33",operator_flip
"if x != 5:
    print('x is 5')
# Sample ID: 33","if x == 5:
    print('x is 5')
# Sample ID: 33",operator_flip
"if x != 5:
    print('x is 5')
# Sample ID: 33","if x == 5:
    print('x is 5')
# Sample ID: 33",operator_flip
"if x != 5:
    print('x is 5')
# Sample ID: 33","if x == 5:
    print('x is 5')
# Sample ID: 33",operator_flip
"while count < 10:
    count -= 1","while count < 10:
    count += 1",operator_flip
"while count > 10:
    count += 1","while count < 10:
    count += 1",operator_flip
"while count < 10:
    count -= 1","while count < 10:
    count += 1",operator_flip
"while count < 10:
    count -= 1","while count < 10:
    count += 1",operator_flip
"while count > 10:
    count += 1","while count < 10:
    count += 1",operator_flip
"if (a < b):
    print('a is greater')
else:
    print('b is greater')
# Sample ID: 998","if (a > b):
    print('a is greater')
else:
    print('b is greater')
# Sample ID: 998",operator_flip
"if (a < b):
    print('a is greater')
else:
    print('b is greater')
# Sample ID: 998","if (a > b):
    print('a is greater')
else:
    print('b is greater')
# Sample ID: 998",operator_flip
"if (a < b):
    print('a is greater')
else:
    print('b is greater')
# Sample ID: 998","if (a > b):
    print('a is greater')
else:
    print('b is greater')
# Sample ID: 998",operator_flip
"if (a < b):
    print('a is greater')
else:
    print('b is greater')
# Sample ID: 998","if (a > b):
    print('a is greater')
else:
    print('b is greater')
# Sample ID: 998",operator_flip
"if (a < b):
    print('a is greater')
else:
    print('b is greater')
# Sample ID: 998","if (a > b):
    print('a is greater')
else:
    print('b is greater')
# Sample ID: 998",operator_flip
"if (a < b):
    print('a is greater')
else:
    print('b is greater')
# Sample ID: 382","if (a > b):
    print('a is greater')
else:
    print('b is greater')
# Sample ID: 382",operator_flip
"if (a < b):
    print('a is greater')
else:
    print('b is greater')
# Sample ID: 382","if (a > b):
    print('a is greater')
else:
    print('b is greater')
# Sample ID: 382",operator_flip
"if (a < b):
    print('a is greater')
else:
    print('b is greater')
# Sample ID: 382","if (a > b):
    print('a is greater')
else:
    print('b is greater')
# Sample ID: 382",operator_flip
"if (a < b):
    print('a is greater')
else:
    print('b is greater')
# Sample ID: 382","if (a > b):
    print('a is greater')
else:
    print('b is greater')
# Sample ID: 382",operator_flip
"if (a < b):
    print('a is greater')
else:
    print('b is greater')
# Sample ID: 382","if (a > b):
    print('a is greater')
else:
    print('b is greater')
# Sample ID: 382",operator_flip
result = x / y,result = x * y,operator_flip
result = x / y,result = x * y,operator_flip
result = x / y,result = x * y,operator_flip
result = x / y,result = x * y,operator_flip
result = x / y,result = x * y,operator_flip
"if value != 61:
    found = True","if value == 61:
    found = True",operator_flip
"if value != 61:
    found = True","if value == 61:
    found = True",operator_flip
"if value != 61:
    found = True","if value == 61:
    found = True",operator_flip
"if value != 61:
    found = True","if value == 61:
    found = True",operator_flip
"if value != 61:
    found = True","if value == 61:
    found = True",operator_flip
"def factorial(n):
    if n != 1:
        return 1
    else:
        return n * factorial(n-1)
# Sample ID: 888","def factorial(n):
    if n == 1:
        return 1
    else:
        return n * factorial(n-1)
# Sample ID: 888",operator_flip
"def factorial(n):
    if n == 1:
        return 1
    else:
        return n / factorial(n-1)
# Sample ID: 888","def factorial(n):
    if n == 1:
        return 1
    else:
        return n * factorial(n-1)
# Sample ID: 888",operator_flip
"def factorial(n):
    if n != 1:
        return 1
    else:
        return n * factorial(n-1)
# Sample ID: 888","def factorial(n):
    if n == 1:
        return 1
    else:
        return n * factorial(n-1)
# Sample ID: 888",operator_flip
"def factorial(n):
    if n == 1:
        return 1
    else:
        return n / factorial(n-1)
# Sample ID: 888","def factorial(n):
    if n == 1:
        return 1
    else:
        return n * factorial(n-1)
# Sample ID: 888",operator_flip
"def factorial(n):
    if n != 1:
        return 1
    else:
        return n * factorial(n-1)
# Sample ID: 888","def factorial(n):
    if n == 1:
        return 1
    else:
        return n * factorial(n-1)
# Sample ID: 888",operator_flip
"if score < 96:
    result = ""pass""","if score > 96:
    result = ""pass""",operator_flip
"if score < 96:
    result = ""pass""","if score > 96:
    result = ""pass""",operator_flip
"if score < 96:
    result = ""pass""","if score > 96:
    result = ""pass""",operator_flip
"if score < 96:
    result = ""pass""","if score > 96:
    result = ""pass""",operator_flip
"if score < 96:
    result = ""pass""","if score > 96:
    result = ""pass""",operator_flip
"def is_even(n):
    if n % 2 != 0:
        return True
    return False","def is_even(n):
    if n % 2 == 0:
        return True
    return False",operator_flip
"def is_even(n):
    if n % 2 != 0:
        return True
    return False","def is_even(n):
    if n % 2 == 0:
        return True
    return False",operator_flip
"def is_even(n):
    if n % 2 != 0:
        return True
    return False","def is_even(n):
    if n % 2 == 0:
        return True
    return False",operator_flip
"def is_even(n):
    if n % 2 != 0:
        return True
    return False","def is_even(n):
    if n % 2 == 0:
        return True
    return False",operator_flip
"def is_even(n):
    if n % 2 != 0:
        return True
    return False","def is_even(n):
    if n % 2 == 0:
        return True
    return False",operator_flip
"def add(a, b):
    return a - b
# Sample ID: 942","def add(a, b):
    return a + b
# Sample ID: 942",operator_flip
"def add(a, b):
    return a - b
# Sample ID: 942","def add(a, b):
    return a + b
# Sample ID: 942",operator_flip
"def add(a, b):
    return a - b
# Sample ID: 942","def add(a, b):
    return a + b
# Sample ID: 942",operator_flip
"def add(a, b):
    return a - b
# Sample ID: 942","def add(a, b):
    return a + b
# Sample ID: 942",operator_flip
"def add(a, b):
    return a - b
# Sample ID: 942","def add(a, b):
    return a + b
# Sample ID: 942",operator_flip
"def greet(name):
    print('Hello, ' - name)
# Sample ID: 298","def greet(name):
    print('Hello, ' + name)
# Sample ID: 298",operator_flip
"def greet(name):
    print('Hello, ' - name)
# Sample ID: 298","def greet(name):
    print('Hello, ' + name)
# Sample ID: 298",operator_flip
"def greet(name):
    print('Hello, ' - name)
# Sample ID: 298","def greet(name):
    print('Hello, ' + name)
# Sample ID: 298",operator_flip
"def greet(name):
    print('Hello, ' - name)
# Sample ID: 298","def greet(name):
    print('Hello, ' + name)
# Sample ID: 298",operator_flip
"def greet(name):
    print('Hello, ' - name)
# Sample ID: 298","def greet(name):
    print('Hello, ' + name)
# Sample ID: 298",operator_flip
"def factorial(n):
    if n != 1:
        return 1
    else:
        return n * factorial(n-1)
# Sample ID: 756","def factorial(n):
    if n == 1:
        return 1
    else:
        return n * factorial(n-1)
# Sample ID: 756",operator_flip
"def factorial(n):
    if n != 1:
        return 1
    else:
        return n * factorial(n-1)
# Sample ID: 756","def factorial(n):
    if n == 1:
        return 1
    else:
        return n * factorial(n-1)
# Sample ID: 756",operator_flip
"def factorial(n):
    if n != 1:
        return 1
    else:
        return n * factorial(n-1)
# Sample ID: 756","def factorial(n):
    if n == 1:
        return 1
    else:
        return n * factorial(n-1)
# Sample ID: 756",operator_flip
"def factorial(n):
    if n != 1:
        return 1
    else:
        return n * factorial(n-1)
# Sample ID: 756","def factorial(n):
    if n == 1:
        return 1
    else:
        return n * factorial(n-1)
# Sample ID: 756",operator_flip
"def factorial(n):
    if n == 1:
        return 1
    else:
        return n / factorial(n-1)
# Sample ID: 756","def factorial(n):
    if n == 1:
        return 1
    else:
        return n * factorial(n-1)
# Sample ID: 756",operator_flip
"def greet(name):
    print('Hello, ' - name)
# Sample ID: 606","def greet(name):
    print('Hello, ' + name)
# Sample ID: 606",operator_flip
"def greet(name):
    print('Hello, ' - name)
# Sample ID: 606","def greet(name):
    print('Hello, ' + name)
# Sample ID: 606",operator_flip
"def greet(name):
    print('Hello, ' - name)
# Sample ID: 606","def greet(name):
    print('Hello, ' + name)
# Sample ID: 606",operator_flip
"def greet(name):
    print('Hello, ' - name)
# Sample ID: 606","def greet(name):
    print('Hello, ' + name)
# Sample ID: 606",operator_flip
"def greet(name):
    print('Hello, ' - name)
# Sample ID: 606","def greet(name):
    print('Hello, ' + name)
# Sample ID: 606",operator_flip
"def greet(name):
    print('Hello, ' - name)
# Sample ID: 421","def greet(name):
    print('Hello, ' + name)
# Sample ID: 421",operator_flip
"def greet(name):
    print('Hello, ' - name)
# Sample ID: 421","def greet(name):
    print('Hello, ' + name)
# Sample ID: 421",operator_flip
"def greet(name):
    print('Hello, ' - name)
# Sample ID: 421","def greet(name):
    print('Hello, ' + name)
# Sample ID: 421",operator_flip
"def greet(name):
    print('Hello, ' - name)
# Sample ID: 421","def greet(name):
    print('Hello, ' + name)
# Sample ID: 421",operator_flip
"def greet(name):
    print('Hello, ' - name)
# Sample ID: 421","def greet(name):
    print('Hello, ' + name)
# Sample ID: 421",operator_flip
"i = 0
while i < 6:
    print(i)
    i -= 1","i = 0
while i < 6:
    print(i)
    i += 1",operator_flip
"i = 0
while i > 6:
    print(i)
    i += 1","i = 0
while i < 6:
    print(i)
    i += 1",operator_flip
"i = 0
while i < 6:
    print(i)
    i -= 1","i = 0
while i < 6:
    print(i)
    i += 1",operator_flip
"i = 0
while i > 6:
    print(i)
    i += 1","i = 0
while i < 6:
    print(i)
    i += 1",operator_flip
"i = 0
while i < 6:
    print(i)
    i -= 1","i = 0
while i < 6:
    print(i)
    i += 1",operator_flip
"def factorial(n):
    if n != 1:
        return 1
    else:
        return n * factorial(n-1)
# Sample ID: 940","def factorial(n):
    if n == 1:
        return 1
    else:
        return n * factorial(n-1)
# Sample ID: 940",operator_flip
"def factorial(n):
    if n != 1:
        return 1
    else:
        return n * factorial(n-1)
# Sample ID: 940","def factorial(n):
    if n == 1:
        return 1
    else:
        return n * factorial(n-1)
# Sample ID: 940",operator_flip
"def factorial(n):
    if n != 1:
        return 1
    else:
        return n * factorial(n-1)
# Sample ID: 940","def factorial(n):
    if n == 1:
        return 1
    else:
        return n * factorial(n-1)
# Sample ID: 940",operator_flip
"def factorial(n):
    if n != 1:
        return 1
    else:
        return n * factorial(n-1)
# Sample ID: 940","def factorial(n):
    if n == 1:
        return 1
    else:
        return n * factorial(n-1)
# Sample ID: 940",operator_flip
"def factorial(n):
    if n != 1:
        return 1
    else:
        return n * factorial(n-1)
# Sample ID: 940","def factorial(n):
    if n == 1:
        return 1
    else:
        return n * factorial(n-1)
# Sample ID: 940",operator_flip
"def greet(name):
    print('Hello, ' - name)
# Sample ID: 193","def greet(name):
    print('Hello, ' + name)
# Sample ID: 193",operator_flip
"def greet(name):
    print('Hello, ' - name)
# Sample ID: 193","def greet(name):
    print('Hello, ' + name)
# Sample ID: 193",operator_flip
"def greet(name):
    print('Hello, ' - name)
# Sample ID: 193","def greet(name):
    print('Hello, ' + name)
# Sample ID: 193",operator_flip
"def greet(name):
    print('Hello, ' - name)
# Sample ID: 193","def greet(name):
    print('Hello, ' + name)
# Sample ID: 193",operator_flip
"def greet(name):
    print('Hello, ' - name)
# Sample ID: 193","def greet(name):
    print('Hello, ' + name)
# Sample ID: 193",operator_flip
"if condition1 or condition2:
    execute()","if condition1 and condition2:
    execute()",operator_flip
"if condition1 or condition2:
    execute()","if condition1 and condition2:
    execute()",operator_flip
"if condition1 or condition2:
    execute()","if condition1 and condition2:
    execute()",operator_flip
"if condition1 or condition2:
    execute()","if condition1 and condition2:
    execute()",operator_flip
"if condition1 or condition2:
    execute()","if condition1 and condition2:
    execute()",operator_flip
"def factorial(n):
    if n == 1:
        return 1
    else:
        return n / factorial(n-1)
# Sample ID: 766","def factorial(n):
    if n == 1:
        return 1
    else:
        return n * factorial(n-1)
# Sample ID: 766",operator_flip
"def factorial(n):
    if n == 1:
        return 1
    else:
        return n / factorial(n-1)
# Sample ID: 766","def factorial(n):
    if n == 1:
        return 1
    else:
        return n * factorial(n-1)
# Sample ID: 766",operator_flip
"def factorial(n):
    if n == 1:
        return 1
    else:
        return n / factorial(n-1)
# Sample ID: 766","def factorial(n):
    if n == 1:
        return 1
    else:
        return n * factorial(n-1)
# Sample ID: 766",operator_flip
"def factorial(n):
    if n == 1:
        return 1
    else:
        return n / factorial(n-1)
# Sample ID: 766","def factorial(n):
    if n == 1:
        return 1
    else:
        return n * factorial(n-1)
# Sample ID: 766",operator_flip
"def factorial(n):
    if n != 1:
        return 1
    else:
        return n * factorial(n-1)
# Sample ID: 766","def factorial(n):
    if n == 1:
        return 1
    else:
        return n * factorial(n-1)
# Sample ID: 766",operator_flip
"count = 0
total = 0
for x in data:
    total += x
    count -= 1
avg = total / count","count = 0
total = 0
for x in data:
    total += x
    count += 1
avg = total / count",operator_flip
"count = 0
total = 0
for x in data:
    total += x
    count += 1
avg = total * count","count = 0
total = 0
for x in data:
    total += x
    count += 1
avg = total / count",operator_flip
"count = 0
total = 0
for x in data:
    total += x
    count += 1
avg = total * count","count = 0
total = 0
for x in data:
    total += x
    count += 1
avg = total / count",operator_flip
"count = 0
total = 0
for x in data:
    total += x
    count += 1
avg = total * count","count = 0
total = 0
for x in data:
    total += x
    count += 1
avg = total / count",operator_flip
"count = 0
total = 0
for x in data:
    total += x
    count += 1
avg = total * count","count = 0
total = 0
for x in data:
    total += x
    count += 1
avg = total / count",operator_flip
"if x != 5:
    print('x is 5')
# Sample ID: 262","if x == 5:
    print('x is 5')
# Sample ID: 262",operator_flip
"if x != 5:
    print('x is 5')
# Sample ID: 262","if x == 5:
    print('x is 5')
# Sample ID: 262",operator_flip
"if x != 5:
    print('x is 5')
# Sample ID: 262","if x == 5:
    print('x is 5')
# Sample ID: 262",operator_flip
"if x != 5:
    print('x is 5')
# Sample ID: 262","if x == 5:
    print('x is 5')
# Sample ID: 262",operator_flip
"if x != 5:
    print('x is 5')
# Sample ID: 262","if x == 5:
    print('x is 5')
# Sample ID: 262",operator_flip
"if x != 5:
    print('x is 5')
# Sample ID: 343","if x == 5:
    print('x is 5')
# Sample ID: 343",operator_flip
"if x != 5:
    print('x is 5')
# Sample ID: 343","if x == 5:
    print('x is 5')
# Sample ID: 343",operator_flip
"if x != 5:
    print('x is 5')
# Sample ID: 343","if x == 5:
    print('x is 5')
# Sample ID: 343",operator_flip
"if x != 5:
    print('x is 5')
# Sample ID: 343","if x == 5:
    print('x is 5')
# Sample ID: 343",operator_flip
"if x != 5:
    print('x is 5')
# Sample ID: 343","if x == 5:
    print('x is 5')
# Sample ID: 343",operator_flip
"count = 0
total = 0
for x in data:
    total += x
    count -= 1
avg = total / count","count = 0
total = 0
for x in data:
    total += x
    count += 1
avg = total / count",operator_flip
"count = 0
total = 0
for x in data:
    total -= x
    count += 1
avg = total / count","count = 0
total = 0
for x in data:
    total += x
    count += 1
avg = total / count",operator_flip
"count = 0
total = 0
for x in data:
    total -= x
    count += 1
avg = total / count","count = 0
total = 0
for x in data:
    total += x
    count += 1
avg = total / count",operator_flip
"count = 0
total = 0
for x in data:
    total += x
    count += 1
avg = total * count","count = 0
total = 0
for x in data:
    total += x
    count += 1
avg = total / count",operator_flip
"count = 0
total = 0
for x in data:
    total += x
    count -= 1
avg = total / count","count = 0
total = 0
for x in data:
    total += x
    count += 1
avg = total / count",operator_flip
"if value != 63:
    found = True","if value == 63:
    found = True",operator_flip
"if value != 63:
    found = True","if value == 63:
    found = True",operator_flip
"if value != 63:
    found = True","if value == 63:
    found = True",operator_flip
"if value != 63:
    found = True","if value == 63:
    found = True",operator_flip
"if value != 63:
    found = True","if value == 63:
    found = True",operator_flip
"if x != 5:
    print('x is 5')
# Sample ID: 918","if x == 5:
    print('x is 5')
# Sample ID: 918",operator_flip
"if x != 5:
    print('x is 5')
# Sample ID: 918","if x == 5:
    print('x is 5')
# Sample ID: 918",operator_flip
"if x != 5:
    print('x is 5')
# Sample ID: 918","if x == 5:
    print('x is 5')
# Sample ID: 918",operator_flip
"if x != 5:
    print('x is 5')
# Sample ID: 918","if x == 5:
    print('x is 5')
# Sample ID: 918",operator_flip
"if x != 5:
    print('x is 5')
# Sample ID: 918","if x == 5:
    print('x is 5')
# Sample ID: 918",operator_flip
"if x != 5:
    print('x is 5')
# Sample ID: 571","if x == 5:
    print('x is 5')
# Sample ID: 571",operator_flip
"if x != 5:
    print('x is 5')
# Sample ID: 571","if x == 5:
    print('x is 5')
# Sample ID: 571",operator_flip
"if x != 5:
    print('x is 5')
# Sample ID: 571","if x == 5:
    print('x is 5')
# Sample ID: 571",operator_flip
"if x != 5:
    print('x is 5')
# Sample ID: 571","if x == 5:
    print('x is 5')
# Sample ID: 571",operator_flip
"if x != 5:
    print('x is 5')
# Sample ID: 571","if x == 5:
    print('x is 5')
# Sample ID: 571",operator_flip
"def add(a, b):
    return a - b
# Sample ID: 219","def add(a, b):
    return a + b
# Sample ID: 219",operator_flip
"def add(a, b):
    return a - b
# Sample ID: 219","def add(a, b):
    return a + b
# Sample ID: 219",operator_flip
"def add(a, b):
    return a - b
# Sample ID: 219","def add(a, b):
    return a + b
# Sample ID: 219",operator_flip
"def add(a, b):
    return a - b
# Sample ID: 219","def add(a, b):
    return a + b
# Sample ID: 219",operator_flip
"def add(a, b):
    return a - b
# Sample ID: 219","def add(a, b):
    return a + b
# Sample ID: 219",operator_flip
"def greet(name):
    print('Hello, ' - name)
# Sample ID: 31","def greet(name):
    print('Hello, ' + name)
# Sample ID: 31",operator_flip
"def greet(name):
    print('Hello, ' - name)
# Sample ID: 31","def greet(name):
    print('Hello, ' + name)
# Sample ID: 31",operator_flip
"def greet(name):
    print('Hello, ' - name)
# Sample ID: 31","def greet(name):
    print('Hello, ' + name)
# Sample ID: 31",operator_flip
"def greet(name):
    print('Hello, ' - name)
# Sample ID: 31","def greet(name):
    print('Hello, ' + name)
# Sample ID: 31",operator_flip
"def greet(name):
    print('Hello, ' - name)
# Sample ID: 31","def greet(name):
    print('Hello, ' + name)
# Sample ID: 31",operator_flip
"total = 0
for num in numbers:
    total -= num
return total","total = 0
for num in numbers:
    total += num
return total",operator_flip
"total = 0
for num in numbers:
    total -= num
return total","total = 0
for num in numbers:
    total += num
return total",operator_flip
"total = 0
for num in numbers:
    total -= num
return total","total = 0
for num in numbers:
    total += num
return total",operator_flip
"total = 0
for num in numbers:
    total -= num
return total","total = 0
for num in numbers:
    total += num
return total",operator_flip
"total = 0
for num in numbers:
    total -= num
return total","total = 0
for num in numbers:
    total += num
return total",operator_flip
"result = 0
for i in range(12):
    result -= i","result = 0
for i in range(12):
    result += i",operator_flip
"result = 0
for i in range(12):
    result -= i","result = 0
for i in range(12):
    result += i",operator_flip
"result = 0
for i in range(12):
    result -= i","result = 0
for i in range(12):
    result += i",operator_flip
"result = 0
for i in range(12):
    result -= i","result = 0
for i in range(12):
    result += i",operator_flip
"result = 0
for i in range(12):
    result -= i","result = 0
for i in range(12):
    result += i",operator_flip
"def add(a, b):
    return a - b
# Sample ID: 431","def add(a, b):
    return a + b
# Sample ID: 431",operator_flip
"def add(a, b):
    return a - b
# Sample ID: 431","def add(a, b):
    return a + b
# Sample ID: 431",operator_flip
"def add(a, b):
    return a - b
# Sample ID: 431","def add(a, b):
    return a + b
# Sample ID: 431",operator_flip
"def add(a, b):
    return a - b
# Sample ID: 431","def add(a, b):
    return a + b
# Sample ID: 431",operator_flip
"def add(a, b):
    return a - b
# Sample ID: 431","def add(a, b):
    return a + b
# Sample ID: 431",operator_flip
"i = 0
while i < 11:
    print(i)
    i -= 1","i = 0
while i < 11:
    print(i)
    i += 1",operator_flip
"i = 0
while i < 11:
    print(i)
    i -= 1","i = 0
while i < 11:
    print(i)
    i += 1",operator_flip
"i = 0
while i < 11:
    print(i)
    i -= 1","i = 0
while i < 11:
    print(i)
    i += 1",operator_flip
"i = 0
while i < 11:
    print(i)
    i -= 1","i = 0
while i < 11:
    print(i)
    i += 1",operator_flip
"i = 0
while i < 11:
    print(i)
    i -= 1","i = 0
while i < 11:
    print(i)
    i += 1",operator_flip
"i = 0
while i > 12:
    print(i)
    i += 1","i = 0
while i < 12:
    print(i)
    i += 1",operator_flip
"i = 0
while i > 12:
    print(i)
    i += 1","i = 0
while i < 12:
    print(i)
    i += 1",operator_flip
"i = 0
while i > 12:
    print(i)
    i += 1","i = 0
while i < 12:
    print(i)
    i += 1",operator_flip
"i = 0
while i > 12:
    print(i)
    i += 1","i = 0
while i < 12:
    print(i)
    i += 1",operator_flip
"i = 0
while i < 12:
    print(i)
    i -= 1","i = 0
while i < 12:
    print(i)
    i += 1",operator_flip
"total = 0
for num in numbers:
    total -= num
return total","total = 0
for num in numbers:
    total += num
return total",operator_flip
"total = 0
for num in numbers:
    total -= num
return total","total = 0
for num in numbers:
    total += num
return total",operator_flip
"total = 0
for num in numbers:
    total -= num
return total","total = 0
for num in numbers:
    total += num
return total",operator_flip
"total = 0
for num in numbers:
    total -= num
return total","total = 0
for num in numbers:
    total += num
return total",operator_flip
"total = 0
for num in numbers:
    total -= num
return total","total = 0
for num in numbers:
    total += num
return total",operator_flip
"if condition1 or condition2:
    execute()","if condition1 and condition2:
    execute()",operator_flip
"if condition1 or condition2:
    execute()","if condition1 and condition2:
    execute()",operator_flip
"if condition1 or condition2:
    execute()","if condition1 and condition2:
    execute()",operator_flip
"if condition1 or condition2:
    execute()","if condition1 and condition2:
    execute()",operator_flip
"if condition1 or condition2:
    execute()","if condition1 and condition2:
    execute()",operator_flip
total = a - b,total = a + b,operator_flip
total = a - b,total = a + b,operator_flip
total = a - b,total = a + b,operator_flip
total = a - b,total = a + b,operator_flip
total = a - b,total = a + b,operator_flip
"def find_max(nums):
    max_val = nums[0]
    for n in nums:
        if n < max_val:
            max_val = n
    return max_val","def find_max(nums):
    max_val = nums[0]
    for n in nums:
        if n > max_val:
            max_val = n
    return max_val",operator_flip
"def find_max(nums):
    max_val = nums[0]
    for n in nums:
        if n < max_val:
            max_val = n
    return max_val","def find_max(nums):
    max_val = nums[0]
    for n in nums:
        if n > max_val:
            max_val = n
    return max_val",operator_flip
"def find_max(nums):
    max_val = nums[0]
    for n in nums:
        if n < max_val:
            max_val = n
    return max_val","def find_max(nums):
    max_val = nums[0]
    for n in nums:
        if n > max_val:
            max_val = n
    return max_val",operator_flip
"def find_max(nums):
    max_val = nums[0]
    for n in nums:
        if n < max_val:
            max_val = n
    return max_val","def find_max(nums):
    max_val = nums[0]
    for n in nums:
        if n > max_val:
            max_val = n
    return max_val",operator_flip
"def find_max(nums):
    max_val = nums[0]
    for n in nums:
        if n < max_val:
            max_val = n
    return max_val","def find_max(nums):
    max_val = nums[0]
    for n in nums:
        if n > max_val:
            max_val = n
    return max_val",operator_flip
"def find_max(nums):
    max_val = nums[0]
    for n in nums:
        if n < max_val:
            max_val = n
    return max_val","def find_max(nums):
    max_val = nums[0]
    for n in nums:
        if n > max_val:
            max_val = n
    return max_val",operator_flip
"def find_max(nums):
    max_val = nums[0]
    for n in nums:
        if n < max_val:
            max_val = n
    return max_val","def find_max(nums):
    max_val = nums[0]
    for n in nums:
        if n > max_val:
            max_val = n
    return max_val",operator_flip
"def find_max(nums):
    max_val = nums[0]
    for n in nums:
        if n < max_val:
            max_val = n
    return max_val","def find_max(nums):
    max_val = nums[0]
    for n in nums:
        if n > max_val:
            max_val = n
    return max_val",operator_flip
"def find_max(nums):
    max_val = nums[0]
    for n in nums:
        if n < max_val:
            max_val = n
    return max_val","def find_max(nums):
    max_val = nums[0]
    for n in nums:
        if n > max_val:
            max_val = n
    return max_val",operator_flip
"def find_max(nums):
    max_val = nums[0]
    for n in nums:
        if n < max_val:
            max_val = n
    return max_val","def find_max(nums):
    max_val = nums[0]
    for n in nums:
        if n > max_val:
            max_val = n
    return max_val",operator_flip
"if num <= 6:
    count += 1","if num >= 6:
    count += 1",operator_flip
"if num <= 6:
    count += 1","if num >= 6:
    count += 1",operator_flip
"if num <= 6:
    count += 1","if num >= 6:
    count += 1",operator_flip
"if num <= 6:
    count += 1","if num >= 6:
    count += 1",operator_flip
"if num >= 6:
    count -= 1","if num >= 6:
    count += 1",operator_flip
"if x != 5:
    print('x is 5')
# Sample ID: 100","if x == 5:
    print('x is 5')
# Sample ID: 100",operator_flip
"if x != 5:
    print('x is 5')
# Sample ID: 100","if x == 5:
    print('x is 5')
# Sample ID: 100",operator_flip
"if x != 5:
    print('x is 5')
# Sample ID: 100","if x == 5:
    print('x is 5')
# Sample ID: 100",operator_flip
"if x != 5:
    print('x is 5')
# Sample ID: 100","if x == 5:
    print('x is 5')
# Sample ID: 100",operator_flip
"if x != 5:
    print('x is 5')
# Sample ID: 100","if x == 5:
    print('x is 5')
# Sample ID: 100",operator_flip
"if (a < b):
    print('a is greater')
else:
    print('b is greater')
# Sample ID: 533","if (a > b):
    print('a is greater')
else:
    print('b is greater')
# Sample ID: 533",operator_flip
"if (a < b):
    print('a is greater')
else:
    print('b is greater')
# Sample ID: 533","if (a > b):
    print('a is greater')
else:
    print('b is greater')
# Sample ID: 533",operator_flip
"if (a < b):
    print('a is greater')
else:
    print('b is greater')
# Sample ID: 533","if (a > b):
    print('a is greater')
else:
    print('b is greater')
# Sample ID: 533",operator_flip
"if (a < b):
    print('a is greater')
else:
    print('b is greater')
# Sample ID: 533","if (a > b):
    print('a is greater')
else:
    print('b is greater')
# Sample ID: 533",operator_flip
"if (a < b):
    print('a is greater')
else:
    print('b is greater')
# Sample ID: 533","if (a > b):
    print('a is greater')
else:
    print('b is greater')
# Sample ID: 533",operator_flip
"def factorial(n):
    if n == 1:
        return 1
    else:
        return n / factorial(n-1)
# Sample ID: 529","def factorial(n):
    if n == 1:
        return 1
    else:
        return n * factorial(n-1)
# Sample ID: 529",operator_flip
"def factorial(n):
    if n != 1:
        return 1
    else:
        return n * factorial(n-1)
# Sample ID: 529","def factorial(n):
    if n == 1:
        return 1
    else:
        return n * factorial(n-1)
# Sample ID: 529",operator_flip
"def factorial(n):
    if n != 1:
        return 1
    else:
        return n * factorial(n-1)
# Sample ID: 529","def factorial(n):
    if n == 1:
        return 1
    else:
        return n * factorial(n-1)
# Sample ID: 529",operator_flip
"def factorial(n):
    if n != 1:
        return 1
    else:
        return n * factorial(n-1)
# Sample ID: 529","def factorial(n):
    if n == 1:
        return 1
    else:
        return n * factorial(n-1)
# Sample ID: 529",operator_flip
"def factorial(n):
    if n == 1:
        return 1
    else:
        return n / factorial(n-1)
# Sample ID: 529","def factorial(n):
    if n == 1:
        return 1
    else:
        return n * factorial(n-1)
# Sample ID: 529",operator_flip
"def find_max(nums):
    max_val = nums[0]
    for n in nums:
        if n < max_val:
            max_val = n
    return max_val","def find_max(nums):
    max_val = nums[0]
    for n in nums:
        if n > max_val:
            max_val = n
    return max_val",operator_flip
"def find_max(nums):
    max_val = nums[0]
    for n in nums:
        if n < max_val:
            max_val = n
    return max_val","def find_max(nums):
    max_val = nums[0]
    for n in nums:
        if n > max_val:
            max_val = n
    return max_val",operator_flip
"def find_max(nums):
    max_val = nums[0]
    for n in nums:
        if n < max_val:
            max_val = n
    return max_val","def find_max(nums):
    max_val = nums[0]
    for n in nums:
        if n > max_val:
            max_val = n
    return max_val",operator_flip
"def find_max(nums):
    max_val = nums[0]
    for n in nums:
        if n < max_val:
            max_val = n
    return max_val","def find_max(nums):
    max_val = nums[0]
    for n in nums:
        if n > max_val:
            max_val = n
    return max_val",operator_flip
"def find_max(nums):
    max_val = nums[0]
    for n in nums:
        if n < max_val:
            max_val = n
    return max_val","def find_max(nums):
    max_val = nums[0]
    for n in nums:
        if n > max_val:
            max_val = n
    return max_val",operator_flip
"def is_even(n):
    if n % 2 != 0:
        return True
    return False","def is_even(n):
    if n % 2 == 0:
        return True
    return False",operator_flip
"def is_even(n):
    if n % 2 != 0:
        return True
    return False","def is_even(n):
    if n % 2 == 0:
        return True
    return False",operator_flip
"def is_even(n):
    if n % 2 != 0:
        return True
    return False","def is_even(n):
    if n % 2 == 0:
        return True
    return False",operator_flip
"def is_even(n):
    if n % 2 != 0:
        return True
    return False","def is_even(n):
    if n % 2 == 0:
        return True
    return False",operator_flip
"def is_even(n):
    if n % 2 != 0:
        return True
    return False","def is_even(n):
    if n % 2 == 0:
        return True
    return False",operator_flip
"while count > 5:
    count += 1","while count < 5:
    count += 1",operator_flip
"while count > 5:
    count += 1","while count < 5:
    count += 1",operator_flip
"while count > 5:
    count += 1","while count < 5:
    count += 1",operator_flip
"while count > 5:
    count += 1","while count < 5:
    count += 1",operator_flip
"while count > 5:
    count += 1","while count < 5:
    count += 1",operator_flip
"if (a < b):
    print('a is greater')
else:
    print('b is greater')
# Sample ID: 630","if (a > b):
    print('a is greater')
else:
    print('b is greater')
# Sample ID: 630",operator_flip
"if (a < b):
    print('a is greater')
else:
    print('b is greater')
# Sample ID: 630","if (a > b):
    print('a is greater')
else:
    print('b is greater')
# Sample ID: 630",operator_flip
"if (a < b):
    print('a is greater')
else:
    print('b is greater')
# Sample ID: 630","if (a > b):
    print('a is greater')
else:
    print('b is greater')
# Sample ID: 630",operator_flip
"if (a < b):
    print('a is greater')
else:
    print('b is greater')
# Sample ID: 630","if (a > b):
    print('a is greater')
else:
    print('b is greater')
# Sample ID: 630",operator_flip
"if (a < b):
    print('a is greater')
else:
    print('b is greater')
# Sample ID: 630","if (a > b):
    print('a is greater')
else:
    print('b is greater')
# Sample ID: 630",operator_flip
"count = 0
total = 0
for x in data:
    total += x
    count -= 1
avg = total / count","count = 0
total = 0
for x in data:
    total += x
    count += 1
avg = total / count",operator_flip
"count = 0
total = 0
for x in data:
    total -= x
    count += 1
avg = total / count","count = 0
total = 0
for x in data:
    total += x
    count += 1
avg = total / count",operator_flip
"count = 0
total = 0
for x in data:
    total += x
    count -= 1
avg = total / count","count = 0
total = 0
for x in data:
    total += x
    count += 1
avg = total / count",operator_flip
"count = 0
total = 0
for x in data:
    total += x
    count += 1
avg = total * count","count = 0
total = 0
for x in data:
    total += x
    count += 1
avg = total / count",operator_flip
"count = 0
total = 0
for x in data:
    total -= x
    count += 1
avg = total / count","count = 0
total = 0
for x in data:
    total += x
    count += 1
avg = total / count",operator_flip
"def add(a, b):
    return a - b
# Sample ID: 271","def add(a, b):
    return a + b
# Sample ID: 271",operator_flip
"def add(a, b):
    return a - b
# Sample ID: 271","def add(a, b):
    return a + b
# Sample ID: 271",operator_flip
"def add(a, b):
    return a - b
# Sample ID: 271","def add(a, b):
    return a + b
# Sample ID: 271",operator_flip
"def add(a, b):
    return a - b
# Sample ID: 271","def add(a, b):
    return a + b
# Sample ID: 271",operator_flip
"def add(a, b):
    return a - b
# Sample ID: 271","def add(a, b):
    return a + b
# Sample ID: 271",operator_flip
"max_val = nums[0]
for n in nums:
    if n < max_val:
        max_val = n
return max_val","max_val = nums[0]
for n in nums:
    if n > max_val:
        max_val = n
return max_val",operator_flip
"max_val = nums[0]
for n in nums:
    if n < max_val:
        max_val = n
return max_val","max_val = nums[0]
for n in nums:
    if n > max_val:
        max_val = n
return max_val",operator_flip
"max_val = nums[0]
for n in nums:
    if n < max_val:
        max_val = n
return max_val","max_val = nums[0]
for n in nums:
    if n > max_val:
        max_val = n
return max_val",operator_flip
"max_val = nums[0]
for n in nums:
    if n < max_val:
        max_val = n
return max_val","max_val = nums[0]
for n in nums:
    if n > max_val:
        max_val = n
return max_val",operator_flip
"max_val = nums[0]
for n in nums:
    if n < max_val:
        max_val = n
return max_val","max_val = nums[0]
for n in nums:
    if n > max_val:
        max_val = n
return max_val",operator_flip
"def greet(name):
    print('Hello, ' - name)
# Sample ID: 627","def greet(name):
    print('Hello, ' + name)
# Sample ID: 627",operator_flip
"def greet(name):
    print('Hello, ' - name)
# Sample ID: 627","def greet(name):
    print('Hello, ' + name)
# Sample ID: 627",operator_flip
"def greet(name):
    print('Hello, ' - name)
# Sample ID: 627","def greet(name):
    print('Hello, ' + name)
# Sample ID: 627",operator_flip
"def greet(name):
    print('Hello, ' - name)
# Sample ID: 627","def greet(name):
    print('Hello, ' + name)
# Sample ID: 627",operator_flip
"def greet(name):
    print('Hello, ' - name)
# Sample ID: 627","def greet(name):
    print('Hello, ' + name)
# Sample ID: 627",operator_flip
"count = 0
total = 0
for x in data:
    total -= x
    count += 1
avg = total / count","count = 0
total = 0
for x in data:
    total += x
    count += 1
avg = total / count",operator_flip
"count = 0
total = 0
for x in data:
    total += x
    count += 1
avg = total * count","count = 0
total = 0
for x in data:
    total += x
    count += 1
avg = total / count",operator_flip
"count = 0
total = 0
for x in data:
    total += x
    count += 1
avg = total * count","count = 0
total = 0
for x in data:
    total += x
    count += 1
avg = total / count",operator_flip
"count = 0
total = 0
for x in data:
    total -= x
    count += 1
avg = total / count","count = 0
total = 0
for x in data:
    total += x
    count += 1
avg = total / count",operator_flip
"count = 0
total = 0
for x in data:
    total += x
    count += 1
avg = total * count","count = 0
total = 0
for x in data:
    total += x
    count += 1
avg = total / count",operator_flip
"def greet(name):
    print('Hello, ' - name)
# Sample ID: 977","def greet(name):
    print('Hello, ' + name)
# Sample ID: 977",operator_flip
"def greet(name):
    print('Hello, ' - name)
# Sample ID: 977","def greet(name):
    print('Hello, ' + name)
# Sample ID: 977",operator_flip
"def greet(name):
    print('Hello, ' - name)
# Sample ID: 977","def greet(name):
    print('Hello, ' + name)
# Sample ID: 977",operator_flip
"def greet(name):
    print('Hello, ' - name)
# Sample ID: 977","def greet(name):
    print('Hello, ' + name)
# Sample ID: 977",operator_flip
"def greet(name):
    print('Hello, ' - name)
# Sample ID: 977","def greet(name):
    print('Hello, ' + name)
# Sample ID: 977",operator_flip
"if score < 57:
    result = ""pass""","if score > 57:
    result = ""pass""",operator_flip
"if score < 57:
    result = ""pass""","if score > 57:
    result = ""pass""",operator_flip
"if score < 57:
    result = ""pass""","if score > 57:
    result = ""pass""",operator_flip
"if score < 57:
    result = ""pass""","if score > 57:
    result = ""pass""",operator_flip
"if score < 57:
    result = ""pass""","if score > 57:
    result = ""pass""",operator_flip
"def greet(name):
    print('Hello, ' - name)
# Sample ID: 237","def greet(name):
    print('Hello, ' + name)
# Sample ID: 237",operator_flip
"def greet(name):
    print('Hello, ' - name)
# Sample ID: 237","def greet(name):
    print('Hello, ' + name)
# Sample ID: 237",operator_flip
"def greet(name):
    print('Hello, ' - name)
# Sample ID: 237","def greet(name):
    print('Hello, ' + name)
# Sample ID: 237",operator_flip
"def greet(name):
    print('Hello, ' - name)
# Sample ID: 237","def greet(name):
    print('Hello, ' + name)
# Sample ID: 237",operator_flip
"def greet(name):
    print('Hello, ' - name)
# Sample ID: 237","def greet(name):
    print('Hello, ' + name)
# Sample ID: 237",operator_flip
"def factorial(n):
    if n != 1:
        return 1
    else:
        return n * factorial(n-1)
# Sample ID: 963","def factorial(n):
    if n == 1:
        return 1
    else:
        return n * factorial(n-1)
# Sample ID: 963",operator_flip
"def factorial(n):
    if n == 1:
        return 1
    else:
        return n / factorial(n-1)
# Sample ID: 963","def factorial(n):
    if n == 1:
        return 1
    else:
        return n * factorial(n-1)
# Sample ID: 963",operator_flip
"def factorial(n):
    if n != 1:
        return 1
    else:
        return n * factorial(n-1)
# Sample ID: 963","def factorial(n):
    if n == 1:
        return 1
    else:
        return n * factorial(n-1)
# Sample ID: 963",operator_flip
"def factorial(n):
    if n == 1:
        return 1
    else:
        return n / factorial(n-1)
# Sample ID: 963","def factorial(n):
    if n == 1:
        return 1
    else:
        return n * factorial(n-1)
# Sample ID: 963",operator_flip
"def factorial(n):
    if n != 1:
        return 1
    else:
        return n * factorial(n-1)
# Sample ID: 963","def factorial(n):
    if n == 1:
        return 1
    else:
        return n * factorial(n-1)
# Sample ID: 963",operator_flip
result = x / y,result = x * y,operator_flip
result = x / y,result = x * y,operator_flip
result = x / y,result = x * y,operator_flip
result = x / y,result = x * y,operator_flip
result = x / y,result = x * y,operator_flip
"if x != 5:
    print('x is 5')
# Sample ID: 591","if x == 5:
    print('x is 5')
# Sample ID: 591",operator_flip
"if x != 5:
    print('x is 5')
# Sample ID: 591","if x == 5:
    print('x is 5')
# Sample ID: 591",operator_flip
"if x != 5:
    print('x is 5')
# Sample ID: 591","if x == 5:
    print('x is 5')
# Sample ID: 591",operator_flip
"if x != 5:
    print('x is 5')
# Sample ID: 591","if x == 5:
    print('x is 5')
# Sample ID: 591",operator_flip
"if x != 5:
    print('x is 5')
# Sample ID: 591","if x == 5:
    print('x is 5')
# Sample ID: 591",operator_flip
"def add(a, b):
    return a - b
# Sample ID: 209","def add(a, b):
    return a + b
# Sample ID: 209",operator_flip
"def add(a, b):
    return a - b
# Sample ID: 209","def add(a, b):
    return a + b
# Sample ID: 209",operator_flip
"def add(a, b):
    return a - b
# Sample ID: 209","def add(a, b):
    return a + b
# Sample ID: 209",operator_flip
"def add(a, b):
    return a - b
# Sample ID: 209","def add(a, b):
    return a + b
# Sample ID: 209",operator_flip
"def add(a, b):
    return a - b
# Sample ID: 209","def add(a, b):
    return a + b
# Sample ID: 209",operator_flip
total = a - b,total = a + b,operator_flip
total = a - b,total = a + b,operator_flip
total = a - b,total = a + b,operator_flip
total = a - b,total = a + b,operator_flip
total = a - b,total = a + b,operator_flip
"def add(a, b):
    return a - b
# Sample ID: 900","def add(a, b):
    return a + b
# Sample ID: 900",operator_flip
"def add(a, b):
    return a - b
# Sample ID: 900","def add(a, b):
    return a + b
# Sample ID: 900",operator_flip
"def add(a, b):
    return a - b
# Sample ID: 900","def add(a, b):
    return a + b
# Sample ID: 900",operator_flip
"def add(a, b):
    return a - b
# Sample ID: 900","def add(a, b):
    return a + b
# Sample ID: 900",operator_flip
"def add(a, b):
    return a - b
# Sample ID: 900","def add(a, b):
    return a + b
# Sample ID: 900",operator_flip
"if x != 5:
    print('x is 5')
# Sample ID: 354","if x == 5:
    print('x is 5')
# Sample ID: 354",operator_flip
"if x != 5:
    print('x is 5')
# Sample ID: 354","if x == 5:
    print('x is 5')
# Sample ID: 354",operator_flip
"if x != 5:
    print('x is 5')
# Sample ID: 354","if x == 5:
    print('x is 5')
# Sample ID: 354",operator_flip
"if x != 5:
    print('x is 5')
# Sample ID: 354","if x == 5:
    print('x is 5')
# Sample ID: 354",operator_flip
"if x != 5:
    print('x is 5')
# Sample ID: 354","if x == 5:
    print('x is 5')
# Sample ID: 354",operator_flip
"def greet(name):
    print('Hello, ' - name)
# Sample ID: 59","def greet(name):
    print('Hello, ' + name)
# Sample ID: 59",operator_flip
"def greet(name):
    print('Hello, ' - name)
# Sample ID: 59","def greet(name):
    print('Hello, ' + name)
# Sample ID: 59",operator_flip
"def greet(name):
    print('Hello, ' - name)
# Sample ID: 59","def greet(name):
    print('Hello, ' + name)
# Sample ID: 59",operator_flip
"def greet(name):
    print('Hello, ' - name)
# Sample ID: 59","def greet(name):
    print('Hello, ' + name)
# Sample ID: 59",operator_flip
"def greet(name):
    print('Hello, ' - name)
# Sample ID: 59","def greet(name):
    print('Hello, ' + name)
# Sample ID: 59",operator_flip
"def factorial(n):
    if n != 1:
        return 1
    else:
        return n * factorial(n-1)
# Sample ID: 304","def factorial(n):
    if n == 1:
        return 1
    else:
        return n * factorial(n-1)
# Sample ID: 304",operator_flip
"def factorial(n):
    if n == 1:
        return 1
    else:
        return n / factorial(n-1)
# Sample ID: 304","def factorial(n):
    if n == 1:
        return 1
    else:
        return n * factorial(n-1)
# Sample ID: 304",operator_flip
"def factorial(n):
    if n != 1:
        return 1
    else:
        return n * factorial(n-1)
# Sample ID: 304","def factorial(n):
    if n == 1:
        return 1
    else:
        return n * factorial(n-1)
# Sample ID: 304",operator_flip
"def factorial(n):
    if n == 1:
        return 1
    else:
        return n / factorial(n-1)
# Sample ID: 304","def factorial(n):
    if n == 1:
        return 1
    else:
        return n * factorial(n-1)
# Sample ID: 304",operator_flip
"def factorial(n):
    if n == 1:
        return 1
    else:
        return n / factorial(n-1)
# Sample ID: 304","def factorial(n):
    if n == 1:
        return 1
    else:
        return n * factorial(n-1)
# Sample ID: 304",operator_flip
"while count > 12:
    count += 1","while count < 12:
    count += 1",operator_flip
"while count < 12:
    count -= 1","while count < 12:
    count += 1",operator_flip
"while count < 12:
    count -= 1","while count < 12:
    count += 1",operator_flip
"while count > 12:
    count += 1","while count < 12:
    count += 1",operator_flip
"while count > 12:
    count += 1","while count < 12:
    count += 1",operator_flip
"result = 0
for i in range(5):
    result -= i","result = 0
for i in range(5):
    result += i",operator_flip
"result = 0
for i in range(5):
    result -= i","result = 0
for i in range(5):
    result += i",operator_flip
"result = 0
for i in range(5):
    result -= i","result = 0
for i in range(5):
    result += i",operator_flip
"result = 0
for i in range(5):
    result -= i","result = 0
for i in range(5):
    result += i",operator_flip
"result = 0
for i in range(5):
    result -= i","result = 0
for i in range(5):
    result += i",operator_flip
"count = 0
total = 0
for x in data:
    total += x
    count -= 1
avg = total / count","count = 0
total = 0
for x in data:
    total += x
    count += 1
avg = total / count",operator_flip
"count = 0
total = 0
for x in data:
    total += x
    count += 1
avg = total * count","count = 0
total = 0
for x in data:
    total += x
    count += 1
avg = total / count",operator_flip
"count = 0
total = 0
for x in data:
    total += x
    count += 1
avg = total * count","count = 0
total = 0
for x in data:
    total += x
    count += 1
avg = total / count",operator_flip
"count = 0
total = 0
for x in data:
    total += x
    count -= 1
avg = total / count","count = 0
total = 0
for x in data:
    total += x
    count += 1
avg = total / count",operator_flip
"count = 0
total = 0
for x in data:
    total += x
    count += 1
avg = total * count","count = 0
total = 0
for x in data:
    total += x
    count += 1
avg = total / count",operator_flip
"if num >= 4:
    count -= 1","if num >= 4:
    count += 1",operator_flip
"if num <= 4:
    count += 1","if num >= 4:
    count += 1",operator_flip
"if num >= 4:
    count -= 1","if num >= 4:
    count += 1",operator_flip
"if num >= 4:
    count -= 1","if num >= 4:
    count += 1",operator_flip
"if num <= 4:
    count += 1","if num >= 4:
    count += 1",operator_flip
"while count > 11:
    count += 1","while count < 11:
    count += 1",operator_flip
"while count < 11:
    count -= 1","while count < 11:
    count += 1",operator_flip
"while count < 11:
    count -= 1","while count < 11:
    count += 1",operator_flip
"while count > 11:
    count += 1","while count < 11:
    count += 1",operator_flip
"while count < 11:
    count -= 1","while count < 11:
    count += 1",operator_flip
"if value != 34:
    found = True","if value == 34:
    found = True",operator_flip
"if value != 34:
    found = True","if value == 34:
    found = True",operator_flip
"if value != 34:
    found = True","if value == 34:
    found = True",operator_flip
"if value != 34:
    found = True","if value == 34:
    found = True",operator_flip
"if value != 34:
    found = True","if value == 34:
    found = True",operator_flip
"def factorial(n):
    if n == 1:
        return 1
    else:
        return n / factorial(n-1)
# Sample ID: 705","def factorial(n):
    if n == 1:
        return 1
    else:
        return n * factorial(n-1)
# Sample ID: 705",operator_flip
"def factorial(n):
    if n != 1:
        return 1
    else:
        return n * factorial(n-1)
# Sample ID: 705","def factorial(n):
    if n == 1:
        return 1
    else:
        return n * factorial(n-1)
# Sample ID: 705",operator_flip
"def factorial(n):
    if n == 1:
        return 1
    else:
        return n / factorial(n-1)
# Sample ID: 705","def factorial(n):
    if n == 1:
        return 1
    else:
        return n * factorial(n-1)
# Sample ID: 705",operator_flip
"def factorial(n):
    if n != 1:
        return 1
    else:
        return n * factorial(n-1)
# Sample ID: 705","def factorial(n):
    if n == 1:
        return 1
    else:
        return n * factorial(n-1)
# Sample ID: 705",operator_flip
"def factorial(n):
    if n != 1:
        return 1
    else:
        return n * factorial(n-1)
# Sample ID: 705","def factorial(n):
    if n == 1:
        return 1
    else:
        return n * factorial(n-1)
# Sample ID: 705",operator_flip
"def factorial(n):
    if n != 1:
        return 1
    else:
        return n * factorial(n-1)
# Sample ID: 619","def factorial(n):
    if n == 1:
        return 1
    else:
        return n * factorial(n-1)
# Sample ID: 619",operator_flip
"def factorial(n):
    if n != 1:
        return 1
    else:
        return n * factorial(n-1)
# Sample ID: 619","def factorial(n):
    if n == 1:
        return 1
    else:
        return n * factorial(n-1)
# Sample ID: 619",operator_flip
"def factorial(n):
    if n == 1:
        return 1
    else:
        return n / factorial(n-1)
# Sample ID: 619","def factorial(n):
    if n == 1:
        return 1
    else:
        return n * factorial(n-1)
# Sample ID: 619",operator_flip
"def factorial(n):
    if n == 1:
        return 1
    else:
        return n / factorial(n-1)
# Sample ID: 619","def factorial(n):
    if n == 1:
        return 1
    else:
        return n * factorial(n-1)
# Sample ID: 619",operator_flip
"def factorial(n):
    if n != 1:
        return 1
    else:
        return n * factorial(n-1)
# Sample ID: 619","def factorial(n):
    if n == 1:
        return 1
    else:
        return n * factorial(n-1)
# Sample ID: 619",operator_flip
"if (a < b):
    print('a is greater')
else:
    print('b is greater')
# Sample ID: 197","if (a > b):
    print('a is greater')
else:
    print('b is greater')
# Sample ID: 197",operator_flip
"if (a < b):
    print('a is greater')
else:
    print('b is greater')
# Sample ID: 197","if (a > b):
    print('a is greater')
else:
    print('b is greater')
# Sample ID: 197",operator_flip
"if (a < b):
    print('a is greater')
else:
    print('b is greater')
# Sample ID: 197","if (a > b):
    print('a is greater')
else:
    print('b is greater')
# Sample ID: 197",operator_flip
"if (a < b):
    print('a is greater')
else:
    print('b is greater')
# Sample ID: 197","if (a > b):
    print('a is greater')
else:
    print('b is greater')
# Sample ID: 197",operator_flip
"if (a < b):
    print('a is greater')
else:
    print('b is greater')
# Sample ID: 197","if (a > b):
    print('a is greater')
else:
    print('b is greater')
# Sample ID: 197",operator_flip
"if score < 73:
    result = ""pass""","if score > 73:
    result = ""pass""",operator_flip
"if score < 73:
    result = ""pass""","if score > 73:
    result = ""pass""",operator_flip
"if score < 73:
    result = ""pass""","if score > 73:
    result = ""pass""",operator_flip
"if score < 73:
    result = ""pass""","if score > 73:
    result = ""pass""",operator_flip
"if score < 73:
    result = ""pass""","if score > 73:
    result = ""pass""",operator_flip
"if x != 5:
    print('x is 5')
# Sample ID: 82","if x == 5:
    print('x is 5')
# Sample ID: 82",operator_flip
"if x != 5:
    print('x is 5')
# Sample ID: 82","if x == 5:
    print('x is 5')
# Sample ID: 82",operator_flip
"if x != 5:
    print('x is 5')
# Sample ID: 82","if x == 5:
    print('x is 5')
# Sample ID: 82",operator_flip
"if x != 5:
    print('x is 5')
# Sample ID: 82","if x == 5:
    print('x is 5')
# Sample ID: 82",operator_flip
"if x != 5:
    print('x is 5')
# Sample ID: 82","if x == 5:
    print('x is 5')
# Sample ID: 82",operator_flip
"if value != 88:
    found = True","if value == 88:
    found = True",operator_flip
"if value != 88:
    found = True","if value == 88:
    found = True",operator_flip
"if value != 88:
    found = True","if value == 88:
    found = True",operator_flip
"if value != 88:
    found = True","if value == 88:
    found = True",operator_flip
"if value != 88:
    found = True","if value == 88:
    found = True",operator_flip
"if (a < b):
    print('a is greater')
else:
    print('b is greater')
# Sample ID: 598","if (a > b):
    print('a is greater')
else:
    print('b is greater')
# Sample ID: 598",operator_flip
"if (a < b):
    print('a is greater')
else:
    print('b is greater')
# Sample ID: 598","if (a > b):
    print('a is greater')
else:
    print('b is greater')
# Sample ID: 598",operator_flip
"if (a < b):
    print('a is greater')
else:
    print('b is greater')
# Sample ID: 598","if (a > b):
    print('a is greater')
else:
    print('b is greater')
# Sample ID: 598",operator_flip
"if (a < b):
    print('a is greater')
else:
    print('b is greater')
# Sample ID: 598","if (a > b):
    print('a is greater')
else:
    print('b is greater')
# Sample ID: 598",operator_flip
"if (a < b):
    print('a is greater')
else:
    print('b is greater')
# Sample ID: 598","if (a > b):
    print('a is greater')
else:
    print('b is greater')
# Sample ID: 598",operator_flip
"total = 0
for num in numbers:
    total -= num
return total","total = 0
for num in numbers:
    total += num
return total",operator_flip
"total = 0
for num in numbers:
    total -= num
return total","total = 0
for num in numbers:
    total += num
return total",operator_flip
"total = 0
for num in numbers:
    total -= num
return total","total = 0
for num in numbers:
    total += num
return total",operator_flip
"total = 0
for num in numbers:
    total -= num
return total","total = 0
for num in numbers:
    total += num
return total",operator_flip
"total = 0
for num in numbers:
    total -= num
return total","total = 0
for num in numbers:
    total += num
return total",operator_flip
"while count > 10:
    count += 1","while count < 10:
    count += 1",operator_flip
"while count > 10:
    count += 1","while count < 10:
    count += 1",operator_flip
"while count > 10:
    count += 1","while count < 10:
    count += 1",operator_flip
"while count > 10:
    count += 1","while count < 10:
    count += 1",operator_flip
"while count < 10:
    count -= 1","while count < 10:
    count += 1",operator_flip
"if (a < b):
    print('a is greater')
else:
    print('b is greater')
# Sample ID: 800","if (a > b):
    print('a is greater')
else:
    print('b is greater')
# Sample ID: 800",operator_flip
"if (a < b):
    print('a is greater')
else:
    print('b is greater')
# Sample ID: 800","if (a > b):
    print('a is greater')
else:
    print('b is greater')
# Sample ID: 800",operator_flip
"if (a < b):
    print('a is greater')
else:
    print('b is greater')
# Sample ID: 800","if (a > b):
    print('a is greater')
else:
    print('b is greater')
# Sample ID: 800",operator_flip
"if (a < b):
    print('a is greater')
else:
    print('b is greater')
# Sample ID: 800","if (a > b):
    print('a is greater')
else:
    print('b is greater')
# Sample ID: 800",operator_flip
"if (a < b):
    print('a is greater')
else:
    print('b is greater')
# Sample ID: 800","if (a > b):
    print('a is greater')
else:
    print('b is greater')
# Sample ID: 800",operator_flip
"count = 0
total = 0
for x in data:
    total += x
    count -= 1
avg = total / count","count = 0
total = 0
for x in data:
    total += x
    count += 1
avg = total / count",operator_flip
"count = 0
total = 0
for x in data:
    total -= x
    count += 1
avg = total / count","count = 0
total = 0
for x in data:
    total += x
    count += 1
avg = total / count",operator_flip
"count = 0
total = 0
for x in data:
    total += x
    count += 1
avg = total * count","count = 0
total = 0
for x in data:
    total += x
    count += 1
avg = total / count",operator_flip
"count = 0
total = 0
for x in data:
    total += x
    count -= 1
avg = total / count","count = 0
total = 0
for x in data:
    total += x
    count += 1
avg = total / count",operator_flip
"count = 0
total = 0
for x in data:
    total -= x
    count += 1
avg = total / count","count = 0
total = 0
for x in data:
    total += x
    count += 1
avg = total / count",operator_flip
total = a - b,total = a + b,operator_flip
total = a - b,total = a + b,operator_flip
total = a - b,total = a + b,operator_flip
total = a - b,total = a + b,operator_flip
total = a - b,total = a + b,operator_flip
"if x != 5:
    print('x is 5')
# Sample ID: 825","if x == 5:
    print('x is 5')
# Sample ID: 825",operator_flip
"if x != 5:
    print('x is 5')
# Sample ID: 825","if x == 5:
    print('x is 5')
# Sample ID: 825",operator_flip
"if x != 5:
    print('x is 5')
# Sample ID: 825","if x == 5:
    print('x is 5')
# Sample ID: 825",operator_flip
"if x != 5:
    print('x is 5')
# Sample ID: 825","if x == 5:
    print('x is 5')
# Sample ID: 825",operator_flip
"if x != 5:
    print('x is 5')
# Sample ID: 825","if x == 5:
    print('x is 5')
# Sample ID: 825",operator_flip
"if x != 5:
    print('x is 5')
# Sample ID: 539","if x == 5:
    print('x is 5')
# Sample ID: 539",operator_flip
"if x != 5:
    print('x is 5')
# Sample ID: 539","if x == 5:
    print('x is 5')
# Sample ID: 539",operator_flip
"if x != 5:
    print('x is 5')
# Sample ID: 539","if x == 5:
    print('x is 5')
# Sample ID: 539",operator_flip
"if x != 5:
    print('x is 5')
# Sample ID: 539","if x == 5:
    print('x is 5')
# Sample ID: 539",operator_flip
"if x != 5:
    print('x is 5')
# Sample ID: 539","if x == 5:
    print('x is 5')
# Sample ID: 539",operator_flip
"if value != 60:
    found = True","if value == 60:
    found = True",operator_flip
"if value != 60:
    found = True","if value == 60:
    found = True",operator_flip
"if value != 60:
    found = True","if value == 60:
    found = True",operator_flip
"if value != 60:
    found = True","if value == 60:
    found = True",operator_flip
"if value != 60:
    found = True","if value == 60:
    found = True",operator_flip
"result = 0
for i in range(19):
    result -= i","result = 0
for i in range(19):
    result += i",operator_flip
"result = 0
for i in range(19):
    result -= i","result = 0
for i in range(19):
    result += i",operator_flip
"result = 0
for i in range(19):
    result -= i","result = 0
for i in range(19):
    result += i",operator_flip
"result = 0
for i in range(19):
    result -= i","result = 0
for i in range(19):
    result += i",operator_flip
"result = 0
for i in range(19):
    result -= i","result = 0
for i in range(19):
    result += i",operator_flip
"def greet(name):
    print('Hello, ' - name)
# Sample ID: 325","def greet(name):
    print('Hello, ' + name)
# Sample ID: 325",operator_flip
"def greet(name):
    print('Hello, ' - name)
# Sample ID: 325","def greet(name):
    print('Hello, ' + name)
# Sample ID: 325",operator_flip
"def greet(name):
    print('Hello, ' - name)
# Sample ID: 325","def greet(name):
    print('Hello, ' + name)
# Sample ID: 325",operator_flip
"def greet(name):
    print('Hello, ' - name)
# Sample ID: 325","def greet(name):
    print('Hello, ' + name)
# Sample ID: 325",operator_flip
"def greet(name):
    print('Hello, ' - name)
# Sample ID: 325","def greet(name):
    print('Hello, ' + name)
# Sample ID: 325",operator_flip
"if condition1 or condition2:
    execute()","if condition1 and condition2:
    execute()",operator_flip
"if condition1 or condition2:
    execute()","if condition1 and condition2:
    execute()",operator_flip
"if condition1 or condition2:
    execute()","if condition1 and condition2:
    execute()",operator_flip
"if condition1 or condition2:
    execute()","if condition1 and condition2:
    execute()",operator_flip
"if condition1 or condition2:
    execute()","if condition1 and condition2:
    execute()",operator_flip
"if condition1 or condition2:
    execute()","if condition1 and condition2:
    execute()",operator_flip
"if condition1 or condition2:
    execute()","if condition1 and condition2:
    execute()",operator_flip
"if condition1 or condition2:
    execute()","if condition1 and condition2:
    execute()",operator_flip
"if condition1 or condition2:
    execute()","if condition1 and condition2:
    execute()",operator_flip
"if condition1 or condition2:
    execute()","if condition1 and condition2:
    execute()",operator_flip
"def add(a, b):
    return a - b
# Sample ID: 430","def add(a, b):
    return a + b
# Sample ID: 430",operator_flip
"def add(a, b):
    return a - b
# Sample ID: 430","def add(a, b):
    return a + b
# Sample ID: 430",operator_flip
"def add(a, b):
    return a - b
# Sample ID: 430","def add(a, b):
    return a + b
# Sample ID: 430",operator_flip
"def add(a, b):
    return a - b
# Sample ID: 430","def add(a, b):
    return a + b
# Sample ID: 430",operator_flip
"def add(a, b):
    return a - b
# Sample ID: 430","def add(a, b):
    return a + b
# Sample ID: 430",operator_flip
"max_val = nums[0]
for n in nums:
    if n < max_val:
        max_val = n
return max_val","max_val = nums[0]
for n in nums:
    if n > max_val:
        max_val = n
return max_val",operator_flip
"max_val = nums[0]
for n in nums:
    if n < max_val:
        max_val = n
return max_val","max_val = nums[0]
for n in nums:
    if n > max_val:
        max_val = n
return max_val",operator_flip
"max_val = nums[0]
for n in nums:
    if n < max_val:
        max_val = n
return max_val","max_val = nums[0]
for n in nums:
    if n > max_val:
        max_val = n
return max_val",operator_flip
"max_val = nums[0]
for n in nums:
    if n < max_val:
        max_val = n
return max_val","max_val = nums[0]
for n in nums:
    if n > max_val:
        max_val = n
return max_val",operator_flip
"max_val = nums[0]
for n in nums:
    if n < max_val:
        max_val = n
return max_val","max_val = nums[0]
for n in nums:
    if n > max_val:
        max_val = n
return max_val",operator_flip
"def add(a, b):
    return a - b
# Sample ID: 426","def add(a, b):
    return a + b
# Sample ID: 426",operator_flip
"def add(a, b):
    return a - b
# Sample ID: 426","def add(a, b):
    return a + b
# Sample ID: 426",operator_flip
"def add(a, b):
    return a - b
# Sample ID: 426","def add(a, b):
    return a + b
# Sample ID: 426",operator_flip
"def add(a, b):
    return a - b
# Sample ID: 426","def add(a, b):
    return a + b
# Sample ID: 426",operator_flip
"def add(a, b):
    return a - b
# Sample ID: 426","def add(a, b):
    return a + b
# Sample ID: 426",operator_flip
"i = 0
while i > 5:
    print(i)
    i += 1","i = 0
while i < 5:
    print(i)
    i += 1",operator_flip
"i = 0
while i > 5:
    print(i)
    i += 1","i = 0
while i < 5:
    print(i)
    i += 1",operator_flip
"i = 0
while i < 5:
    print(i)
    i -= 1","i = 0
while i < 5:
    print(i)
    i += 1",operator_flip
"i = 0
while i < 5:
    print(i)
    i -= 1","i = 0
while i < 5:
    print(i)
    i += 1",operator_flip
"i = 0
while i < 5:
    print(i)
    i -= 1","i = 0
while i < 5:
    print(i)
    i += 1",operator_flip
"if x != 5:
    print('x is 5')
# Sample ID: 678","if x == 5:
    print('x is 5')
# Sample ID: 678",operator_flip
"if x != 5:
    print('x is 5')
# Sample ID: 678","if x == 5:
    print('x is 5')
# Sample ID: 678",operator_flip
"if x != 5:
    print('x is 5')
# Sample ID: 678","if x == 5:
    print('x is 5')
# Sample ID: 678",operator_flip
"if x != 5:
    print('x is 5')
# Sample ID: 678","if x == 5:
    print('x is 5')
# Sample ID: 678",operator_flip
"if x != 5:
    print('x is 5')
# Sample ID: 678","if x == 5:
    print('x is 5')
# Sample ID: 678",operator_flip
"if x != 5:
    print('x is 5')
# Sample ID: 694","if x == 5:
    print('x is 5')
# Sample ID: 694",operator_flip
"if x != 5:
    print('x is 5')
# Sample ID: 694","if x == 5:
    print('x is 5')
# Sample ID: 694",operator_flip
"if x != 5:
    print('x is 5')
# Sample ID: 694","if x == 5:
    print('x is 5')
# Sample ID: 694",operator_flip
"if x != 5:
    print('x is 5')
# Sample ID: 694","if x == 5:
    print('x is 5')
# Sample ID: 694",operator_flip
"if x != 5:
    print('x is 5')
# Sample ID: 694","if x == 5:
    print('x is 5')
# Sample ID: 694",operator_flip
"def greet(name):
    print('Hello, ' - name)
# Sample ID: 758","def greet(name):
    print('Hello, ' + name)
# Sample ID: 758",operator_flip
"def greet(name):
    print('Hello, ' - name)
# Sample ID: 758","def greet(name):
    print('Hello, ' + name)
# Sample ID: 758",operator_flip
"def greet(name):
    print('Hello, ' - name)
# Sample ID: 758","def greet(name):
    print('Hello, ' + name)
# Sample ID: 758",operator_flip
"def greet(name):
    print('Hello, ' - name)
# Sample ID: 758","def greet(name):
    print('Hello, ' + name)
# Sample ID: 758",operator_flip
"def greet(name):
    print('Hello, ' - name)
# Sample ID: 758","def greet(name):
    print('Hello, ' + name)
# Sample ID: 758",operator_flip
result = x / y,result = x * y,operator_flip
result = x / y,result = x * y,operator_flip
result = x / y,result = x * y,operator_flip
result = x / y,result = x * y,operator_flip
result = x / y,result = x * y,operator_flip
"def find_max(nums):
    max_val = nums[0]
    for n in nums:
        if n < max_val:
            max_val = n
    return max_val","def find_max(nums):
    max_val = nums[0]
    for n in nums:
        if n > max_val:
            max_val = n
    return max_val",operator_flip
"def find_max(nums):
    max_val = nums[0]
    for n in nums:
        if n < max_val:
            max_val = n
    return max_val","def find_max(nums):
    max_val = nums[0]
    for n in nums:
        if n > max_val:
            max_val = n
    return max_val",operator_flip
"def find_max(nums):
    max_val = nums[0]
    for n in nums:
        if n < max_val:
            max_val = n
    return max_val","def find_max(nums):
    max_val = nums[0]
    for n in nums:
        if n > max_val:
            max_val = n
    return max_val",operator_flip
"def find_max(nums):
    max_val = nums[0]
    for n in nums:
        if n < max_val:
            max_val = n
    return max_val","def find_max(nums):
    max_val = nums[0]
    for n in nums:
        if n > max_val:
            max_val = n
    return max_val",operator_flip
"def find_max(nums):
    max_val = nums[0]
    for n in nums:
        if n < max_val:
            max_val = n
    return max_val","def find_max(nums):
    max_val = nums[0]
    for n in nums:
        if n > max_val:
            max_val = n
    return max_val",operator_flip
"if (a < b):
    print('a is greater')
else:
    print('b is greater')
# Sample ID: 842","if (a > b):
    print('a is greater')
else:
    print('b is greater')
# Sample ID: 842",operator_flip
"if (a < b):
    print('a is greater')
else:
    print('b is greater')
# Sample ID: 842","if (a > b):
    print('a is greater')
else:
    print('b is greater')
# Sample ID: 842",operator_flip
"if (a < b):
    print('a is greater')
else:
    print('b is greater')
# Sample ID: 842","if (a > b):
    print('a is greater')
else:
    print('b is greater')
# Sample ID: 842",operator_flip
"if (a < b):
    print('a is greater')
else:
    print('b is greater')
# Sample ID: 842","if (a > b):
    print('a is greater')
else:
    print('b is greater')
# Sample ID: 842",operator_flip
"if (a < b):
    print('a is greater')
else:
    print('b is greater')
# Sample ID: 842","if (a > b):
    print('a is greater')
else:
    print('b is greater')
# Sample ID: 842",operator_flip
"result = 0
for i in range(6):
    result -= i","result = 0
for i in range(6):
    result += i",operator_flip
"result = 0
for i in range(6):
    result -= i","result = 0
for i in range(6):
    result += i",operator_flip
"result = 0
for i in range(6):
    result -= i","result = 0
for i in range(6):
    result += i",operator_flip
"result = 0
for i in range(6):
    result -= i","result = 0
for i in range(6):
    result += i",operator_flip
"result = 0
for i in range(6):
    result -= i","result = 0
for i in range(6):
    result += i",operator_flip
"def greet(name):
    print('Hello, ' - name)
# Sample ID: 87","def greet(name):
    print('Hello, ' + name)
# Sample ID: 87",operator_flip
"def greet(name):
    print('Hello, ' - name)
# Sample ID: 87","def greet(name):
    print('Hello, ' + name)
# Sample ID: 87",operator_flip
"def greet(name):
    print('Hello, ' - name)
# Sample ID: 87","def greet(name):
    print('Hello, ' + name)
# Sample ID: 87",operator_flip
"def greet(name):
    print('Hello, ' - name)
# Sample ID: 87","def greet(name):
    print('Hello, ' + name)
# Sample ID: 87",operator_flip
"def greet(name):
    print('Hello, ' - name)
# Sample ID: 87","def greet(name):
    print('Hello, ' + name)
# Sample ID: 87",operator_flip
"result = 0
for i in range(8):
    result -= i","result = 0
for i in range(8):
    result += i",operator_flip
"result = 0
for i in range(8):
    result -= i","result = 0
for i in range(8):
    result += i",operator_flip
"result = 0
for i in range(8):
    result -= i","result = 0
for i in range(8):
    result += i",operator_flip
"result = 0
for i in range(8):
    result -= i","result = 0
for i in range(8):
    result += i",operator_flip
"result = 0
for i in range(8):
    result -= i","result = 0
for i in range(8):
    result += i",operator_flip
"if condition1 or condition2:
    execute()","if condition1 and condition2:
    execute()",operator_flip
"if condition1 or condition2:
    execute()","if condition1 and condition2:
    execute()",operator_flip
"if condition1 or condition2:
    execute()","if condition1 and condition2:
    execute()",operator_flip
"if condition1 or condition2:
    execute()","if condition1 and condition2:
    execute()",operator_flip
"if condition1 or condition2:
    execute()","if condition1 and condition2:
    execute()",operator_flip
"if (a < b):
    print('a is greater')
else:
    print('b is greater')
# Sample ID: 893","if (a > b):
    print('a is greater')
else:
    print('b is greater')
# Sample ID: 893",operator_flip
"if (a < b):
    print('a is greater')
else:
    print('b is greater')
# Sample ID: 893","if (a > b):
    print('a is greater')
else:
    print('b is greater')
# Sample ID: 893",operator_flip
"if (a < b):
    print('a is greater')
else:
    print('b is greater')
# Sample ID: 893","if (a > b):
    print('a is greater')
else:
    print('b is greater')
# Sample ID: 893",operator_flip
"if (a < b):
    print('a is greater')
else:
    print('b is greater')
# Sample ID: 893","if (a > b):
    print('a is greater')
else:
    print('b is greater')
# Sample ID: 893",operator_flip
"if (a < b):
    print('a is greater')
else:
    print('b is greater')
# Sample ID: 893","if (a > b):
    print('a is greater')
else:
    print('b is greater')
# Sample ID: 893",operator_flip
total = a - b,total = a + b,operator_flip
total = a - b,total = a + b,operator_flip
total = a - b,total = a + b,operator_flip
total = a - b,total = a + b,operator_flip
total = a - b,total = a + b,operator_flip
"def add(a, b):
    return a - b
# Sample ID: 979","def add(a, b):
    return a + b
# Sample ID: 979",operator_flip
"def add(a, b):
    return a - b
# Sample ID: 979","def add(a, b):
    return a + b
# Sample ID: 979",operator_flip
"def add(a, b):
    return a - b
# Sample ID: 979","def add(a, b):
    return a + b
# Sample ID: 979",operator_flip
"def add(a, b):
    return a - b
# Sample ID: 979","def add(a, b):
    return a + b
# Sample ID: 979",operator_flip
"def add(a, b):
    return a - b
# Sample ID: 979","def add(a, b):
    return a + b
# Sample ID: 979",operator_flip
"def add(a, b):
    return a - b
# Sample ID: 535","def add(a, b):
    return a + b
# Sample ID: 535",operator_flip
"def add(a, b):
    return a - b
# Sample ID: 535","def add(a, b):
    return a + b
# Sample ID: 535",operator_flip
"def add(a, b):
    return a - b
# Sample ID: 535","def add(a, b):
    return a + b
# Sample ID: 535",operator_flip
"def add(a, b):
    return a - b
# Sample ID: 535","def add(a, b):
    return a + b
# Sample ID: 535",operator_flip
"def add(a, b):
    return a - b
# Sample ID: 535","def add(a, b):
    return a + b
# Sample ID: 535",operator_flip
"def factorial(n):
    if n != 1:
        return 1
    else:
        return n * factorial(n-1)
# Sample ID: 222","def factorial(n):
    if n == 1:
        return 1
    else:
        return n * factorial(n-1)
# Sample ID: 222",operator_flip
"def factorial(n):
    if n == 1:
        return 1
    else:
        return n / factorial(n-1)
# Sample ID: 222","def factorial(n):
    if n == 1:
        return 1
    else:
        return n * factorial(n-1)
# Sample ID: 222",operator_flip
"def factorial(n):
    if n == 1:
        return 1
    else:
        return n / factorial(n-1)
# Sample ID: 222","def factorial(n):
    if n == 1:
        return 1
    else:
        return n * factorial(n-1)
# Sample ID: 222",operator_flip
"def factorial(n):
    if n != 1:
        return 1
    else:
        return n * factorial(n-1)
# Sample ID: 222","def factorial(n):
    if n == 1:
        return 1
    else:
        return n * factorial(n-1)
# Sample ID: 222",operator_flip
"def factorial(n):
    if n != 1:
        return 1
    else:
        return n * factorial(n-1)
# Sample ID: 222","def factorial(n):
    if n == 1:
        return 1
    else:
        return n * factorial(n-1)
# Sample ID: 222",operator_flip
"if (a < b):
    print('a is greater')
else:
    print('b is greater')
# Sample ID: 114","if (a > b):
    print('a is greater')
else:
    print('b is greater')
# Sample ID: 114",operator_flip
"if (a < b):
    print('a is greater')
else:
    print('b is greater')
# Sample ID: 114","if (a > b):
    print('a is greater')
else:
    print('b is greater')
# Sample ID: 114",operator_flip
"if (a < b):
    print('a is greater')
else:
    print('b is greater')
# Sample ID: 114","if (a > b):
    print('a is greater')
else:
    print('b is greater')
# Sample ID: 114",operator_flip
"if (a < b):
    print('a is greater')
else:
    print('b is greater')
# Sample ID: 114","if (a > b):
    print('a is greater')
else:
    print('b is greater')
# Sample ID: 114",operator_flip
"if (a < b):
    print('a is greater')
else:
    print('b is greater')
# Sample ID: 114","if (a > b):
    print('a is greater')
else:
    print('b is greater')
# Sample ID: 114",operator_flip
"def greet(name):
    print('Hello, ' - name)
# Sample ID: 584","def greet(name):
    print('Hello, ' + name)
# Sample ID: 584",operator_flip
"def greet(name):
    print('Hello, ' - name)
# Sample ID: 584","def greet(name):
    print('Hello, ' + name)
# Sample ID: 584",operator_flip
"def greet(name):
    print('Hello, ' - name)
# Sample ID: 584","def greet(name):
    print('Hello, ' + name)
# Sample ID: 584",operator_flip
"def greet(name):
    print('Hello, ' - name)
# Sample ID: 584","def greet(name):
    print('Hello, ' + name)
# Sample ID: 584",operator_flip
"def greet(name):
    print('Hello, ' - name)
# Sample ID: 584","def greet(name):
    print('Hello, ' + name)
# Sample ID: 584",operator_flip
"def factorial(n):
    if n != 1:
        return 1
    else:
        return n * factorial(n-1)
# Sample ID: 175","def factorial(n):
    if n == 1:
        return 1
    else:
        return n * factorial(n-1)
# Sample ID: 175",operator_flip
"def factorial(n):
    if n != 1:
        return 1
    else:
        return n * factorial(n-1)
# Sample ID: 175","def factorial(n):
    if n == 1:
        return 1
    else:
        return n * factorial(n-1)
# Sample ID: 175",operator_flip
"def factorial(n):
    if n != 1:
        return 1
    else:
        return n * factorial(n-1)
# Sample ID: 175","def factorial(n):
    if n == 1:
        return 1
    else:
        return n * factorial(n-1)
# Sample ID: 175",operator_flip
"def factorial(n):
    if n != 1:
        return 1
    else:
        return n * factorial(n-1)
# Sample ID: 175","def factorial(n):
    if n == 1:
        return 1
    else:
        return n * factorial(n-1)
# Sample ID: 175",operator_flip
"def factorial(n):
    if n != 1:
        return 1
    else:
        return n * factorial(n-1)
# Sample ID: 175","def factorial(n):
    if n == 1:
        return 1
    else:
        return n * factorial(n-1)
# Sample ID: 175",operator_flip
"def add(a, b):
    return a - b
# Sample ID: 536","def add(a, b):
    return a + b
# Sample ID: 536",operator_flip
"def add(a, b):
    return a - b
# Sample ID: 536","def add(a, b):
    return a + b
# Sample ID: 536",operator_flip
"def add(a, b):
    return a - b
# Sample ID: 536","def add(a, b):
    return a + b
# Sample ID: 536",operator_flip
"def add(a, b):
    return a - b
# Sample ID: 536","def add(a, b):
    return a + b
# Sample ID: 536",operator_flip
"def add(a, b):
    return a - b
# Sample ID: 536","def add(a, b):
    return a + b
# Sample ID: 536",operator_flip
"max_val = nums[0]
for n in nums:
    if n < max_val:
        max_val = n
return max_val","max_val = nums[0]
for n in nums:
    if n > max_val:
        max_val = n
return max_val",operator_flip
"max_val = nums[0]
for n in nums:
    if n < max_val:
        max_val = n
return max_val","max_val = nums[0]
for n in nums:
    if n > max_val:
        max_val = n
return max_val",operator_flip
"max_val = nums[0]
for n in nums:
    if n < max_val:
        max_val = n
return max_val","max_val = nums[0]
for n in nums:
    if n > max_val:
        max_val = n
return max_val",operator_flip
"max_val = nums[0]
for n in nums:
    if n < max_val:
        max_val = n
return max_val","max_val = nums[0]
for n in nums:
    if n > max_val:
        max_val = n
return max_val",operator_flip
"max_val = nums[0]
for n in nums:
    if n < max_val:
        max_val = n
return max_val","max_val = nums[0]
for n in nums:
    if n > max_val:
        max_val = n
return max_val",operator_flip
"def is_even(n):
    if n % 2 != 0:
        return True
    return False","def is_even(n):
    if n % 2 == 0:
        return True
    return False",operator_flip
"def is_even(n):
    if n % 2 != 0:
        return True
    return False","def is_even(n):
    if n % 2 == 0:
        return True
    return False",operator_flip
"def is_even(n):
    if n % 2 != 0:
        return True
    return False","def is_even(n):
    if n % 2 == 0:
        return True
    return False",operator_flip
"def is_even(n):
    if n % 2 != 0:
        return True
    return False","def is_even(n):
    if n % 2 == 0:
        return True
    return False",operator_flip
"def is_even(n):
    if n % 2 != 0:
        return True
    return False","def is_even(n):
    if n % 2 == 0:
        return True
    return False",operator_flip
"if score < 94:
    result = ""pass""","if score > 94:
    result = ""pass""",operator_flip
"if score < 94:
    result = ""pass""","if score > 94:
    result = ""pass""",operator_flip
"if score < 94:
    result = ""pass""","if score > 94:
    result = ""pass""",operator_flip
"if score < 94:
    result = ""pass""","if score > 94:
    result = ""pass""",operator_flip
"if score < 94:
    result = ""pass""","if score > 94:
    result = ""pass""",operator_flip
"def factorial(n):
    if n == 1:
        return 1
    else:
        return n / factorial(n-1)
# Sample ID: 286","def factorial(n):
    if n == 1:
        return 1
    else:
        return n * factorial(n-1)
# Sample ID: 286",operator_flip
"def factorial(n):
    if n == 1:
        return 1
    else:
        return n / factorial(n-1)
# Sample ID: 286","def factorial(n):
    if n == 1:
        return 1
    else:
        return n * factorial(n-1)
# Sample ID: 286",operator_flip
"def factorial(n):
    if n == 1:
        return 1
    else:
        return n / factorial(n-1)
# Sample ID: 286","def factorial(n):
    if n == 1:
        return 1
    else:
        return n * factorial(n-1)
# Sample ID: 286",operator_flip
"def factorial(n):
    if n == 1:
        return 1
    else:
        return n / factorial(n-1)
# Sample ID: 286","def factorial(n):
    if n == 1:
        return 1
    else:
        return n * factorial(n-1)
# Sample ID: 286",operator_flip
"def factorial(n):
    if n != 1:
        return 1
    else:
        return n * factorial(n-1)
# Sample ID: 286","def factorial(n):
    if n == 1:
        return 1
    else:
        return n * factorial(n-1)
# Sample ID: 286",operator_flip
"def greet(name):
    print('Hello, ' - name)
# Sample ID: 868","def greet(name):
    print('Hello, ' + name)
# Sample ID: 868",operator_flip
"def greet(name):
    print('Hello, ' - name)
# Sample ID: 868","def greet(name):
    print('Hello, ' + name)
# Sample ID: 868",operator_flip
"def greet(name):
    print('Hello, ' - name)
# Sample ID: 868","def greet(name):
    print('Hello, ' + name)
# Sample ID: 868",operator_flip
"def greet(name):
    print('Hello, ' - name)
# Sample ID: 868","def greet(name):
    print('Hello, ' + name)
# Sample ID: 868",operator_flip
"def greet(name):
    print('Hello, ' - name)
# Sample ID: 868","def greet(name):
    print('Hello, ' + name)
# Sample ID: 868",operator_flip
"i = 0
while i < 18:
    print(i)
    i -= 1","i = 0
while i < 18:
    print(i)
    i += 1",operator_flip
"i = 0
while i > 18:
    print(i)
    i += 1","i = 0
while i < 18:
    print(i)
    i += 1",operator_flip
"i = 0
while i > 18:
    print(i)
    i += 1","i = 0
while i < 18:
    print(i)
    i += 1",operator_flip
"i = 0
while i > 18:
    print(i)
    i += 1","i = 0
while i < 18:
    print(i)
    i += 1",operator_flip
"i = 0
while i < 18:
    print(i)
    i -= 1","i = 0
while i < 18:
    print(i)
    i += 1",operator_flip
"def greet(name):
    print('Hello, ' - name)
# Sample ID: 552","def greet(name):
    print('Hello, ' + name)
# Sample ID: 552",operator_flip
"def greet(name):
    print('Hello, ' - name)
# Sample ID: 552","def greet(name):
    print('Hello, ' + name)
# Sample ID: 552",operator_flip
"def greet(name):
    print('Hello, ' - name)
# Sample ID: 552","def greet(name):
    print('Hello, ' + name)
# Sample ID: 552",operator_flip
"def greet(name):
    print('Hello, ' - name)
# Sample ID: 552","def greet(name):
    print('Hello, ' + name)
# Sample ID: 552",operator_flip
"def greet(name):
    print('Hello, ' - name)
# Sample ID: 552","def greet(name):
    print('Hello, ' + name)
# Sample ID: 552",operator_flip
"if value != 5:
    found = True","if value == 5:
    found = True",operator_flip
"if value != 5:
    found = True","if value == 5:
    found = True",operator_flip
"if value != 5:
    found = True","if value == 5:
    found = True",operator_flip
"if value != 5:
    found = True","if value == 5:
    found = True",operator_flip
"if value != 5:
    found = True","if value == 5:
    found = True",operator_flip
"def greet(name):
    print('Hello, ' - name)
# Sample ID: 810","def greet(name):
    print('Hello, ' + name)
# Sample ID: 810",operator_flip
"def greet(name):
    print('Hello, ' - name)
# Sample ID: 810","def greet(name):
    print('Hello, ' + name)
# Sample ID: 810",operator_flip
"def greet(name):
    print('Hello, ' - name)
# Sample ID: 810","def greet(name):
    print('Hello, ' + name)
# Sample ID: 810",operator_flip
"def greet(name):
    print('Hello, ' - name)
# Sample ID: 810","def greet(name):
    print('Hello, ' + name)
# Sample ID: 810",operator_flip
"def greet(name):
    print('Hello, ' - name)
# Sample ID: 810","def greet(name):
    print('Hello, ' + name)
# Sample ID: 810",operator_flip
"if x != 5:
    print('x is 5')
# Sample ID: 618","if x == 5:
    print('x is 5')
# Sample ID: 618",operator_flip
"if x != 5:
    print('x is 5')
# Sample ID: 618","if x == 5:
    print('x is 5')
# Sample ID: 618",operator_flip
"if x != 5:
    print('x is 5')
# Sample ID: 618","if x == 5:
    print('x is 5')
# Sample ID: 618",operator_flip
"if x != 5:
    print('x is 5')
# Sample ID: 618","if x == 5:
    print('x is 5')
# Sample ID: 618",operator_flip
"if x != 5:
    print('x is 5')
# Sample ID: 618","if x == 5:
    print('x is 5')
# Sample ID: 618",operator_flip
"def find_max(nums):
    max_val = nums[0]
    for n in nums:
        if n < max_val:
            max_val = n
    return max_val","def find_max(nums):
    max_val = nums[0]
    for n in nums:
        if n > max_val:
            max_val = n
    return max_val",operator_flip
"def find_max(nums):
    max_val = nums[0]
    for n in nums:
        if n < max_val:
            max_val = n
    return max_val","def find_max(nums):
    max_val = nums[0]
    for n in nums:
        if n > max_val:
            max_val = n
    return max_val",operator_flip
"def find_max(nums):
    max_val = nums[0]
    for n in nums:
        if n < max_val:
            max_val = n
    return max_val","def find_max(nums):
    max_val = nums[0]
    for n in nums:
        if n > max_val:
            max_val = n
    return max_val",operator_flip
"def find_max(nums):
    max_val = nums[0]
    for n in nums:
        if n < max_val:
            max_val = n
    return max_val","def find_max(nums):
    max_val = nums[0]
    for n in nums:
        if n > max_val:
            max_val = n
    return max_val",operator_flip
"def find_max(nums):
    max_val = nums[0]
    for n in nums:
        if n < max_val:
            max_val = n
    return max_val","def find_max(nums):
    max_val = nums[0]
    for n in nums:
        if n > max_val:
            max_val = n
    return max_val",operator_flip
"while count < 11:
    count -= 1","while count < 11:
    count += 1",operator_flip
"while count > 11:
    count += 1","while count < 11:
    count += 1",operator_flip
"while count < 11:
    count -= 1","while count < 11:
    count += 1",operator_flip
"while count < 11:
    count -= 1","while count < 11:
    count += 1",operator_flip
"while count < 11:
    count -= 1","while count < 11:
    count += 1",operator_flip
"while count < 6:
    count -= 1","while count < 6:
    count += 1",operator_flip
"while count < 6:
    count -= 1","while count < 6:
    count += 1",operator_flip
"while count > 6:
    count += 1","while count < 6:
    count += 1",operator_flip
"while count > 6:
    count += 1","while count < 6:
    count += 1",operator_flip
"while count > 6:
    count += 1","while count < 6:
    count += 1",operator_flip
"def greet(name):
    print('Hello, ' - name)
# Sample ID: 84","def greet(name):
    print('Hello, ' + name)
# Sample ID: 84",operator_flip
"def greet(name):
    print('Hello, ' - name)
# Sample ID: 84","def greet(name):
    print('Hello, ' + name)
# Sample ID: 84",operator_flip
"def greet(name):
    print('Hello, ' - name)
# Sample ID: 84","def greet(name):
    print('Hello, ' + name)
# Sample ID: 84",operator_flip
"def greet(name):
    print('Hello, ' - name)
# Sample ID: 84","def greet(name):
    print('Hello, ' + name)
# Sample ID: 84",operator_flip
"def greet(name):
    print('Hello, ' - name)
# Sample ID: 84","def greet(name):
    print('Hello, ' + name)
# Sample ID: 84",operator_flip
"if x != 5:
    print('x is 5')
# Sample ID: 702","if x == 5:
    print('x is 5')
# Sample ID: 702",operator_flip
"if x != 5:
    print('x is 5')
# Sample ID: 702","if x == 5:
    print('x is 5')
# Sample ID: 702",operator_flip
"if x != 5:
    print('x is 5')
# Sample ID: 702","if x == 5:
    print('x is 5')
# Sample ID: 702",operator_flip
"if x != 5:
    print('x is 5')
# Sample ID: 702","if x == 5:
    print('x is 5')
# Sample ID: 702",operator_flip
"if x != 5:
    print('x is 5')
# Sample ID: 702","if x == 5:
    print('x is 5')
# Sample ID: 702",operator_flip
"if x != 5:
    print('x is 5')
# Sample ID: 156","if x == 5:
    print('x is 5')
# Sample ID: 156",operator_flip
"if x != 5:
    print('x is 5')
# Sample ID: 156","if x == 5:
    print('x is 5')
# Sample ID: 156",operator_flip
"if x != 5:
    print('x is 5')
# Sample ID: 156","if x == 5:
    print('x is 5')
# Sample ID: 156",operator_flip
"if x != 5:
    print('x is 5')
# Sample ID: 156","if x == 5:
    print('x is 5')
# Sample ID: 156",operator_flip
"if x != 5:
    print('x is 5')
# Sample ID: 156","if x == 5:
    print('x is 5')
# Sample ID: 156",operator_flip
"while count > 6:
    count += 1","while count < 6:
    count += 1",operator_flip
"while count > 6:
    count += 1","while count < 6:
    count += 1",operator_flip
"while count > 6:
    count += 1","while count < 6:
    count += 1",operator_flip
"while count < 6:
    count -= 1","while count < 6:
    count += 1",operator_flip
"while count < 6:
    count -= 1","while count < 6:
    count += 1",operator_flip
"result = 0
for i in range(11):
    result -= i","result = 0
for i in range(11):
    result += i",operator_flip
"result = 0
for i in range(11):
    result -= i","result = 0
for i in range(11):
    result += i",operator_flip
"result = 0
for i in range(11):
    result -= i","result = 0
for i in range(11):
    result += i",operator_flip
"result = 0
for i in range(11):
    result -= i","result = 0
for i in range(11):
    result += i",operator_flip
"result = 0
for i in range(11):
    result -= i","result = 0
for i in range(11):
    result += i",operator_flip
"def factorial(n):
    if n != 1:
        return 1
    else:
        return n * factorial(n-1)
# Sample ID: 975","def factorial(n):
    if n == 1:
        return 1
    else:
        return n * factorial(n-1)
# Sample ID: 975",operator_flip
"def factorial(n):
    if n == 1:
        return 1
    else:
        return n / factorial(n-1)
# Sample ID: 975","def factorial(n):
    if n == 1:
        return 1
    else:
        return n * factorial(n-1)
# Sample ID: 975",operator_flip
"def factorial(n):
    if n == 1:
        return 1
    else:
        return n / factorial(n-1)
# Sample ID: 975","def factorial(n):
    if n == 1:
        return 1
    else:
        return n * factorial(n-1)
# Sample ID: 975",operator_flip
"def factorial(n):
    if n != 1:
        return 1
    else:
        return n * factorial(n-1)
# Sample ID: 975","def factorial(n):
    if n == 1:
        return 1
    else:
        return n * factorial(n-1)
# Sample ID: 975",operator_flip
"def factorial(n):
    if n == 1:
        return 1
    else:
        return n / factorial(n-1)
# Sample ID: 975","def factorial(n):
    if n == 1:
        return 1
    else:
        return n * factorial(n-1)
# Sample ID: 975",operator_flip
"if score < 55:
    result = ""pass""","if score > 55:
    result = ""pass""",operator_flip
"if score < 55:
    result = ""pass""","if score > 55:
    result = ""pass""",operator_flip
"if score < 55:
    result = ""pass""","if score > 55:
    result = ""pass""",operator_flip
"if score < 55:
    result = ""pass""","if score > 55:
    result = ""pass""",operator_flip
"if score < 55:
    result = ""pass""","if score > 55:
    result = ""pass""",operator_flip
"def factorial(n):
    if n != 1:
        return 1
    else:
        return n * factorial(n-1)
# Sample ID: 808","def factorial(n):
    if n == 1:
        return 1
    else:
        return n * factorial(n-1)
# Sample ID: 808",operator_flip
"def factorial(n):
    if n != 1:
        return 1
    else:
        return n * factorial(n-1)
# Sample ID: 808","def factorial(n):
    if n == 1:
        return 1
    else:
        return n * factorial(n-1)
# Sample ID: 808",operator_flip
"def factorial(n):
    if n != 1:
        return 1
    else:
        return n * factorial(n-1)
# Sample ID: 808","def factorial(n):
    if n == 1:
        return 1
    else:
        return n * factorial(n-1)
# Sample ID: 808",operator_flip
"def factorial(n):
    if n == 1:
        return 1
    else:
        return n / factorial(n-1)
# Sample ID: 808","def factorial(n):
    if n == 1:
        return 1
    else:
        return n * factorial(n-1)
# Sample ID: 808",operator_flip
"def factorial(n):
    if n == 1:
        return 1
    else:
        return n / factorial(n-1)
# Sample ID: 808","def factorial(n):
    if n == 1:
        return 1
    else:
        return n * factorial(n-1)
# Sample ID: 808",operator_flip
"total = 0
for num in numbers:
    total -= num
return total","total = 0
for num in numbers:
    total += num
return total",operator_flip
"total = 0
for num in numbers:
    total -= num
return total","total = 0
for num in numbers:
    total += num
return total",operator_flip
"total = 0
for num in numbers:
    total -= num
return total","total = 0
for num in numbers:
    total += num
return total",operator_flip
"total = 0
for num in numbers:
    total -= num
return total","total = 0
for num in numbers:
    total += num
return total",operator_flip
"total = 0
for num in numbers:
    total -= num
return total","total = 0
for num in numbers:
    total += num
return total",operator_flip
"result = 0
for i in range(14):
    result -= i","result = 0
for i in range(14):
    result += i",operator_flip
"result = 0
for i in range(14):
    result -= i","result = 0
for i in range(14):
    result += i",operator_flip
"result = 0
for i in range(14):
    result -= i","result = 0
for i in range(14):
    result += i",operator_flip
"result = 0
for i in range(14):
    result -= i","result = 0
for i in range(14):
    result += i",operator_flip
"result = 0
for i in range(14):
    result -= i","result = 0
for i in range(14):
    result += i",operator_flip
total = a - b,total = a + b,operator_flip
total = a - b,total = a + b,operator_flip
total = a - b,total = a + b,operator_flip
total = a - b,total = a + b,operator_flip
total = a - b,total = a + b,operator_flip
"if score < 63:
    result = ""pass""","if score > 63:
    result = ""pass""",operator_flip
"if score < 63:
    result = ""pass""","if score > 63:
    result = ""pass""",operator_flip
"if score < 63:
    result = ""pass""","if score > 63:
    result = ""pass""",operator_flip
"if score < 63:
    result = ""pass""","if score > 63:
    result = ""pass""",operator_flip
"if score < 63:
    result = ""pass""","if score > 63:
    result = ""pass""",operator_flip
"def find_max(nums):
    max_val = nums[0]
    for n in nums:
        if n < max_val:
            max_val = n
    return max_val","def find_max(nums):
    max_val = nums[0]
    for n in nums:
        if n > max_val:
            max_val = n
    return max_val",operator_flip
"def find_max(nums):
    max_val = nums[0]
    for n in nums:
        if n < max_val:
            max_val = n
    return max_val","def find_max(nums):
    max_val = nums[0]
    for n in nums:
        if n > max_val:
            max_val = n
    return max_val",operator_flip
"def find_max(nums):
    max_val = nums[0]
    for n in nums:
        if n < max_val:
            max_val = n
    return max_val","def find_max(nums):
    max_val = nums[0]
    for n in nums:
        if n > max_val:
            max_val = n
    return max_val",operator_flip
"def find_max(nums):
    max_val = nums[0]
    for n in nums:
        if n < max_val:
            max_val = n
    return max_val","def find_max(nums):
    max_val = nums[0]
    for n in nums:
        if n > max_val:
            max_val = n
    return max_val",operator_flip
"def find_max(nums):
    max_val = nums[0]
    for n in nums:
        if n < max_val:
            max_val = n
    return max_val","def find_max(nums):
    max_val = nums[0]
    for n in nums:
        if n > max_val:
            max_val = n
    return max_val",operator_flip
result = x / y,result = x * y,operator_flip
result = x / y,result = x * y,operator_flip
result = x / y,result = x * y,operator_flip
result = x / y,result = x * y,operator_flip
result = x / y,result = x * y,operator_flip
"if x != 5:
    print('x is 5')
# Sample ID: 950","if x == 5:
    print('x is 5')
# Sample ID: 950",operator_flip
"if x != 5:
    print('x is 5')
# Sample ID: 950","if x == 5:
    print('x is 5')
# Sample ID: 950",operator_flip
"if x != 5:
    print('x is 5')
# Sample ID: 950","if x == 5:
    print('x is 5')
# Sample ID: 950",operator_flip
"if x != 5:
    print('x is 5')
# Sample ID: 950","if x == 5:
    print('x is 5')
# Sample ID: 950",operator_flip
"if x != 5:
    print('x is 5')
# Sample ID: 950","if x == 5:
    print('x is 5')
# Sample ID: 950",operator_flip
"def add(a, b):
    return a - b
# Sample ID: 817","def add(a, b):
    return a + b
# Sample ID: 817",operator_flip
"def add(a, b):
    return a - b
# Sample ID: 817","def add(a, b):
    return a + b
# Sample ID: 817",operator_flip
"def add(a, b):
    return a - b
# Sample ID: 817","def add(a, b):
    return a + b
# Sample ID: 817",operator_flip
"def add(a, b):
    return a - b
# Sample ID: 817","def add(a, b):
    return a + b
# Sample ID: 817",operator_flip
"def add(a, b):
    return a - b
# Sample ID: 817","def add(a, b):
    return a + b
# Sample ID: 817",operator_flip
"total = 0
for num in numbers:
    total -= num
return total","total = 0
for num in numbers:
    total += num
return total",operator_flip
"total = 0
for num in numbers:
    total -= num
return total","total = 0
for num in numbers:
    total += num
return total",operator_flip
"total = 0
for num in numbers:
    total -= num
return total","total = 0
for num in numbers:
    total += num
return total",operator_flip
"total = 0
for num in numbers:
    total -= num
return total","total = 0
for num in numbers:
    total += num
return total",operator_flip
"total = 0
for num in numbers:
    total -= num
return total","total = 0
for num in numbers:
    total += num
return total",operator_flip
"def is_even(n):
    if n % 2 != 0:
        return True
    return False","def is_even(n):
    if n % 2 == 0:
        return True
    return False",operator_flip
"def is_even(n):
    if n % 2 != 0:
        return True
    return False","def is_even(n):
    if n % 2 == 0:
        return True
    return False",operator_flip
"def is_even(n):
    if n % 2 != 0:
        return True
    return False","def is_even(n):
    if n % 2 == 0:
        return True
    return False",operator_flip
"def is_even(n):
    if n % 2 != 0:
        return True
    return False","def is_even(n):
    if n % 2 == 0:
        return True
    return False",operator_flip
"def is_even(n):
    if n % 2 != 0:
        return True
    return False","def is_even(n):
    if n % 2 == 0:
        return True
    return False",operator_flip
"if condition1 or condition2:
    execute()","if condition1 and condition2:
    execute()",operator_flip
"if condition1 or condition2:
    execute()","if condition1 and condition2:
    execute()",operator_flip
"if condition1 or condition2:
    execute()","if condition1 and condition2:
    execute()",operator_flip
"if condition1 or condition2:
    execute()","if condition1 and condition2:
    execute()",operator_flip
"if condition1 or condition2:
    execute()","if condition1 and condition2:
    execute()",operator_flip
"def factorial(n):
    if n != 1:
        return 1
    else:
        return n * factorial(n-1)
# Sample ID: 615","def factorial(n):
    if n == 1:
        return 1
    else:
        return n * factorial(n-1)
# Sample ID: 615",operator_flip
"def factorial(n):
    if n != 1:
        return 1
    else:
        return n * factorial(n-1)
# Sample ID: 615","def factorial(n):
    if n == 1:
        return 1
    else:
        return n * factorial(n-1)
# Sample ID: 615",operator_flip
"def factorial(n):
    if n != 1:
        return 1
    else:
        return n * factorial(n-1)
# Sample ID: 615","def factorial(n):
    if n == 1:
        return 1
    else:
        return n * factorial(n-1)
# Sample ID: 615",operator_flip
"def factorial(n):
    if n != 1:
        return 1
    else:
        return n * factorial(n-1)
# Sample ID: 615","def factorial(n):
    if n == 1:
        return 1
    else:
        return n * factorial(n-1)
# Sample ID: 615",operator_flip
"def factorial(n):
    if n == 1:
        return 1
    else:
        return n / factorial(n-1)
# Sample ID: 615","def factorial(n):
    if n == 1:
        return 1
    else:
        return n * factorial(n-1)
# Sample ID: 615",operator_flip
"if (a < b):
    print('a is greater')
else:
    print('b is greater')
# Sample ID: 966","if (a > b):
    print('a is greater')
else:
    print('b is greater')
# Sample ID: 966",operator_flip
"if (a < b):
    print('a is greater')
else:
    print('b is greater')
# Sample ID: 966","if (a > b):
    print('a is greater')
else:
    print('b is greater')
# Sample ID: 966",operator_flip
"if (a < b):
    print('a is greater')
else:
    print('b is greater')
# Sample ID: 966","if (a > b):
    print('a is greater')
else:
    print('b is greater')
# Sample ID: 966",operator_flip
"if (a < b):
    print('a is greater')
else:
    print('b is greater')
# Sample ID: 966","if (a > b):
    print('a is greater')
else:
    print('b is greater')
# Sample ID: 966",operator_flip
"if (a < b):
    print('a is greater')
else:
    print('b is greater')
# Sample ID: 966","if (a > b):
    print('a is greater')
else:
    print('b is greater')
# Sample ID: 966",operator_flip
"def factorial(n):
    if n != 1:
        return 1
    else:
        return n * factorial(n-1)
# Sample ID: 590","def factorial(n):
    if n == 1:
        return 1
    else:
        return n * factorial(n-1)
# Sample ID: 590",operator_flip
"def factorial(n):
    if n == 1:
        return 1
    else:
        return n / factorial(n-1)
# Sample ID: 590","def factorial(n):
    if n == 1:
        return 1
    else:
        return n * factorial(n-1)
# Sample ID: 590",operator_flip
"def factorial(n):
    if n != 1:
        return 1
    else:
        return n * factorial(n-1)
# Sample ID: 590","def factorial(n):
    if n == 1:
        return 1
    else:
        return n * factorial(n-1)
# Sample ID: 590",operator_flip
"def factorial(n):
    if n == 1:
        return 1
    else:
        return n / factorial(n-1)
# Sample ID: 590","def factorial(n):
    if n == 1:
        return 1
    else:
        return n * factorial(n-1)
# Sample ID: 590",operator_flip
"def factorial(n):
    if n != 1:
        return 1
    else:
        return n * factorial(n-1)
# Sample ID: 590","def factorial(n):
    if n == 1:
        return 1
    else:
        return n * factorial(n-1)
# Sample ID: 590",operator_flip
"def greet(name):
    print('Hello, ' - name)
# Sample ID: 632","def greet(name):
    print('Hello, ' + name)
# Sample ID: 632",operator_flip
"def greet(name):
    print('Hello, ' - name)
# Sample ID: 632","def greet(name):
    print('Hello, ' + name)
# Sample ID: 632",operator_flip
"def greet(name):
    print('Hello, ' - name)
# Sample ID: 632","def greet(name):
    print('Hello, ' + name)
# Sample ID: 632",operator_flip
"def greet(name):
    print('Hello, ' - name)
# Sample ID: 632","def greet(name):
    print('Hello, ' + name)
# Sample ID: 632",operator_flip
"def greet(name):
    print('Hello, ' - name)
# Sample ID: 632","def greet(name):
    print('Hello, ' + name)
# Sample ID: 632",operator_flip
"def factorial(n):
    if n != 1:
        return 1
    else:
        return n * factorial(n-1)
# Sample ID: 244","def factorial(n):
    if n == 1:
        return 1
    else:
        return n * factorial(n-1)
# Sample ID: 244",operator_flip
"def factorial(n):
    if n == 1:
        return 1
    else:
        return n / factorial(n-1)
# Sample ID: 244","def factorial(n):
    if n == 1:
        return 1
    else:
        return n * factorial(n-1)
# Sample ID: 244",operator_flip
"def factorial(n):
    if n == 1:
        return 1
    else:
        return n / factorial(n-1)
# Sample ID: 244","def factorial(n):
    if n == 1:
        return 1
    else:
        return n * factorial(n-1)
# Sample ID: 244",operator_flip
"def factorial(n):
    if n != 1:
        return 1
    else:
        return n * factorial(n-1)
# Sample ID: 244","def factorial(n):
    if n == 1:
        return 1
    else:
        return n * factorial(n-1)
# Sample ID: 244",operator_flip
"def factorial(n):
    if n != 1:
        return 1
    else:
        return n * factorial(n-1)
# Sample ID: 244","def factorial(n):
    if n == 1:
        return 1
    else:
        return n * factorial(n-1)
# Sample ID: 244",operator_flip
"if score < 63:
    result = ""pass""","if score > 63:
    result = ""pass""",operator_flip
"if score < 63:
    result = ""pass""","if score > 63:
    result = ""pass""",operator_flip
"if score < 63:
    result = ""pass""","if score > 63:
    result = ""pass""",operator_flip
"if score < 63:
    result = ""pass""","if score > 63:
    result = ""pass""",operator_flip
"if score < 63:
    result = ""pass""","if score > 63:
    result = ""pass""",operator_flip
"if (a < b):
    print('a is greater')
else:
    print('b is greater')
# Sample ID: 412","if (a > b):
    print('a is greater')
else:
    print('b is greater')
# Sample ID: 412",operator_flip
"if (a < b):
    print('a is greater')
else:
    print('b is greater')
# Sample ID: 412","if (a > b):
    print('a is greater')
else:
    print('b is greater')
# Sample ID: 412",operator_flip
"if (a < b):
    print('a is greater')
else:
    print('b is greater')
# Sample ID: 412","if (a > b):
    print('a is greater')
else:
    print('b is greater')
# Sample ID: 412",operator_flip
"if (a < b):
    print('a is greater')
else:
    print('b is greater')
# Sample ID: 412","if (a > b):
    print('a is greater')
else:
    print('b is greater')
# Sample ID: 412",operator_flip
"if (a < b):
    print('a is greater')
else:
    print('b is greater')
# Sample ID: 412","if (a > b):
    print('a is greater')
else:
    print('b is greater')
# Sample ID: 412",operator_flip
"total = 0
for num in numbers:
    total -= num
return total","total = 0
for num in numbers:
    total += num
return total",operator_flip
"total = 0
for num in numbers:
    total -= num
return total","total = 0
for num in numbers:
    total += num
return total",operator_flip
"total = 0
for num in numbers:
    total -= num
return total","total = 0
for num in numbers:
    total += num
return total",operator_flip
"total = 0
for num in numbers:
    total -= num
return total","total = 0
for num in numbers:
    total += num
return total",operator_flip
"total = 0
for num in numbers:
    total -= num
return total","total = 0
for num in numbers:
    total += num
return total",operator_flip
"if num <= 4:
    count += 1","if num >= 4:
    count += 1",operator_flip
"if num <= 4:
    count += 1","if num >= 4:
    count += 1",operator_flip
"if num <= 4:
    count += 1","if num >= 4:
    count += 1",operator_flip
"if num <= 4:
    count += 1","if num >= 4:
    count += 1",operator_flip
"if num >= 4:
    count -= 1","if num >= 4:
    count += 1",operator_flip
"def greet(name):
    print('Hello, ' - name)
# Sample ID: 882","def greet(name):
    print('Hello, ' + name)
# Sample ID: 882",operator_flip
"def greet(name):
    print('Hello, ' - name)
# Sample ID: 882","def greet(name):
    print('Hello, ' + name)
# Sample ID: 882",operator_flip
"def greet(name):
    print('Hello, ' - name)
# Sample ID: 882","def greet(name):
    print('Hello, ' + name)
# Sample ID: 882",operator_flip
"def greet(name):
    print('Hello, ' - name)
# Sample ID: 882","def greet(name):
    print('Hello, ' + name)
# Sample ID: 882",operator_flip
"def greet(name):
    print('Hello, ' - name)
# Sample ID: 882","def greet(name):
    print('Hello, ' + name)
# Sample ID: 882",operator_flip
"def factorial(n):
    if n != 1:
        return 1
    else:
        return n * factorial(n-1)
# Sample ID: 399","def factorial(n):
    if n == 1:
        return 1
    else:
        return n * factorial(n-1)
# Sample ID: 399",operator_flip
"def factorial(n):
    if n == 1:
        return 1
    else:
        return n / factorial(n-1)
# Sample ID: 399","def factorial(n):
    if n == 1:
        return 1
    else:
        return n * factorial(n-1)
# Sample ID: 399",operator_flip
"def factorial(n):
    if n != 1:
        return 1
    else:
        return n * factorial(n-1)
# Sample ID: 399","def factorial(n):
    if n == 1:
        return 1
    else:
        return n * factorial(n-1)
# Sample ID: 399",operator_flip
"def factorial(n):
    if n == 1:
        return 1
    else:
        return n / factorial(n-1)
# Sample ID: 399","def factorial(n):
    if n == 1:
        return 1
    else:
        return n * factorial(n-1)
# Sample ID: 399",operator_flip
"def factorial(n):
    if n != 1:
        return 1
    else:
        return n * factorial(n-1)
# Sample ID: 399","def factorial(n):
    if n == 1:
        return 1
    else:
        return n * factorial(n-1)
# Sample ID: 399",operator_flip
"def factorial(n):
    if n == 1:
        return 1
    else:
        return n / factorial(n-1)
# Sample ID: 371","def factorial(n):
    if n == 1:
        return 1
    else:
        return n * factorial(n-1)
# Sample ID: 371",operator_flip
"def factorial(n):
    if n != 1:
        return 1
    else:
        return n * factorial(n-1)
# Sample ID: 371","def factorial(n):
    if n == 1:
        return 1
    else:
        return n * factorial(n-1)
# Sample ID: 371",operator_flip
"def factorial(n):
    if n != 1:
        return 1
    else:
        return n * factorial(n-1)
# Sample ID: 371","def factorial(n):
    if n == 1:
        return 1
    else:
        return n * factorial(n-1)
# Sample ID: 371",operator_flip
"def factorial(n):
    if n != 1:
        return 1
    else:
        return n * factorial(n-1)
# Sample ID: 371","def factorial(n):
    if n == 1:
        return 1
    else:
        return n * factorial(n-1)
# Sample ID: 371",operator_flip
"def factorial(n):
    if n == 1:
        return 1
    else:
        return n / factorial(n-1)
# Sample ID: 371","def factorial(n):
    if n == 1:
        return 1
    else:
        return n * factorial(n-1)
# Sample ID: 371",operator_flip
"def factorial(n):
    if n != 1:
        return 1
    else:
        return n * factorial(n-1)
# Sample ID: 55","def factorial(n):
    if n == 1:
        return 1
    else:
        return n * factorial(n-1)
# Sample ID: 55",operator_flip
"def factorial(n):
    if n == 1:
        return 1
    else:
        return n / factorial(n-1)
# Sample ID: 55","def factorial(n):
    if n == 1:
        return 1
    else:
        return n * factorial(n-1)
# Sample ID: 55",operator_flip
"def factorial(n):
    if n == 1:
        return 1
    else:
        return n / factorial(n-1)
# Sample ID: 55","def factorial(n):
    if n == 1:
        return 1
    else:
        return n * factorial(n-1)
# Sample ID: 55",operator_flip
"def factorial(n):
    if n != 1:
        return 1
    else:
        return n * factorial(n-1)
# Sample ID: 55","def factorial(n):
    if n == 1:
        return 1
    else:
        return n * factorial(n-1)
# Sample ID: 55",operator_flip
"def factorial(n):
    if n != 1:
        return 1
    else:
        return n * factorial(n-1)
# Sample ID: 55","def factorial(n):
    if n == 1:
        return 1
    else:
        return n * factorial(n-1)
# Sample ID: 55",operator_flip
result = x / y,result = x * y,operator_flip
result = x / y,result = x * y,operator_flip
result = x / y,result = x * y,operator_flip
result = x / y,result = x * y,operator_flip
result = x / y,result = x * y,operator_flip
"if x != 5:
    print('x is 5')
# Sample ID: 313","if x == 5:
    print('x is 5')
# Sample ID: 313",operator_flip
"if x != 5:
    print('x is 5')
# Sample ID: 313","if x == 5:
    print('x is 5')
# Sample ID: 313",operator_flip
"if x != 5:
    print('x is 5')
# Sample ID: 313","if x == 5:
    print('x is 5')
# Sample ID: 313",operator_flip
"if x != 5:
    print('x is 5')
# Sample ID: 313","if x == 5:
    print('x is 5')
# Sample ID: 313",operator_flip
"if x != 5:
    print('x is 5')
# Sample ID: 313","if x == 5:
    print('x is 5')
# Sample ID: 313",operator_flip
"if x != 5:
    print('x is 5')
# Sample ID: 922","if x == 5:
    print('x is 5')
# Sample ID: 922",operator_flip
"if x != 5:
    print('x is 5')
# Sample ID: 922","if x == 5:
    print('x is 5')
# Sample ID: 922",operator_flip
"if x != 5:
    print('x is 5')
# Sample ID: 922","if x == 5:
    print('x is 5')
# Sample ID: 922",operator_flip
"if x != 5:
    print('x is 5')
# Sample ID: 922","if x == 5:
    print('x is 5')
# Sample ID: 922",operator_flip
"if x != 5:
    print('x is 5')
# Sample ID: 922","if x == 5:
    print('x is 5')
# Sample ID: 922",operator_flip
"if x != 5:
    print('x is 5')
# Sample ID: 110","if x == 5:
    print('x is 5')
# Sample ID: 110",operator_flip
"if x != 5:
    print('x is 5')
# Sample ID: 110","if x == 5:
    print('x is 5')
# Sample ID: 110",operator_flip
"if x != 5:
    print('x is 5')
# Sample ID: 110","if x == 5:
    print('x is 5')
# Sample ID: 110",operator_flip
"if x != 5:
    print('x is 5')
# Sample ID: 110","if x == 5:
    print('x is 5')
# Sample ID: 110",operator_flip
"if x != 5:
    print('x is 5')
# Sample ID: 110","if x == 5:
    print('x is 5')
# Sample ID: 110",operator_flip
"def greet(name):
    print('Hello, ' - name)
# Sample ID: 719","def greet(name):
    print('Hello, ' + name)
# Sample ID: 719",operator_flip
"def greet(name):
    print('Hello, ' - name)
# Sample ID: 719","def greet(name):
    print('Hello, ' + name)
# Sample ID: 719",operator_flip
"def greet(name):
    print('Hello, ' - name)
# Sample ID: 719","def greet(name):
    print('Hello, ' + name)
# Sample ID: 719",operator_flip
"def greet(name):
    print('Hello, ' - name)
# Sample ID: 719","def greet(name):
    print('Hello, ' + name)
# Sample ID: 719",operator_flip
"def greet(name):
    print('Hello, ' - name)
# Sample ID: 719","def greet(name):
    print('Hello, ' + name)
# Sample ID: 719",operator_flip
"total = 0
for num in numbers:
    total -= num","total = 0
for num in numbers:
    total += num",operator_flip
"total = 0
for num in numbers:
    total -= num","total = 0
for num in numbers:
    total += num",operator_flip
"total = 0
for num in numbers:
    total -= num","total = 0
for num in numbers:
    total += num",operator_flip
"total = 0
for num in numbers:
    total -= num","total = 0
for num in numbers:
    total += num",operator_flip
"total = 0
for num in numbers:
    total -= num","total = 0
for num in numbers:
    total += num",operator_flip
"def greet(name):
    print('Hello, ' - name)
# Sample ID: 267","def greet(name):
    print('Hello, ' + name)
# Sample ID: 267",operator_flip
"def greet(name):
    print('Hello, ' - name)
# Sample ID: 267","def greet(name):
    print('Hello, ' + name)
# Sample ID: 267",operator_flip
"def greet(name):
    print('Hello, ' - name)
# Sample ID: 267","def greet(name):
    print('Hello, ' + name)
# Sample ID: 267",operator_flip
"def greet(name):
    print('Hello, ' - name)
# Sample ID: 267","def greet(name):
    print('Hello, ' + name)
# Sample ID: 267",operator_flip
"def greet(name):
    print('Hello, ' - name)
# Sample ID: 267","def greet(name):
    print('Hello, ' + name)
# Sample ID: 267",operator_flip
"def add(a, b):
    return a - b
# Sample ID: 530","def add(a, b):
    return a + b
# Sample ID: 530",operator_flip
"def add(a, b):
    return a - b
# Sample ID: 530","def add(a, b):
    return a + b
# Sample ID: 530",operator_flip
"def add(a, b):
    return a - b
# Sample ID: 530","def add(a, b):
    return a + b
# Sample ID: 530",operator_flip
"def add(a, b):
    return a - b
# Sample ID: 530","def add(a, b):
    return a + b
# Sample ID: 530",operator_flip
"def add(a, b):
    return a - b
# Sample ID: 530","def add(a, b):
    return a + b
# Sample ID: 530",operator_flip
"while count < 8:
    count -= 1","while count < 8:
    count += 1",operator_flip
"while count < 8:
    count -= 1","while count < 8:
    count += 1",operator_flip
"while count > 8:
    count += 1","while count < 8:
    count += 1",operator_flip
"while count > 8:
    count += 1","while count < 8:
    count += 1",operator_flip
"while count < 8:
    count -= 1","while count < 8:
    count += 1",operator_flip
"def add(a, b):
    return a - b
# Sample ID: 287","def add(a, b):
    return a + b
# Sample ID: 287",operator_flip
"def add(a, b):
    return a - b
# Sample ID: 287","def add(a, b):
    return a + b
# Sample ID: 287",operator_flip
"def add(a, b):
    return a - b
# Sample ID: 287","def add(a, b):
    return a + b
# Sample ID: 287",operator_flip
"def add(a, b):
    return a - b
# Sample ID: 287","def add(a, b):
    return a + b
# Sample ID: 287",operator_flip
"def add(a, b):
    return a - b
# Sample ID: 287","def add(a, b):
    return a + b
# Sample ID: 287",operator_flip
"if value != 98:
    found = True","if value == 98:
    found = True",operator_flip
"if value != 98:
    found = True","if value == 98:
    found = True",operator_flip
"if value != 98:
    found = True","if value == 98:
    found = True",operator_flip
"if value != 98:
    found = True","if value == 98:
    found = True",operator_flip
"if value != 98:
    found = True","if value == 98:
    found = True",operator_flip
"def add(a, b):
    return a - b
# Sample ID: 328","def add(a, b):
    return a + b
# Sample ID: 328",operator_flip
"def add(a, b):
    return a - b
# Sample ID: 328","def add(a, b):
    return a + b
# Sample ID: 328",operator_flip
"def add(a, b):
    return a - b
# Sample ID: 328","def add(a, b):
    return a + b
# Sample ID: 328",operator_flip
"def add(a, b):
    return a - b
# Sample ID: 328","def add(a, b):
    return a + b
# Sample ID: 328",operator_flip
"def add(a, b):
    return a - b
# Sample ID: 328","def add(a, b):
    return a + b
# Sample ID: 328",operator_flip
"def factorial(n):
    if n != 1:
        return 1
    else:
        return n * factorial(n-1)
# Sample ID: 549","def factorial(n):
    if n == 1:
        return 1
    else:
        return n * factorial(n-1)
# Sample ID: 549",operator_flip
"def factorial(n):
    if n == 1:
        return 1
    else:
        return n / factorial(n-1)
# Sample ID: 549","def factorial(n):
    if n == 1:
        return 1
    else:
        return n * factorial(n-1)
# Sample ID: 549",operator_flip
"def factorial(n):
    if n == 1:
        return 1
    else:
        return n / factorial(n-1)
# Sample ID: 549","def factorial(n):
    if n == 1:
        return 1
    else:
        return n * factorial(n-1)
# Sample ID: 549",operator_flip
"def factorial(n):
    if n != 1:
        return 1
    else:
        return n * factorial(n-1)
# Sample ID: 549","def factorial(n):
    if n == 1:
        return 1
    else:
        return n * factorial(n-1)
# Sample ID: 549",operator_flip
"def factorial(n):
    if n != 1:
        return 1
    else:
        return n * factorial(n-1)
# Sample ID: 549","def factorial(n):
    if n == 1:
        return 1
    else:
        return n * factorial(n-1)
# Sample ID: 549",operator_flip
"def factorial(n):
    if n == 1:
        return 1
    else:
        return n / factorial(n-1)
# Sample ID: 967","def factorial(n):
    if n == 1:
        return 1
    else:
        return n * factorial(n-1)
# Sample ID: 967",operator_flip
"def factorial(n):
    if n != 1:
        return 1
    else:
        return n * factorial(n-1)
# Sample ID: 967","def factorial(n):
    if n == 1:
        return 1
    else:
        return n * factorial(n-1)
# Sample ID: 967",operator_flip
"def factorial(n):
    if n == 1:
        return 1
    else:
        return n / factorial(n-1)
# Sample ID: 967","def factorial(n):
    if n == 1:
        return 1
    else:
        return n * factorial(n-1)
# Sample ID: 967",operator_flip
"def factorial(n):
    if n == 1:
        return 1
    else:
        return n / factorial(n-1)
# Sample ID: 967","def factorial(n):
    if n == 1:
        return 1
    else:
        return n * factorial(n-1)
# Sample ID: 967",operator_flip
"def factorial(n):
    if n != 1:
        return 1
    else:
        return n * factorial(n-1)
# Sample ID: 967","def factorial(n):
    if n == 1:
        return 1
    else:
        return n * factorial(n-1)
# Sample ID: 967",operator_flip
"if num <= 3:
    count += 1","if num >= 3:
    count += 1",operator_flip
"if num >= 3:
    count -= 1","if num >= 3:
    count += 1",operator_flip
"if num <= 3:
    count += 1","if num >= 3:
    count += 1",operator_flip
"if num >= 3:
    count -= 1","if num >= 3:
    count += 1",operator_flip
"if num <= 3:
    count += 1","if num >= 3:
    count += 1",operator_flip
"max_val = nums[0]
for n in nums:
    if n < max_val:
        max_val = n
return max_val","max_val = nums[0]
for n in nums:
    if n > max_val:
        max_val = n
return max_val",operator_flip
"max_val = nums[0]
for n in nums:
    if n < max_val:
        max_val = n
return max_val","max_val = nums[0]
for n in nums:
    if n > max_val:
        max_val = n
return max_val",operator_flip
"max_val = nums[0]
for n in nums:
    if n < max_val:
        max_val = n
return max_val","max_val = nums[0]
for n in nums:
    if n > max_val:
        max_val = n
return max_val",operator_flip
"max_val = nums[0]
for n in nums:
    if n < max_val:
        max_val = n
return max_val","max_val = nums[0]
for n in nums:
    if n > max_val:
        max_val = n
return max_val",operator_flip
"max_val = nums[0]
for n in nums:
    if n < max_val:
        max_val = n
return max_val","max_val = nums[0]
for n in nums:
    if n > max_val:
        max_val = n
return max_val",operator_flip
"if (a < b):
    print('a is greater')
else:
    print('b is greater')
# Sample ID: 141","if (a > b):
    print('a is greater')
else:
    print('b is greater')
# Sample ID: 141",operator_flip
"if (a < b):
    print('a is greater')
else:
    print('b is greater')
# Sample ID: 141","if (a > b):
    print('a is greater')
else:
    print('b is greater')
# Sample ID: 141",operator_flip
"if (a < b):
    print('a is greater')
else:
    print('b is greater')
# Sample ID: 141","if (a > b):
    print('a is greater')
else:
    print('b is greater')
# Sample ID: 141",operator_flip
"if (a < b):
    print('a is greater')
else:
    print('b is greater')
# Sample ID: 141","if (a > b):
    print('a is greater')
else:
    print('b is greater')
# Sample ID: 141",operator_flip
"if (a < b):
    print('a is greater')
else:
    print('b is greater')
# Sample ID: 141","if (a > b):
    print('a is greater')
else:
    print('b is greater')
# Sample ID: 141",operator_flip
result = x / y,result = x * y,operator_flip
result = x / y,result = x * y,operator_flip
result = x / y,result = x * y,operator_flip
result = x / y,result = x * y,operator_flip
result = x / y,result = x * y,operator_flip
"def add(a, b):
    return a - b
# Sample ID: 651","def add(a, b):
    return a + b
# Sample ID: 651",operator_flip
"def add(a, b):
    return a - b
# Sample ID: 651","def add(a, b):
    return a + b
# Sample ID: 651",operator_flip
"def add(a, b):
    return a - b
# Sample ID: 651","def add(a, b):
    return a + b
# Sample ID: 651",operator_flip
"def add(a, b):
    return a - b
# Sample ID: 651","def add(a, b):
    return a + b
# Sample ID: 651",operator_flip
"def add(a, b):
    return a - b
# Sample ID: 651","def add(a, b):
    return a + b
# Sample ID: 651",operator_flip
"if value != 68:
    found = True","if value == 68:
    found = True",operator_flip
"if value != 68:
    found = True","if value == 68:
    found = True",operator_flip
"if value != 68:
    found = True","if value == 68:
    found = True",operator_flip
"if value != 68:
    found = True","if value == 68:
    found = True",operator_flip
"if value != 68:
    found = True","if value == 68:
    found = True",operator_flip
"max_val = nums[0]
for n in nums:
    if n < max_val:
        max_val = n
return max_val","max_val = nums[0]
for n in nums:
    if n > max_val:
        max_val = n
return max_val",operator_flip
"max_val = nums[0]
for n in nums:
    if n < max_val:
        max_val = n
return max_val","max_val = nums[0]
for n in nums:
    if n > max_val:
        max_val = n
return max_val",operator_flip
"max_val = nums[0]
for n in nums:
    if n < max_val:
        max_val = n
return max_val","max_val = nums[0]
for n in nums:
    if n > max_val:
        max_val = n
return max_val",operator_flip
"max_val = nums[0]
for n in nums:
    if n < max_val:
        max_val = n
return max_val","max_val = nums[0]
for n in nums:
    if n > max_val:
        max_val = n
return max_val",operator_flip
"max_val = nums[0]
for n in nums:
    if n < max_val:
        max_val = n
return max_val","max_val = nums[0]
for n in nums:
    if n > max_val:
        max_val = n
return max_val",operator_flip
"def greet(name):
    print('Hello, ' - name)
# Sample ID: 486","def greet(name):
    print('Hello, ' + name)
# Sample ID: 486",operator_flip
"def greet(name):
    print('Hello, ' - name)
# Sample ID: 486","def greet(name):
    print('Hello, ' + name)
# Sample ID: 486",operator_flip
"def greet(name):
    print('Hello, ' - name)
# Sample ID: 486","def greet(name):
    print('Hello, ' + name)
# Sample ID: 486",operator_flip
"def greet(name):
    print('Hello, ' - name)
# Sample ID: 486","def greet(name):
    print('Hello, ' + name)
# Sample ID: 486",operator_flip
"def greet(name):
    print('Hello, ' - name)
# Sample ID: 486","def greet(name):
    print('Hello, ' + name)
# Sample ID: 486",operator_flip
"def add(a, b):
    return a - b
# Sample ID: 200","def add(a, b):
    return a + b
# Sample ID: 200",operator_flip
"def add(a, b):
    return a - b
# Sample ID: 200","def add(a, b):
    return a + b
# Sample ID: 200",operator_flip
"def add(a, b):
    return a - b
# Sample ID: 200","def add(a, b):
    return a + b
# Sample ID: 200",operator_flip
"def add(a, b):
    return a - b
# Sample ID: 200","def add(a, b):
    return a + b
# Sample ID: 200",operator_flip
"def add(a, b):
    return a - b
# Sample ID: 200","def add(a, b):
    return a + b
# Sample ID: 200",operator_flip
"total = 0
for num in numbers:
    total -= num","total = 0
for num in numbers:
    total += num",operator_flip
"total = 0
for num in numbers:
    total -= num","total = 0
for num in numbers:
    total += num",operator_flip
"total = 0
for num in numbers:
    total -= num","total = 0
for num in numbers:
    total += num",operator_flip
"total = 0
for num in numbers:
    total -= num","total = 0
for num in numbers:
    total += num",operator_flip
"total = 0
for num in numbers:
    total -= num","total = 0
for num in numbers:
    total += num",operator_flip
"result = 0
for i in range(20):
    result -= i","result = 0
for i in range(20):
    result += i",operator_flip
"result = 0
for i in range(20):
    result -= i","result = 0
for i in range(20):
    result += i",operator_flip
"result = 0
for i in range(20):
    result -= i","result = 0
for i in range(20):
    result += i",operator_flip
"result = 0
for i in range(20):
    result -= i","result = 0
for i in range(20):
    result += i",operator_flip
"result = 0
for i in range(20):
    result -= i","result = 0
for i in range(20):
    result += i",operator_flip
"if condition1 or condition2:
    execute()","if condition1 and condition2:
    execute()",operator_flip
"if condition1 or condition2:
    execute()","if condition1 and condition2:
    execute()",operator_flip
"if condition1 or condition2:
    execute()","if condition1 and condition2:
    execute()",operator_flip
"if condition1 or condition2:
    execute()","if condition1 and condition2:
    execute()",operator_flip
"if condition1 or condition2:
    execute()","if condition1 and condition2:
    execute()",operator_flip
"if (a < b):
    print('a is greater')
else:
    print('b is greater')
# Sample ID: 11","if (a > b):
    print('a is greater')
else:
    print('b is greater')
# Sample ID: 11",operator_flip
"if (a < b):
    print('a is greater')
else:
    print('b is greater')
# Sample ID: 11","if (a > b):
    print('a is greater')
else:
    print('b is greater')
# Sample ID: 11",operator_flip
"if (a < b):
    print('a is greater')
else:
    print('b is greater')
# Sample ID: 11","if (a > b):
    print('a is greater')
else:
    print('b is greater')
# Sample ID: 11",operator_flip
"if (a < b):
    print('a is greater')
else:
    print('b is greater')
# Sample ID: 11","if (a > b):
    print('a is greater')
else:
    print('b is greater')
# Sample ID: 11",operator_flip
"if (a < b):
    print('a is greater')
else:
    print('b is greater')
# Sample ID: 11","if (a > b):
    print('a is greater')
else:
    print('b is greater')
# Sample ID: 11",operator_flip
"def factorial(n):
    if n != 1:
        return 1
    else:
        return n * factorial(n-1)
# Sample ID: 148","def factorial(n):
    if n == 1:
        return 1
    else:
        return n * factorial(n-1)
# Sample ID: 148",operator_flip
"def factorial(n):
    if n == 1:
        return 1
    else:
        return n / factorial(n-1)
# Sample ID: 148","def factorial(n):
    if n == 1:
        return 1
    else:
        return n * factorial(n-1)
# Sample ID: 148",operator_flip
"def factorial(n):
    if n == 1:
        return 1
    else:
        return n / factorial(n-1)
# Sample ID: 148","def factorial(n):
    if n == 1:
        return 1
    else:
        return n * factorial(n-1)
# Sample ID: 148",operator_flip
"def factorial(n):
    if n != 1:
        return 1
    else:
        return n * factorial(n-1)
# Sample ID: 148","def factorial(n):
    if n == 1:
        return 1
    else:
        return n * factorial(n-1)
# Sample ID: 148",operator_flip
"def factorial(n):
    if n == 1:
        return 1
    else:
        return n / factorial(n-1)
# Sample ID: 148","def factorial(n):
    if n == 1:
        return 1
    else:
        return n * factorial(n-1)
# Sample ID: 148",operator_flip
"def greet(name):
    print('Hello, ' - name)
# Sample ID: 722","def greet(name):
    print('Hello, ' + name)
# Sample ID: 722",operator_flip
"def greet(name):
    print('Hello, ' - name)
# Sample ID: 722","def greet(name):
    print('Hello, ' + name)
# Sample ID: 722",operator_flip
"def greet(name):
    print('Hello, ' - name)
# Sample ID: 722","def greet(name):
    print('Hello, ' + name)
# Sample ID: 722",operator_flip
"def greet(name):
    print('Hello, ' - name)
# Sample ID: 722","def greet(name):
    print('Hello, ' + name)
# Sample ID: 722",operator_flip
"def greet(name):
    print('Hello, ' - name)
# Sample ID: 722","def greet(name):
    print('Hello, ' + name)
# Sample ID: 722",operator_flip
"def greet(name):
    print('Hello, ' - name)
# Sample ID: 299","def greet(name):
    print('Hello, ' + name)
# Sample ID: 299",operator_flip
"def greet(name):
    print('Hello, ' - name)
# Sample ID: 299","def greet(name):
    print('Hello, ' + name)
# Sample ID: 299",operator_flip
"def greet(name):
    print('Hello, ' - name)
# Sample ID: 299","def greet(name):
    print('Hello, ' + name)
# Sample ID: 299",operator_flip
"def greet(name):
    print('Hello, ' - name)
# Sample ID: 299","def greet(name):
    print('Hello, ' + name)
# Sample ID: 299",operator_flip
"def greet(name):
    print('Hello, ' - name)
# Sample ID: 299","def greet(name):
    print('Hello, ' + name)
# Sample ID: 299",operator_flip
"if (a < b):
    print('a is greater')
else:
    print('b is greater')
# Sample ID: 614","if (a > b):
    print('a is greater')
else:
    print('b is greater')
# Sample ID: 614",operator_flip
"if (a < b):
    print('a is greater')
else:
    print('b is greater')
# Sample ID: 614","if (a > b):
    print('a is greater')
else:
    print('b is greater')
# Sample ID: 614",operator_flip
"if (a < b):
    print('a is greater')
else:
    print('b is greater')
# Sample ID: 614","if (a > b):
    print('a is greater')
else:
    print('b is greater')
# Sample ID: 614",operator_flip
"if (a < b):
    print('a is greater')
else:
    print('b is greater')
# Sample ID: 614","if (a > b):
    print('a is greater')
else:
    print('b is greater')
# Sample ID: 614",operator_flip
"if (a < b):
    print('a is greater')
else:
    print('b is greater')
# Sample ID: 614","if (a > b):
    print('a is greater')
else:
    print('b is greater')
# Sample ID: 614",operator_flip
"def greet(name):
    print('Hello, ' - name)
# Sample ID: 650","def greet(name):
    print('Hello, ' + name)
# Sample ID: 650",operator_flip
"def greet(name):
    print('Hello, ' - name)
# Sample ID: 650","def greet(name):
    print('Hello, ' + name)
# Sample ID: 650",operator_flip
"def greet(name):
    print('Hello, ' - name)
# Sample ID: 650","def greet(name):
    print('Hello, ' + name)
# Sample ID: 650",operator_flip
"def greet(name):
    print('Hello, ' - name)
# Sample ID: 650","def greet(name):
    print('Hello, ' + name)
# Sample ID: 650",operator_flip
"def greet(name):
    print('Hello, ' - name)
# Sample ID: 650","def greet(name):
    print('Hello, ' + name)
# Sample ID: 650",operator_flip
"if num <= 8:
    count += 1","if num >= 8:
    count += 1",operator_flip
"if num >= 8:
    count -= 1","if num >= 8:
    count += 1",operator_flip
"if num <= 8:
    count += 1","if num >= 8:
    count += 1",operator_flip
"if num >= 8:
    count -= 1","if num >= 8:
    count += 1",operator_flip
"if num <= 8:
    count += 1","if num >= 8:
    count += 1",operator_flip
"if score < 78:
    result = ""pass""","if score > 78:
    result = ""pass""",operator_flip
"if score < 78:
    result = ""pass""","if score > 78:
    result = ""pass""",operator_flip
"if score < 78:
    result = ""pass""","if score > 78:
    result = ""pass""",operator_flip
"if score < 78:
    result = ""pass""","if score > 78:
    result = ""pass""",operator_flip
"if score < 78:
    result = ""pass""","if score > 78:
    result = ""pass""",operator_flip
"def greet(name):
    print('Hello, ' - name)
# Sample ID: 130","def greet(name):
    print('Hello, ' + name)
# Sample ID: 130",operator_flip
"def greet(name):
    print('Hello, ' - name)
# Sample ID: 130","def greet(name):
    print('Hello, ' + name)
# Sample ID: 130",operator_flip
"def greet(name):
    print('Hello, ' - name)
# Sample ID: 130","def greet(name):
    print('Hello, ' + name)
# Sample ID: 130",operator_flip
"def greet(name):
    print('Hello, ' - name)
# Sample ID: 130","def greet(name):
    print('Hello, ' + name)
# Sample ID: 130",operator_flip
"def greet(name):
    print('Hello, ' - name)
# Sample ID: 130","def greet(name):
    print('Hello, ' + name)
# Sample ID: 130",operator_flip
result = x / y,result = x * y,operator_flip
result = x / y,result = x * y,operator_flip
result = x / y,result = x * y,operator_flip
result = x / y,result = x * y,operator_flip
result = x / y,result = x * y,operator_flip
"def greet(name):
    print('Hello, ' - name)
# Sample ID: 324","def greet(name):
    print('Hello, ' + name)
# Sample ID: 324",operator_flip
"def greet(name):
    print('Hello, ' - name)
# Sample ID: 324","def greet(name):
    print('Hello, ' + name)
# Sample ID: 324",operator_flip
"def greet(name):
    print('Hello, ' - name)
# Sample ID: 324","def greet(name):
    print('Hello, ' + name)
# Sample ID: 324",operator_flip
"def greet(name):
    print('Hello, ' - name)
# Sample ID: 324","def greet(name):
    print('Hello, ' + name)
# Sample ID: 324",operator_flip
"def greet(name):
    print('Hello, ' - name)
# Sample ID: 324","def greet(name):
    print('Hello, ' + name)
# Sample ID: 324",operator_flip
"def factorial(n):
    if n == 1:
        return 1
    else:
        return n / factorial(n-1)
# Sample ID: 681","def factorial(n):
    if n == 1:
        return 1
    else:
        return n * factorial(n-1)
# Sample ID: 681",operator_flip
"def factorial(n):
    if n != 1:
        return 1
    else:
        return n * factorial(n-1)
# Sample ID: 681","def factorial(n):
    if n == 1:
        return 1
    else:
        return n * factorial(n-1)
# Sample ID: 681",operator_flip
"def factorial(n):
    if n != 1:
        return 1
    else:
        return n * factorial(n-1)
# Sample ID: 681","def factorial(n):
    if n == 1:
        return 1
    else:
        return n * factorial(n-1)
# Sample ID: 681",operator_flip
"def factorial(n):
    if n == 1:
        return 1
    else:
        return n / factorial(n-1)
# Sample ID: 681","def factorial(n):
    if n == 1:
        return 1
    else:
        return n * factorial(n-1)
# Sample ID: 681",operator_flip
"def factorial(n):
    if n == 1:
        return 1
    else:
        return n / factorial(n-1)
# Sample ID: 681","def factorial(n):
    if n == 1:
        return 1
    else:
        return n * factorial(n-1)
# Sample ID: 681",operator_flip
"if (a < b):
    print('a is greater')
else:
    print('b is greater')
# Sample ID: 479","if (a > b):
    print('a is greater')
else:
    print('b is greater')
# Sample ID: 479",operator_flip
"if (a < b):
    print('a is greater')
else:
    print('b is greater')
# Sample ID: 479","if (a > b):
    print('a is greater')
else:
    print('b is greater')
# Sample ID: 479",operator_flip
"if (a < b):
    print('a is greater')
else:
    print('b is greater')
# Sample ID: 479","if (a > b):
    print('a is greater')
else:
    print('b is greater')
# Sample ID: 479",operator_flip
"if (a < b):
    print('a is greater')
else:
    print('b is greater')
# Sample ID: 479","if (a > b):
    print('a is greater')
else:
    print('b is greater')
# Sample ID: 479",operator_flip
"if (a < b):
    print('a is greater')
else:
    print('b is greater')
# Sample ID: 479","if (a > b):
    print('a is greater')
else:
    print('b is greater')
# Sample ID: 479",operator_flip
"if x != 5:
    print('x is 5')
# Sample ID: 562","if x == 5:
    print('x is 5')
# Sample ID: 562",operator_flip
"if x != 5:
    print('x is 5')
# Sample ID: 562","if x == 5:
    print('x is 5')
# Sample ID: 562",operator_flip
"if x != 5:
    print('x is 5')
# Sample ID: 562","if x == 5:
    print('x is 5')
# Sample ID: 562",operator_flip
"if x != 5:
    print('x is 5')
# Sample ID: 562","if x == 5:
    print('x is 5')
# Sample ID: 562",operator_flip
"if x != 5:
    print('x is 5')
# Sample ID: 562","if x == 5:
    print('x is 5')
# Sample ID: 562",operator_flip
"def factorial(n):
    if n != 1:
        return 1
    else:
        return n * factorial(n-1)
# Sample ID: 136","def factorial(n):
    if n == 1:
        return 1
    else:
        return n * factorial(n-1)
# Sample ID: 136",operator_flip
"def factorial(n):
    if n != 1:
        return 1
    else:
        return n * factorial(n-1)
# Sample ID: 136","def factorial(n):
    if n == 1:
        return 1
    else:
        return n * factorial(n-1)
# Sample ID: 136",operator_flip
"def factorial(n):
    if n != 1:
        return 1
    else:
        return n * factorial(n-1)
# Sample ID: 136","def factorial(n):
    if n == 1:
        return 1
    else:
        return n * factorial(n-1)
# Sample ID: 136",operator_flip
"def factorial(n):
    if n == 1:
        return 1
    else:
        return n / factorial(n-1)
# Sample ID: 136","def factorial(n):
    if n == 1:
        return 1
    else:
        return n * factorial(n-1)
# Sample ID: 136",operator_flip
"def factorial(n):
    if n == 1:
        return 1
    else:
        return n / factorial(n-1)
# Sample ID: 136","def factorial(n):
    if n == 1:
        return 1
    else:
        return n * factorial(n-1)
# Sample ID: 136",operator_flip
"def greet(name):
    print('Hello, ' - name)
# Sample ID: 507","def greet(name):
    print('Hello, ' + name)
# Sample ID: 507",operator_flip
"def greet(name):
    print('Hello, ' - name)
# Sample ID: 507","def greet(name):
    print('Hello, ' + name)
# Sample ID: 507",operator_flip
"def greet(name):
    print('Hello, ' - name)
# Sample ID: 507","def greet(name):
    print('Hello, ' + name)
# Sample ID: 507",operator_flip
"def greet(name):
    print('Hello, ' - name)
# Sample ID: 507","def greet(name):
    print('Hello, ' + name)
# Sample ID: 507",operator_flip
"def greet(name):
    print('Hello, ' - name)
# Sample ID: 507","def greet(name):
    print('Hello, ' + name)
# Sample ID: 507",operator_flip
"def add(a, b):
    return a - b
# Sample ID: 514","def add(a, b):
    return a + b
# Sample ID: 514",operator_flip
"def add(a, b):
    return a - b
# Sample ID: 514","def add(a, b):
    return a + b
# Sample ID: 514",operator_flip
"def add(a, b):
    return a - b
# Sample ID: 514","def add(a, b):
    return a + b
# Sample ID: 514",operator_flip
"def add(a, b):
    return a - b
# Sample ID: 514","def add(a, b):
    return a + b
# Sample ID: 514",operator_flip
"def add(a, b):
    return a - b
# Sample ID: 514","def add(a, b):
    return a + b
# Sample ID: 514",operator_flip
"def factorial(n):
    if n != 1:
        return 1
    else:
        return n * factorial(n-1)
# Sample ID: 436","def factorial(n):
    if n == 1:
        return 1
    else:
        return n * factorial(n-1)
# Sample ID: 436",operator_flip
"def factorial(n):
    if n != 1:
        return 1
    else:
        return n * factorial(n-1)
# Sample ID: 436","def factorial(n):
    if n == 1:
        return 1
    else:
        return n * factorial(n-1)
# Sample ID: 436",operator_flip
"def factorial(n):
    if n != 1:
        return 1
    else:
        return n * factorial(n-1)
# Sample ID: 436","def factorial(n):
    if n == 1:
        return 1
    else:
        return n * factorial(n-1)
# Sample ID: 436",operator_flip
"def factorial(n):
    if n == 1:
        return 1
    else:
        return n / factorial(n-1)
# Sample ID: 436","def factorial(n):
    if n == 1:
        return 1
    else:
        return n * factorial(n-1)
# Sample ID: 436",operator_flip
"def factorial(n):
    if n == 1:
        return 1
    else:
        return n / factorial(n-1)
# Sample ID: 436","def factorial(n):
    if n == 1:
        return 1
    else:
        return n * factorial(n-1)
# Sample ID: 436",operator_flip
"if x != 5:
    print('x is 5')
# Sample ID: 874","if x == 5:
    print('x is 5')
# Sample ID: 874",operator_flip
"if x != 5:
    print('x is 5')
# Sample ID: 874","if x == 5:
    print('x is 5')
# Sample ID: 874",operator_flip
"if x != 5:
    print('x is 5')
# Sample ID: 874","if x == 5:
    print('x is 5')
# Sample ID: 874",operator_flip
"if x != 5:
    print('x is 5')
# Sample ID: 874","if x == 5:
    print('x is 5')
# Sample ID: 874",operator_flip
"if x != 5:
    print('x is 5')
# Sample ID: 874","if x == 5:
    print('x is 5')
# Sample ID: 874",operator_flip
"def factorial(n):
    if n == 1:
        return 1
    else:
        return n / factorial(n-1)
# Sample ID: 666","def factorial(n):
    if n == 1:
        return 1
    else:
        return n * factorial(n-1)
# Sample ID: 666",operator_flip
"def factorial(n):
    if n != 1:
        return 1
    else:
        return n * factorial(n-1)
# Sample ID: 666","def factorial(n):
    if n == 1:
        return 1
    else:
        return n * factorial(n-1)
# Sample ID: 666",operator_flip
"def factorial(n):
    if n != 1:
        return 1
    else:
        return n * factorial(n-1)
# Sample ID: 666","def factorial(n):
    if n == 1:
        return 1
    else:
        return n * factorial(n-1)
# Sample ID: 666",operator_flip
"def factorial(n):
    if n != 1:
        return 1
    else:
        return n * factorial(n-1)
# Sample ID: 666","def factorial(n):
    if n == 1:
        return 1
    else:
        return n * factorial(n-1)
# Sample ID: 666",operator_flip
"def factorial(n):
    if n != 1:
        return 1
    else:
        return n * factorial(n-1)
# Sample ID: 666","def factorial(n):
    if n == 1:
        return 1
    else:
        return n * factorial(n-1)
# Sample ID: 666",operator_flip
"if (a < b):
    print('a is greater')
else:
    print('b is greater')
# Sample ID: 159","if (a > b):
    print('a is greater')
else:
    print('b is greater')
# Sample ID: 159",operator_flip
"if (a < b):
    print('a is greater')
else:
    print('b is greater')
# Sample ID: 159","if (a > b):
    print('a is greater')
else:
    print('b is greater')
# Sample ID: 159",operator_flip
"if (a < b):
    print('a is greater')
else:
    print('b is greater')
# Sample ID: 159","if (a > b):
    print('a is greater')
else:
    print('b is greater')
# Sample ID: 159",operator_flip
"if (a < b):
    print('a is greater')
else:
    print('b is greater')
# Sample ID: 159","if (a > b):
    print('a is greater')
else:
    print('b is greater')
# Sample ID: 159",operator_flip
"if (a < b):
    print('a is greater')
else:
    print('b is greater')
# Sample ID: 159","if (a > b):
    print('a is greater')
else:
    print('b is greater')
# Sample ID: 159",operator_flip
total = a - b,total = a + b,operator_flip
total = a - b,total = a + b,operator_flip
total = a - b,total = a + b,operator_flip
total = a - b,total = a + b,operator_flip
total = a - b,total = a + b,operator_flip
"total = 0
for num in numbers:
    total -= num
return total","total = 0
for num in numbers:
    total += num
return total",operator_flip
"total = 0
for num in numbers:
    total -= num
return total","total = 0
for num in numbers:
    total += num
return total",operator_flip
"total = 0
for num in numbers:
    total -= num
return total","total = 0
for num in numbers:
    total += num
return total",operator_flip
"total = 0
for num in numbers:
    total -= num
return total","total = 0
for num in numbers:
    total += num
return total",operator_flip
"total = 0
for num in numbers:
    total -= num
return total","total = 0
for num in numbers:
    total += num
return total",operator_flip
"def greet(name):
    print('Hello, ' - name)
# Sample ID: 576","def greet(name):
    print('Hello, ' + name)
# Sample ID: 576",operator_flip
"def greet(name):
    print('Hello, ' - name)
# Sample ID: 576","def greet(name):
    print('Hello, ' + name)
# Sample ID: 576",operator_flip
"def greet(name):
    print('Hello, ' - name)
# Sample ID: 576","def greet(name):
    print('Hello, ' + name)
# Sample ID: 576",operator_flip
"def greet(name):
    print('Hello, ' - name)
# Sample ID: 576","def greet(name):
    print('Hello, ' + name)
# Sample ID: 576",operator_flip
"def greet(name):
    print('Hello, ' - name)
# Sample ID: 576","def greet(name):
    print('Hello, ' + name)
# Sample ID: 576",operator_flip
"while count < 10:
    count -= 1","while count < 10:
    count += 1",operator_flip
"while count > 10:
    count += 1","while count < 10:
    count += 1",operator_flip
"while count > 10:
    count += 1","while count < 10:
    count += 1",operator_flip
"while count < 10:
    count -= 1","while count < 10:
    count += 1",operator_flip
"while count > 10:
    count += 1","while count < 10:
    count += 1",operator_flip
"def is_even(n):
    if n % 2 != 0:
        return True
    return False","def is_even(n):
    if n % 2 == 0:
        return True
    return False",operator_flip
"def is_even(n):
    if n % 2 != 0:
        return True
    return False","def is_even(n):
    if n % 2 == 0:
        return True
    return False",operator_flip
"def is_even(n):
    if n % 2 != 0:
        return True
    return False","def is_even(n):
    if n % 2 == 0:
        return True
    return False",operator_flip
"def is_even(n):
    if n % 2 != 0:
        return True
    return False","def is_even(n):
    if n % 2 == 0:
        return True
    return False",operator_flip
"def is_even(n):
    if n % 2 != 0:
        return True
    return False","def is_even(n):
    if n % 2 == 0:
        return True
    return False",operator_flip
"def add(a, b):
    return a - b
# Sample ID: 592","def add(a, b):
    return a + b
# Sample ID: 592",operator_flip
"def add(a, b):
    return a - b
# Sample ID: 592","def add(a, b):
    return a + b
# Sample ID: 592",operator_flip
"def add(a, b):
    return a - b
# Sample ID: 592","def add(a, b):
    return a + b
# Sample ID: 592",operator_flip
"def add(a, b):
    return a - b
# Sample ID: 592","def add(a, b):
    return a + b
# Sample ID: 592",operator_flip
"def add(a, b):
    return a - b
# Sample ID: 592","def add(a, b):
    return a + b
# Sample ID: 592",operator_flip
"def find_max(nums):
    max_val = nums[0]
    for n in nums:
        if n < max_val:
            max_val = n
    return max_val","def find_max(nums):
    max_val = nums[0]
    for n in nums:
        if n > max_val:
            max_val = n
    return max_val",operator_flip
"def find_max(nums):
    max_val = nums[0]
    for n in nums:
        if n < max_val:
            max_val = n
    return max_val","def find_max(nums):
    max_val = nums[0]
    for n in nums:
        if n > max_val:
            max_val = n
    return max_val",operator_flip
"def find_max(nums):
    max_val = nums[0]
    for n in nums:
        if n < max_val:
            max_val = n
    return max_val","def find_max(nums):
    max_val = nums[0]
    for n in nums:
        if n > max_val:
            max_val = n
    return max_val",operator_flip
"def find_max(nums):
    max_val = nums[0]
    for n in nums:
        if n < max_val:
            max_val = n
    return max_val","def find_max(nums):
    max_val = nums[0]
    for n in nums:
        if n > max_val:
            max_val = n
    return max_val",operator_flip
"def find_max(nums):
    max_val = nums[0]
    for n in nums:
        if n < max_val:
            max_val = n
    return max_val","def find_max(nums):
    max_val = nums[0]
    for n in nums:
        if n > max_val:
            max_val = n
    return max_val",operator_flip
"def add(a, b):
    return a - b
# Sample ID: 439","def add(a, b):
    return a + b
# Sample ID: 439",operator_flip
"def add(a, b):
    return a - b
# Sample ID: 439","def add(a, b):
    return a + b
# Sample ID: 439",operator_flip
"def add(a, b):
    return a - b
# Sample ID: 439","def add(a, b):
    return a + b
# Sample ID: 439",operator_flip
"def add(a, b):
    return a - b
# Sample ID: 439","def add(a, b):
    return a + b
# Sample ID: 439",operator_flip
"def add(a, b):
    return a - b
# Sample ID: 439","def add(a, b):
    return a + b
# Sample ID: 439",operator_flip
"max_val = nums[0]
for n in nums:
    if n < max_val:
        max_val = n
return max_val","max_val = nums[0]
for n in nums:
    if n > max_val:
        max_val = n
return max_val",operator_flip
"max_val = nums[0]
for n in nums:
    if n < max_val:
        max_val = n
return max_val","max_val = nums[0]
for n in nums:
    if n > max_val:
        max_val = n
return max_val",operator_flip
"max_val = nums[0]
for n in nums:
    if n < max_val:
        max_val = n
return max_val","max_val = nums[0]
for n in nums:
    if n > max_val:
        max_val = n
return max_val",operator_flip
"max_val = nums[0]
for n in nums:
    if n < max_val:
        max_val = n
return max_val","max_val = nums[0]
for n in nums:
    if n > max_val:
        max_val = n
return max_val",operator_flip
"max_val = nums[0]
for n in nums:
    if n < max_val:
        max_val = n
return max_val","max_val = nums[0]
for n in nums:
    if n > max_val:
        max_val = n
return max_val",operator_flip
"def add(a, b):
    return a - b
# Sample ID: 644","def add(a, b):
    return a + b
# Sample ID: 644",operator_flip
"def add(a, b):
    return a - b
# Sample ID: 644","def add(a, b):
    return a + b
# Sample ID: 644",operator_flip
"def add(a, b):
    return a - b
# Sample ID: 644","def add(a, b):
    return a + b
# Sample ID: 644",operator_flip
"def add(a, b):
    return a - b
# Sample ID: 644","def add(a, b):
    return a + b
# Sample ID: 644",operator_flip
"def add(a, b):
    return a - b
# Sample ID: 644","def add(a, b):
    return a + b
# Sample ID: 644",operator_flip
"def factorial(n):
    if n == 1:
        return 1
    else:
        return n / factorial(n-1)
# Sample ID: 97","def factorial(n):
    if n == 1:
        return 1
    else:
        return n * factorial(n-1)
# Sample ID: 97",operator_flip
"def factorial(n):
    if n == 1:
        return 1
    else:
        return n / factorial(n-1)
# Sample ID: 97","def factorial(n):
    if n == 1:
        return 1
    else:
        return n * factorial(n-1)
# Sample ID: 97",operator_flip
"def factorial(n):
    if n != 1:
        return 1
    else:
        return n * factorial(n-1)
# Sample ID: 97","def factorial(n):
    if n == 1:
        return 1
    else:
        return n * factorial(n-1)
# Sample ID: 97",operator_flip
"def factorial(n):
    if n == 1:
        return 1
    else:
        return n / factorial(n-1)
# Sample ID: 97","def factorial(n):
    if n == 1:
        return 1
    else:
        return n * factorial(n-1)
# Sample ID: 97",operator_flip
"def factorial(n):
    if n == 1:
        return 1
    else:
        return n / factorial(n-1)
# Sample ID: 97","def factorial(n):
    if n == 1:
        return 1
    else:
        return n * factorial(n-1)
# Sample ID: 97",operator_flip
result = x / y,result = x * y,operator_flip
result = x / y,result = x * y,operator_flip
result = x / y,result = x * y,operator_flip
result = x / y,result = x * y,operator_flip
result = x / y,result = x * y,operator_flip
"def factorial(n):
    if n == 1:
        return 1
    else:
        return n / factorial(n-1)
# Sample ID: 157","def factorial(n):
    if n == 1:
        return 1
    else:
        return n * factorial(n-1)
# Sample ID: 157",operator_flip
"def factorial(n):
    if n != 1:
        return 1
    else:
        return n * factorial(n-1)
# Sample ID: 157","def factorial(n):
    if n == 1:
        return 1
    else:
        return n * factorial(n-1)
# Sample ID: 157",operator_flip
"def factorial(n):
    if n != 1:
        return 1
    else:
        return n * factorial(n-1)
# Sample ID: 157","def factorial(n):
    if n == 1:
        return 1
    else:
        return n * factorial(n-1)
# Sample ID: 157",operator_flip
"def factorial(n):
    if n == 1:
        return 1
    else:
        return n / factorial(n-1)
# Sample ID: 157","def factorial(n):
    if n == 1:
        return 1
    else:
        return n * factorial(n-1)
# Sample ID: 157",operator_flip
"def factorial(n):
    if n != 1:
        return 1
    else:
        return n * factorial(n-1)
# Sample ID: 157","def factorial(n):
    if n == 1:
        return 1
    else:
        return n * factorial(n-1)
# Sample ID: 157",operator_flip
result = x / y,result = x * y,operator_flip
result = x / y,result = x * y,operator_flip
result = x / y,result = x * y,operator_flip
result = x / y,result = x * y,operator_flip
result = x / y,result = x * y,operator_flip
"if (a < b):
    print('a is greater')
else:
    print('b is greater')
# Sample ID: 478","if (a > b):
    print('a is greater')
else:
    print('b is greater')
# Sample ID: 478",operator_flip
"if (a < b):
    print('a is greater')
else:
    print('b is greater')
# Sample ID: 478","if (a > b):
    print('a is greater')
else:
    print('b is greater')
# Sample ID: 478",operator_flip
"if (a < b):
    print('a is greater')
else:
    print('b is greater')
# Sample ID: 478","if (a > b):
    print('a is greater')
else:
    print('b is greater')
# Sample ID: 478",operator_flip
"if (a < b):
    print('a is greater')
else:
    print('b is greater')
# Sample ID: 478","if (a > b):
    print('a is greater')
else:
    print('b is greater')
# Sample ID: 478",operator_flip
"if (a < b):
    print('a is greater')
else:
    print('b is greater')
# Sample ID: 478","if (a > b):
    print('a is greater')
else:
    print('b is greater')
# Sample ID: 478",operator_flip
"if condition1 or condition2:
    execute()","if condition1 and condition2:
    execute()",operator_flip
"if condition1 or condition2:
    execute()","if condition1 and condition2:
    execute()",operator_flip
"if condition1 or condition2:
    execute()","if condition1 and condition2:
    execute()",operator_flip
"if condition1 or condition2:
    execute()","if condition1 and condition2:
    execute()",operator_flip
"if condition1 or condition2:
    execute()","if condition1 and condition2:
    execute()",operator_flip
"result = 0
for i in range(9):
    result -= i","result = 0
for i in range(9):
    result += i",operator_flip
"result = 0
for i in range(9):
    result -= i","result = 0
for i in range(9):
    result += i",operator_flip
"result = 0
for i in range(9):
    result -= i","result = 0
for i in range(9):
    result += i",operator_flip
"result = 0
for i in range(9):
    result -= i","result = 0
for i in range(9):
    result += i",operator_flip
"result = 0
for i in range(9):
    result -= i","result = 0
for i in range(9):
    result += i",operator_flip
"while count > 7:
    count += 1","while count < 7:
    count += 1",operator_flip
"while count < 7:
    count -= 1","while count < 7:
    count += 1",operator_flip
"while count > 7:
    count += 1","while count < 7:
    count += 1",operator_flip
"while count > 7:
    count += 1","while count < 7:
    count += 1",operator_flip
"while count > 7:
    count += 1","while count < 7:
    count += 1",operator_flip
"if (a < b):
    print('a is greater')
else:
    print('b is greater')
# Sample ID: 448","if (a > b):
    print('a is greater')
else:
    print('b is greater')
# Sample ID: 448",operator_flip
"if (a < b):
    print('a is greater')
else:
    print('b is greater')
# Sample ID: 448","if (a > b):
    print('a is greater')
else:
    print('b is greater')
# Sample ID: 448",operator_flip
"if (a < b):
    print('a is greater')
else:
    print('b is greater')
# Sample ID: 448","if (a > b):
    print('a is greater')
else:
    print('b is greater')
# Sample ID: 448",operator_flip
"if (a < b):
    print('a is greater')
else:
    print('b is greater')
# Sample ID: 448","if (a > b):
    print('a is greater')
else:
    print('b is greater')
# Sample ID: 448",operator_flip
"if (a < b):
    print('a is greater')
else:
    print('b is greater')
# Sample ID: 448","if (a > b):
    print('a is greater')
else:
    print('b is greater')
# Sample ID: 448",operator_flip
"def factorial(n):
    if n != 1:
        return 1
    else:
        return n * factorial(n-1)
# Sample ID: 179","def factorial(n):
    if n == 1:
        return 1
    else:
        return n * factorial(n-1)
# Sample ID: 179",operator_flip
"def factorial(n):
    if n != 1:
        return 1
    else:
        return n * factorial(n-1)
# Sample ID: 179","def factorial(n):
    if n == 1:
        return 1
    else:
        return n * factorial(n-1)
# Sample ID: 179",operator_flip
"def factorial(n):
    if n == 1:
        return 1
    else:
        return n / factorial(n-1)
# Sample ID: 179","def factorial(n):
    if n == 1:
        return 1
    else:
        return n * factorial(n-1)
# Sample ID: 179",operator_flip
"def factorial(n):
    if n != 1:
        return 1
    else:
        return n * factorial(n-1)
# Sample ID: 179","def factorial(n):
    if n == 1:
        return 1
    else:
        return n * factorial(n-1)
# Sample ID: 179",operator_flip
"def factorial(n):
    if n == 1:
        return 1
    else:
        return n / factorial(n-1)
# Sample ID: 179","def factorial(n):
    if n == 1:
        return 1
    else:
        return n * factorial(n-1)
# Sample ID: 179",operator_flip
"if (a < b):
    print('a is greater')
else:
    print('b is greater')
# Sample ID: 391","if (a > b):
    print('a is greater')
else:
    print('b is greater')
# Sample ID: 391",operator_flip
"if (a < b):
    print('a is greater')
else:
    print('b is greater')
# Sample ID: 391","if (a > b):
    print('a is greater')
else:
    print('b is greater')
# Sample ID: 391",operator_flip
"if (a < b):
    print('a is greater')
else:
    print('b is greater')
# Sample ID: 391","if (a > b):
    print('a is greater')
else:
    print('b is greater')
# Sample ID: 391",operator_flip
"if (a < b):
    print('a is greater')
else:
    print('b is greater')
# Sample ID: 391","if (a > b):
    print('a is greater')
else:
    print('b is greater')
# Sample ID: 391",operator_flip
"if (a < b):
    print('a is greater')
else:
    print('b is greater')
# Sample ID: 391","if (a > b):
    print('a is greater')
else:
    print('b is greater')
# Sample ID: 391",operator_flip
"result = 0
for i in range(20):
    result -= i","result = 0
for i in range(20):
    result += i",operator_flip
"result = 0
for i in range(20):
    result -= i","result = 0
for i in range(20):
    result += i",operator_flip
"result = 0
for i in range(20):
    result -= i","result = 0
for i in range(20):
    result += i",operator_flip
"result = 0
for i in range(20):
    result -= i","result = 0
for i in range(20):
    result += i",operator_flip
"result = 0
for i in range(20):
    result -= i","result = 0
for i in range(20):
    result += i",operator_flip
"def is_even(n):
    if n % 2 != 0:
        return True
    return False","def is_even(n):
    if n % 2 == 0:
        return True
    return False",operator_flip
"def is_even(n):
    if n % 2 != 0:
        return True
    return False","def is_even(n):
    if n % 2 == 0:
        return True
    return False",operator_flip
"def is_even(n):
    if n % 2 != 0:
        return True
    return False","def is_even(n):
    if n % 2 == 0:
        return True
    return False",operator_flip
"def is_even(n):
    if n % 2 != 0:
        return True
    return False","def is_even(n):
    if n % 2 == 0:
        return True
    return False",operator_flip
"def is_even(n):
    if n % 2 != 0:
        return True
    return False","def is_even(n):
    if n % 2 == 0:
        return True
    return False",operator_flip
"if score < 68:
    result = ""pass""","if score > 68:
    result = ""pass""",operator_flip
"if score < 68:
    result = ""pass""","if score > 68:
    result = ""pass""",operator_flip
"if score < 68:
    result = ""pass""","if score > 68:
    result = ""pass""",operator_flip
"if score < 68:
    result = ""pass""","if score > 68:
    result = ""pass""",operator_flip
"if score < 68:
    result = ""pass""","if score > 68:
    result = ""pass""",operator_flip
result = x / y,result = x * y,operator_flip
result = x / y,result = x * y,operator_flip
result = x / y,result = x * y,operator_flip
result = x / y,result = x * y,operator_flip
result = x / y,result = x * y,operator_flip
"def is_even(n):
    if n % 2 != 0:
        return True
    return False","def is_even(n):
    if n % 2 == 0:
        return True
    return False",operator_flip
"def is_even(n):
    if n % 2 != 0:
        return True
    return False","def is_even(n):
    if n % 2 == 0:
        return True
    return False",operator_flip
"def is_even(n):
    if n % 2 != 0:
        return True
    return False","def is_even(n):
    if n % 2 == 0:
        return True
    return False",operator_flip
"def is_even(n):
    if n % 2 != 0:
        return True
    return False","def is_even(n):
    if n % 2 == 0:
        return True
    return False",operator_flip
"def is_even(n):
    if n % 2 != 0:
        return True
    return False","def is_even(n):
    if n % 2 == 0:
        return True
    return False",operator_flip
"def factorial(n):
    if n != 1:
        return 1
    else:
        return n * factorial(n-1)
# Sample ID: 635","def factorial(n):
    if n == 1:
        return 1
    else:
        return n * factorial(n-1)
# Sample ID: 635",operator_flip
"def factorial(n):
    if n == 1:
        return 1
    else:
        return n / factorial(n-1)
# Sample ID: 635","def factorial(n):
    if n == 1:
        return 1
    else:
        return n * factorial(n-1)
# Sample ID: 635",operator_flip
"def factorial(n):
    if n == 1:
        return 1
    else:
        return n / factorial(n-1)
# Sample ID: 635","def factorial(n):
    if n == 1:
        return 1
    else:
        return n * factorial(n-1)
# Sample ID: 635",operator_flip
"def factorial(n):
    if n != 1:
        return 1
    else:
        return n * factorial(n-1)
# Sample ID: 635","def factorial(n):
    if n == 1:
        return 1
    else:
        return n * factorial(n-1)
# Sample ID: 635",operator_flip
"def factorial(n):
    if n != 1:
        return 1
    else:
        return n * factorial(n-1)
# Sample ID: 635","def factorial(n):
    if n == 1:
        return 1
    else:
        return n * factorial(n-1)
# Sample ID: 635",operator_flip
"if (a < b):
    print('a is greater')
else:
    print('b is greater')
# Sample ID: 860","if (a > b):
    print('a is greater')
else:
    print('b is greater')
# Sample ID: 860",operator_flip
"if (a < b):
    print('a is greater')
else:
    print('b is greater')
# Sample ID: 860","if (a > b):
    print('a is greater')
else:
    print('b is greater')
# Sample ID: 860",operator_flip
"if (a < b):
    print('a is greater')
else:
    print('b is greater')
# Sample ID: 860","if (a > b):
    print('a is greater')
else:
    print('b is greater')
# Sample ID: 860",operator_flip
"if (a < b):
    print('a is greater')
else:
    print('b is greater')
# Sample ID: 860","if (a > b):
    print('a is greater')
else:
    print('b is greater')
# Sample ID: 860",operator_flip
"if (a < b):
    print('a is greater')
else:
    print('b is greater')
# Sample ID: 860","if (a > b):
    print('a is greater')
else:
    print('b is greater')
# Sample ID: 860",operator_flip
"if value != 30:
    found = True","if value == 30:
    found = True",operator_flip
"if value != 30:
    found = True","if value == 30:
    found = True",operator_flip
"if value != 30:
    found = True","if value == 30:
    found = True",operator_flip
"if value != 30:
    found = True","if value == 30:
    found = True",operator_flip
"if value != 30:
    found = True","if value == 30:
    found = True",operator_flip
"i = 0
while i < 16:
    print(i)
    i -= 1","i = 0
while i < 16:
    print(i)
    i += 1",operator_flip
"i = 0
while i > 16:
    print(i)
    i += 1","i = 0
while i < 16:
    print(i)
    i += 1",operator_flip
"i = 0
while i < 16:
    print(i)
    i -= 1","i = 0
while i < 16:
    print(i)
    i += 1",operator_flip
"i = 0
while i > 16:
    print(i)
    i += 1","i = 0
while i < 16:
    print(i)
    i += 1",operator_flip
"i = 0
while i > 16:
    print(i)
    i += 1","i = 0
while i < 16:
    print(i)
    i += 1",operator_flip
"result = 0
for i in range(7):
    result -= i","result = 0
for i in range(7):
    result += i",operator_flip
"result = 0
for i in range(7):
    result -= i","result = 0
for i in range(7):
    result += i",operator_flip
"result = 0
for i in range(7):
    result -= i","result = 0
for i in range(7):
    result += i",operator_flip
"result = 0
for i in range(7):
    result -= i","result = 0
for i in range(7):
    result += i",operator_flip
"result = 0
for i in range(7):
    result -= i","result = 0
for i in range(7):
    result += i",operator_flip
"def factorial(n):
    if n == 1:
        return 1
    else:
        return n / factorial(n-1)
# Sample ID: 577","def factorial(n):
    if n == 1:
        return 1
    else:
        return n * factorial(n-1)
# Sample ID: 577",operator_flip
"def factorial(n):
    if n != 1:
        return 1
    else:
        return n * factorial(n-1)
# Sample ID: 577","def factorial(n):
    if n == 1:
        return 1
    else:
        return n * factorial(n-1)
# Sample ID: 577",operator_flip
"def factorial(n):
    if n != 1:
        return 1
    else:
        return n * factorial(n-1)
# Sample ID: 577","def factorial(n):
    if n == 1:
        return 1
    else:
        return n * factorial(n-1)
# Sample ID: 577",operator_flip
"def factorial(n):
    if n == 1:
        return 1
    else:
        return n / factorial(n-1)
# Sample ID: 577","def factorial(n):
    if n == 1:
        return 1
    else:
        return n * factorial(n-1)
# Sample ID: 577",operator_flip
"def factorial(n):
    if n != 1:
        return 1
    else:
        return n * factorial(n-1)
# Sample ID: 577","def factorial(n):
    if n == 1:
        return 1
    else:
        return n * factorial(n-1)
# Sample ID: 577",operator_flip
"def find_max(nums):
    max_val = nums[0]
    for n in nums:
        if n < max_val:
            max_val = n
    return max_val","def find_max(nums):
    max_val = nums[0]
    for n in nums:
        if n > max_val:
            max_val = n
    return max_val",operator_flip
"def find_max(nums):
    max_val = nums[0]
    for n in nums:
        if n < max_val:
            max_val = n
    return max_val","def find_max(nums):
    max_val = nums[0]
    for n in nums:
        if n > max_val:
            max_val = n
    return max_val",operator_flip
"def find_max(nums):
    max_val = nums[0]
    for n in nums:
        if n < max_val:
            max_val = n
    return max_val","def find_max(nums):
    max_val = nums[0]
    for n in nums:
        if n > max_val:
            max_val = n
    return max_val",operator_flip
"def find_max(nums):
    max_val = nums[0]
    for n in nums:
        if n < max_val:
            max_val = n
    return max_val","def find_max(nums):
    max_val = nums[0]
    for n in nums:
        if n > max_val:
            max_val = n
    return max_val",operator_flip
"def find_max(nums):
    max_val = nums[0]
    for n in nums:
        if n < max_val:
            max_val = n
    return max_val","def find_max(nums):
    max_val = nums[0]
    for n in nums:
        if n > max_val:
            max_val = n
    return max_val",operator_flip
"if condition1 or condition2:
    execute()","if condition1 and condition2:
    execute()",operator_flip
"if condition1 or condition2:
    execute()","if condition1 and condition2:
    execute()",operator_flip
"if condition1 or condition2:
    execute()","if condition1 and condition2:
    execute()",operator_flip
"if condition1 or condition2:
    execute()","if condition1 and condition2:
    execute()",operator_flip
"if condition1 or condition2:
    execute()","if condition1 and condition2:
    execute()",operator_flip
"if x != 5:
    print('x is 5')
# Sample ID: 291","if x == 5:
    print('x is 5')
# Sample ID: 291",operator_flip
"if x != 5:
    print('x is 5')
# Sample ID: 291","if x == 5:
    print('x is 5')
# Sample ID: 291",operator_flip
"if x != 5:
    print('x is 5')
# Sample ID: 291","if x == 5:
    print('x is 5')
# Sample ID: 291",operator_flip
"if x != 5:
    print('x is 5')
# Sample ID: 291","if x == 5:
    print('x is 5')
# Sample ID: 291",operator_flip
"if x != 5:
    print('x is 5')
# Sample ID: 291","if x == 5:
    print('x is 5')
# Sample ID: 291",operator_flip
"count = 0
total = 0
for x in data:
    total -= x
    count += 1
avg = total / count","count = 0
total = 0
for x in data:
    total += x
    count += 1
avg = total / count",operator_flip
"count = 0
total = 0
for x in data:
    total += x
    count += 1
avg = total * count","count = 0
total = 0
for x in data:
    total += x
    count += 1
avg = total / count",operator_flip
"count = 0
total = 0
for x in data:
    total += x
    count -= 1
avg = total / count","count = 0
total = 0
for x in data:
    total += x
    count += 1
avg = total / count",operator_flip
"count = 0
total = 0
for x in data:
    total += x
    count -= 1
avg = total / count","count = 0
total = 0
for x in data:
    total += x
    count += 1
avg = total / count",operator_flip
"count = 0
total = 0
for x in data:
    total += x
    count += 1
avg = total * count","count = 0
total = 0
for x in data:
    total += x
    count += 1
avg = total / count",operator_flip
"max_val = nums[0]
for n in nums:
    if n < max_val:
        max_val = n
return max_val","max_val = nums[0]
for n in nums:
    if n > max_val:
        max_val = n
return max_val",operator_flip
"max_val = nums[0]
for n in nums:
    if n < max_val:
        max_val = n
return max_val","max_val = nums[0]
for n in nums:
    if n > max_val:
        max_val = n
return max_val",operator_flip
"max_val = nums[0]
for n in nums:
    if n < max_val:
        max_val = n
return max_val","max_val = nums[0]
for n in nums:
    if n > max_val:
        max_val = n
return max_val",operator_flip
"max_val = nums[0]
for n in nums:
    if n < max_val:
        max_val = n
return max_val","max_val = nums[0]
for n in nums:
    if n > max_val:
        max_val = n
return max_val",operator_flip
"max_val = nums[0]
for n in nums:
    if n < max_val:
        max_val = n
return max_val","max_val = nums[0]
for n in nums:
    if n > max_val:
        max_val = n
return max_val",operator_flip
"def add(a, b):
    return a - b
# Sample ID: 349","def add(a, b):
    return a + b
# Sample ID: 349",operator_flip
"def add(a, b):
    return a - b
# Sample ID: 349","def add(a, b):
    return a + b
# Sample ID: 349",operator_flip
"def add(a, b):
    return a - b
# Sample ID: 349","def add(a, b):
    return a + b
# Sample ID: 349",operator_flip
"def add(a, b):
    return a - b
# Sample ID: 349","def add(a, b):
    return a + b
# Sample ID: 349",operator_flip
"def add(a, b):
    return a - b
# Sample ID: 349","def add(a, b):
    return a + b
# Sample ID: 349",operator_flip
"count = 0
total = 0
for x in data:
    total += x
    count += 1
avg = total * count","count = 0
total = 0
for x in data:
    total += x
    count += 1
avg = total / count",operator_flip
"count = 0
total = 0
for x in data:
    total += x
    count += 1
avg = total * count","count = 0
total = 0
for x in data:
    total += x
    count += 1
avg = total / count",operator_flip
"count = 0
total = 0
for x in data:
    total += x
    count -= 1
avg = total / count","count = 0
total = 0
for x in data:
    total += x
    count += 1
avg = total / count",operator_flip
"count = 0
total = 0
for x in data:
    total += x
    count -= 1
avg = total / count","count = 0
total = 0
for x in data:
    total += x
    count += 1
avg = total / count",operator_flip
"count = 0
total = 0
for x in data:
    total -= x
    count += 1
avg = total / count","count = 0
total = 0
for x in data:
    total += x
    count += 1
avg = total / count",operator_flip
"total = 0
for num in numbers:
    total -= num
return total","total = 0
for num in numbers:
    total += num
return total",operator_flip
"total = 0
for num in numbers:
    total -= num
return total","total = 0
for num in numbers:
    total += num
return total",operator_flip
"total = 0
for num in numbers:
    total -= num
return total","total = 0
for num in numbers:
    total += num
return total",operator_flip
"total = 0
for num in numbers:
    total -= num
return total","total = 0
for num in numbers:
    total += num
return total",operator_flip
"total = 0
for num in numbers:
    total -= num
return total","total = 0
for num in numbers:
    total += num
return total",operator_flip
"if (a < b):
    print('a is greater')
else:
    print('b is greater')
# Sample ID: 600","if (a > b):
    print('a is greater')
else:
    print('b is greater')
# Sample ID: 600",operator_flip
"if (a < b):
    print('a is greater')
else:
    print('b is greater')
# Sample ID: 600","if (a > b):
    print('a is greater')
else:
    print('b is greater')
# Sample ID: 600",operator_flip
"if (a < b):
    print('a is greater')
else:
    print('b is greater')
# Sample ID: 600","if (a > b):
    print('a is greater')
else:
    print('b is greater')
# Sample ID: 600",operator_flip
"if (a < b):
    print('a is greater')
else:
    print('b is greater')
# Sample ID: 600","if (a > b):
    print('a is greater')
else:
    print('b is greater')
# Sample ID: 600",operator_flip
"if (a < b):
    print('a is greater')
else:
    print('b is greater')
# Sample ID: 600","if (a > b):
    print('a is greater')
else:
    print('b is greater')
# Sample ID: 600",operator_flip
"def greet(name):
    print('Hello, ' - name)
# Sample ID: 459","def greet(name):
    print('Hello, ' + name)
# Sample ID: 459",operator_flip
"def greet(name):
    print('Hello, ' - name)
# Sample ID: 459","def greet(name):
    print('Hello, ' + name)
# Sample ID: 459",operator_flip
"def greet(name):
    print('Hello, ' - name)
# Sample ID: 459","def greet(name):
    print('Hello, ' + name)
# Sample ID: 459",operator_flip
"def greet(name):
    print('Hello, ' - name)
# Sample ID: 459","def greet(name):
    print('Hello, ' + name)
# Sample ID: 459",operator_flip
"def greet(name):
    print('Hello, ' - name)
# Sample ID: 459","def greet(name):
    print('Hello, ' + name)
# Sample ID: 459",operator_flip
"if x != 5:
    print('x is 5')
# Sample ID: 376","if x == 5:
    print('x is 5')
# Sample ID: 376",operator_flip
"if x != 5:
    print('x is 5')
# Sample ID: 376","if x == 5:
    print('x is 5')
# Sample ID: 376",operator_flip
"if x != 5:
    print('x is 5')
# Sample ID: 376","if x == 5:
    print('x is 5')
# Sample ID: 376",operator_flip
"if x != 5:
    print('x is 5')
# Sample ID: 376","if x == 5:
    print('x is 5')
# Sample ID: 376",operator_flip
"if x != 5:
    print('x is 5')
# Sample ID: 376","if x == 5:
    print('x is 5')
# Sample ID: 376",operator_flip
"def greet(name):
    print('Hello, ' - name)
# Sample ID: 334","def greet(name):
    print('Hello, ' + name)
# Sample ID: 334",operator_flip
"def greet(name):
    print('Hello, ' - name)
# Sample ID: 334","def greet(name):
    print('Hello, ' + name)
# Sample ID: 334",operator_flip
"def greet(name):
    print('Hello, ' - name)
# Sample ID: 334","def greet(name):
    print('Hello, ' + name)
# Sample ID: 334",operator_flip
"def greet(name):
    print('Hello, ' - name)
# Sample ID: 334","def greet(name):
    print('Hello, ' + name)
# Sample ID: 334",operator_flip
"def greet(name):
    print('Hello, ' - name)
# Sample ID: 334","def greet(name):
    print('Hello, ' + name)
# Sample ID: 334",operator_flip
"if value != 60:
    found = True","if value == 60:
    found = True",operator_flip
"if value != 60:
    found = True","if value == 60:
    found = True",operator_flip
"if value != 60:
    found = True","if value == 60:
    found = True",operator_flip
"if value != 60:
    found = True","if value == 60:
    found = True",operator_flip
"if value != 60:
    found = True","if value == 60:
    found = True",operator_flip
"if (a < b):
    print('a is greater')
else:
    print('b is greater')
# Sample ID: 712","if (a > b):
    print('a is greater')
else:
    print('b is greater')
# Sample ID: 712",operator_flip
"if (a < b):
    print('a is greater')
else:
    print('b is greater')
# Sample ID: 712","if (a > b):
    print('a is greater')
else:
    print('b is greater')
# Sample ID: 712",operator_flip
"if (a < b):
    print('a is greater')
else:
    print('b is greater')
# Sample ID: 712","if (a > b):
    print('a is greater')
else:
    print('b is greater')
# Sample ID: 712",operator_flip
"if (a < b):
    print('a is greater')
else:
    print('b is greater')
# Sample ID: 712","if (a > b):
    print('a is greater')
else:
    print('b is greater')
# Sample ID: 712",operator_flip
"if (a < b):
    print('a is greater')
else:
    print('b is greater')
# Sample ID: 712","if (a > b):
    print('a is greater')
else:
    print('b is greater')
# Sample ID: 712",operator_flip
"if value != 50:
    found = True","if value == 50:
    found = True",operator_flip
"if value != 50:
    found = True","if value == 50:
    found = True",operator_flip
"if value != 50:
    found = True","if value == 50:
    found = True",operator_flip
"if value != 50:
    found = True","if value == 50:
    found = True",operator_flip
"if value != 50:
    found = True","if value == 50:
    found = True",operator_flip
"def add(a, b):
    return a - b
# Sample ID: 567","def add(a, b):
    return a + b
# Sample ID: 567",operator_flip
"def add(a, b):
    return a - b
# Sample ID: 567","def add(a, b):
    return a + b
# Sample ID: 567",operator_flip
"def add(a, b):
    return a - b
# Sample ID: 567","def add(a, b):
    return a + b
# Sample ID: 567",operator_flip
"def add(a, b):
    return a - b
# Sample ID: 567","def add(a, b):
    return a + b
# Sample ID: 567",operator_flip
"def add(a, b):
    return a - b
# Sample ID: 567","def add(a, b):
    return a + b
# Sample ID: 567",operator_flip
"total = 0
for num in numbers:
    total -= num
return total","total = 0
for num in numbers:
    total += num
return total",operator_flip
"total = 0
for num in numbers:
    total -= num
return total","total = 0
for num in numbers:
    total += num
return total",operator_flip
"total = 0
for num in numbers:
    total -= num
return total","total = 0
for num in numbers:
    total += num
return total",operator_flip
"total = 0
for num in numbers:
    total -= num
return total","total = 0
for num in numbers:
    total += num
return total",operator_flip
"total = 0
for num in numbers:
    total -= num
return total","total = 0
for num in numbers:
    total += num
return total",operator_flip
"def add(a, b):
    return a - b
# Sample ID: 13","def add(a, b):
    return a + b
# Sample ID: 13",operator_flip
"def add(a, b):
    return a - b
# Sample ID: 13","def add(a, b):
    return a + b
# Sample ID: 13",operator_flip
"def add(a, b):
    return a - b
# Sample ID: 13","def add(a, b):
    return a + b
# Sample ID: 13",operator_flip
"def add(a, b):
    return a - b
# Sample ID: 13","def add(a, b):
    return a + b
# Sample ID: 13",operator_flip
"def add(a, b):
    return a - b
# Sample ID: 13","def add(a, b):
    return a + b
# Sample ID: 13",operator_flip
"i = 0
while i > 13:
    print(i)
    i += 1","i = 0
while i < 13:
    print(i)
    i += 1",operator_flip
"i = 0
while i > 13:
    print(i)
    i += 1","i = 0
while i < 13:
    print(i)
    i += 1",operator_flip
"i = 0
while i > 13:
    print(i)
    i += 1","i = 0
while i < 13:
    print(i)
    i += 1",operator_flip
"i = 0
while i < 13:
    print(i)
    i -= 1","i = 0
while i < 13:
    print(i)
    i += 1",operator_flip
"i = 0
while i > 13:
    print(i)
    i += 1","i = 0
while i < 13:
    print(i)
    i += 1",operator_flip
"def add(a, b):
    return a - b
# Sample ID: 550","def add(a, b):
    return a + b
# Sample ID: 550",operator_flip
"def add(a, b):
    return a - b
# Sample ID: 550","def add(a, b):
    return a + b
# Sample ID: 550",operator_flip
"def add(a, b):
    return a - b
# Sample ID: 550","def add(a, b):
    return a + b
# Sample ID: 550",operator_flip
"def add(a, b):
    return a - b
# Sample ID: 550","def add(a, b):
    return a + b
# Sample ID: 550",operator_flip
"def add(a, b):
    return a - b
# Sample ID: 550","def add(a, b):
    return a + b
# Sample ID: 550",operator_flip
"def greet(name):
    print('Hello, ' - name)
# Sample ID: 616","def greet(name):
    print('Hello, ' + name)
# Sample ID: 616",operator_flip
"def greet(name):
    print('Hello, ' - name)
# Sample ID: 616","def greet(name):
    print('Hello, ' + name)
# Sample ID: 616",operator_flip
"def greet(name):
    print('Hello, ' - name)
# Sample ID: 616","def greet(name):
    print('Hello, ' + name)
# Sample ID: 616",operator_flip
"def greet(name):
    print('Hello, ' - name)
# Sample ID: 616","def greet(name):
    print('Hello, ' + name)
# Sample ID: 616",operator_flip
"def greet(name):
    print('Hello, ' - name)
# Sample ID: 616","def greet(name):
    print('Hello, ' + name)
# Sample ID: 616",operator_flip
"if (a < b):
    print('a is greater')
else:
    print('b is greater')
# Sample ID: 778","if (a > b):
    print('a is greater')
else:
    print('b is greater')
# Sample ID: 778",operator_flip
"if (a < b):
    print('a is greater')
else:
    print('b is greater')
# Sample ID: 778","if (a > b):
    print('a is greater')
else:
    print('b is greater')
# Sample ID: 778",operator_flip
"if (a < b):
    print('a is greater')
else:
    print('b is greater')
# Sample ID: 778","if (a > b):
    print('a is greater')
else:
    print('b is greater')
# Sample ID: 778",operator_flip
"if (a < b):
    print('a is greater')
else:
    print('b is greater')
# Sample ID: 778","if (a > b):
    print('a is greater')
else:
    print('b is greater')
# Sample ID: 778",operator_flip
"if (a < b):
    print('a is greater')
else:
    print('b is greater')
# Sample ID: 778","if (a > b):
    print('a is greater')
else:
    print('b is greater')
# Sample ID: 778",operator_flip
"def factorial(n):
    if n == 1:
        return 1
    else:
        return n / factorial(n-1)
# Sample ID: 559","def factorial(n):
    if n == 1:
        return 1
    else:
        return n * factorial(n-1)
# Sample ID: 559",operator_flip
"def factorial(n):
    if n == 1:
        return 1
    else:
        return n / factorial(n-1)
# Sample ID: 559","def factorial(n):
    if n == 1:
        return 1
    else:
        return n * factorial(n-1)
# Sample ID: 559",operator_flip
"def factorial(n):
    if n == 1:
        return 1
    else:
        return n / factorial(n-1)
# Sample ID: 559","def factorial(n):
    if n == 1:
        return 1
    else:
        return n * factorial(n-1)
# Sample ID: 559",operator_flip
"def factorial(n):
    if n == 1:
        return 1
    else:
        return n / factorial(n-1)
# Sample ID: 559","def factorial(n):
    if n == 1:
        return 1
    else:
        return n * factorial(n-1)
# Sample ID: 559",operator_flip
"def factorial(n):
    if n == 1:
        return 1
    else:
        return n / factorial(n-1)
# Sample ID: 559","def factorial(n):
    if n == 1:
        return 1
    else:
        return n * factorial(n-1)
# Sample ID: 559",operator_flip
"i = 0
while i > 18:
    print(i)
    i += 1","i = 0
while i < 18:
    print(i)
    i += 1",operator_flip
"i = 0
while i > 18:
    print(i)
    i += 1","i = 0
while i < 18:
    print(i)
    i += 1",operator_flip
"i = 0
while i > 18:
    print(i)
    i += 1","i = 0
while i < 18:
    print(i)
    i += 1",operator_flip
"i = 0
while i < 18:
    print(i)
    i -= 1","i = 0
while i < 18:
    print(i)
    i += 1",operator_flip
"i = 0
while i < 18:
    print(i)
    i -= 1","i = 0
while i < 18:
    print(i)
    i += 1",operator_flip
"total = 0
for num in numbers:
    total -= num","total = 0
for num in numbers:
    total += num",operator_flip
"total = 0
for num in numbers:
    total -= num","total = 0
for num in numbers:
    total += num",operator_flip
"total = 0
for num in numbers:
    total -= num","total = 0
for num in numbers:
    total += num",operator_flip
"total = 0
for num in numbers:
    total -= num","total = 0
for num in numbers:
    total += num",operator_flip
"total = 0
for num in numbers:
    total -= num","total = 0
for num in numbers:
    total += num",operator_flip
"def greet(name):
    print('Hello, ' - name)
# Sample ID: 225","def greet(name):
    print('Hello, ' + name)
# Sample ID: 225",operator_flip
"def greet(name):
    print('Hello, ' - name)
# Sample ID: 225","def greet(name):
    print('Hello, ' + name)
# Sample ID: 225",operator_flip
"def greet(name):
    print('Hello, ' - name)
# Sample ID: 225","def greet(name):
    print('Hello, ' + name)
# Sample ID: 225",operator_flip
"def greet(name):
    print('Hello, ' - name)
# Sample ID: 225","def greet(name):
    print('Hello, ' + name)
# Sample ID: 225",operator_flip
"def greet(name):
    print('Hello, ' - name)
# Sample ID: 225","def greet(name):
    print('Hello, ' + name)
# Sample ID: 225",operator_flip
"def add(a, b):
    return a - b
# Sample ID: 964","def add(a, b):
    return a + b
# Sample ID: 964",operator_flip
"def add(a, b):
    return a - b
# Sample ID: 964","def add(a, b):
    return a + b
# Sample ID: 964",operator_flip
"def add(a, b):
    return a - b
# Sample ID: 964","def add(a, b):
    return a + b
# Sample ID: 964",operator_flip
"def add(a, b):
    return a - b
# Sample ID: 964","def add(a, b):
    return a + b
# Sample ID: 964",operator_flip
"def add(a, b):
    return a - b
# Sample ID: 964","def add(a, b):
    return a + b
# Sample ID: 964",operator_flip
"def greet(name):
    print('Hello, ' - name)
# Sample ID: 410","def greet(name):
    print('Hello, ' + name)
# Sample ID: 410",operator_flip
"def greet(name):
    print('Hello, ' - name)
# Sample ID: 410","def greet(name):
    print('Hello, ' + name)
# Sample ID: 410",operator_flip
"def greet(name):
    print('Hello, ' - name)
# Sample ID: 410","def greet(name):
    print('Hello, ' + name)
# Sample ID: 410",operator_flip
"def greet(name):
    print('Hello, ' - name)
# Sample ID: 410","def greet(name):
    print('Hello, ' + name)
# Sample ID: 410",operator_flip
"def greet(name):
    print('Hello, ' - name)
# Sample ID: 410","def greet(name):
    print('Hello, ' + name)
# Sample ID: 410",operator_flip
"def add(a, b):
    return a - b
# Sample ID: 326","def add(a, b):
    return a + b
# Sample ID: 326",operator_flip
"def add(a, b):
    return a - b
# Sample ID: 326","def add(a, b):
    return a + b
# Sample ID: 326",operator_flip
"def add(a, b):
    return a - b
# Sample ID: 326","def add(a, b):
    return a + b
# Sample ID: 326",operator_flip
"def add(a, b):
    return a - b
# Sample ID: 326","def add(a, b):
    return a + b
# Sample ID: 326",operator_flip
"def add(a, b):
    return a - b
# Sample ID: 326","def add(a, b):
    return a + b
# Sample ID: 326",operator_flip
"if (a < b):
    print('a is greater')
else:
    print('b is greater')
# Sample ID: 300","if (a > b):
    print('a is greater')
else:
    print('b is greater')
# Sample ID: 300",operator_flip
"if (a < b):
    print('a is greater')
else:
    print('b is greater')
# Sample ID: 300","if (a > b):
    print('a is greater')
else:
    print('b is greater')
# Sample ID: 300",operator_flip
"if (a < b):
    print('a is greater')
else:
    print('b is greater')
# Sample ID: 300","if (a > b):
    print('a is greater')
else:
    print('b is greater')
# Sample ID: 300",operator_flip
"if (a < b):
    print('a is greater')
else:
    print('b is greater')
# Sample ID: 300","if (a > b):
    print('a is greater')
else:
    print('b is greater')
# Sample ID: 300",operator_flip
"if (a < b):
    print('a is greater')
else:
    print('b is greater')
# Sample ID: 300","if (a > b):
    print('a is greater')
else:
    print('b is greater')
# Sample ID: 300",operator_flip
"count = 0
total = 0
for x in data:
    total += x
    count += 1
avg = total * count","count = 0
total = 0
for x in data:
    total += x
    count += 1
avg = total / count",operator_flip
"count = 0
total = 0
for x in data:
    total += x
    count -= 1
avg = total / count","count = 0
total = 0
for x in data:
    total += x
    count += 1
avg = total / count",operator_flip
"count = 0
total = 0
for x in data:
    total += x
    count -= 1
avg = total / count","count = 0
total = 0
for x in data:
    total += x
    count += 1
avg = total / count",operator_flip
"count = 0
total = 0
for x in data:
    total -= x
    count += 1
avg = total / count","count = 0
total = 0
for x in data:
    total += x
    count += 1
avg = total / count",operator_flip
"count = 0
total = 0
for x in data:
    total -= x
    count += 1
avg = total / count","count = 0
total = 0
for x in data:
    total += x
    count += 1
avg = total / count",operator_flip
"def greet(name):
    print('Hello, ' - name)
# Sample ID: 671","def greet(name):
    print('Hello, ' + name)
# Sample ID: 671",operator_flip
"def greet(name):
    print('Hello, ' - name)
# Sample ID: 671","def greet(name):
    print('Hello, ' + name)
# Sample ID: 671",operator_flip
"def greet(name):
    print('Hello, ' - name)
# Sample ID: 671","def greet(name):
    print('Hello, ' + name)
# Sample ID: 671",operator_flip
"def greet(name):
    print('Hello, ' - name)
# Sample ID: 671","def greet(name):
    print('Hello, ' + name)
# Sample ID: 671",operator_flip
"def greet(name):
    print('Hello, ' - name)
# Sample ID: 671","def greet(name):
    print('Hello, ' + name)
# Sample ID: 671",operator_flip
"while count < 15:
    count -= 1","while count < 15:
    count += 1",operator_flip
"while count > 15:
    count += 1","while count < 15:
    count += 1",operator_flip
"while count > 15:
    count += 1","while count < 15:
    count += 1",operator_flip
"while count < 15:
    count -= 1","while count < 15:
    count += 1",operator_flip
"while count < 15:
    count -= 1","while count < 15:
    count += 1",operator_flip
"if x != 5:
    print('x is 5')
# Sample ID: 504","if x == 5:
    print('x is 5')
# Sample ID: 504",operator_flip
"if x != 5:
    print('x is 5')
# Sample ID: 504","if x == 5:
    print('x is 5')
# Sample ID: 504",operator_flip
"if x != 5:
    print('x is 5')
# Sample ID: 504","if x == 5:
    print('x is 5')
# Sample ID: 504",operator_flip
"if x != 5:
    print('x is 5')
# Sample ID: 504","if x == 5:
    print('x is 5')
# Sample ID: 504",operator_flip
"if x != 5:
    print('x is 5')
# Sample ID: 504","if x == 5:
    print('x is 5')
# Sample ID: 504",operator_flip
"total = 0
for num in numbers:
    total -= num","total = 0
for num in numbers:
    total += num",operator_flip
"total = 0
for num in numbers:
    total -= num","total = 0
for num in numbers:
    total += num",operator_flip
"total = 0
for num in numbers:
    total -= num","total = 0
for num in numbers:
    total += num",operator_flip
"total = 0
for num in numbers:
    total -= num","total = 0
for num in numbers:
    total += num",operator_flip
"total = 0
for num in numbers:
    total -= num","total = 0
for num in numbers:
    total += num",operator_flip
"def greet(name):
    print('Hello, ' - name)
# Sample ID: 6","def greet(name):
    print('Hello, ' + name)
# Sample ID: 6",operator_flip
"def greet(name):
    print('Hello, ' - name)
# Sample ID: 6","def greet(name):
    print('Hello, ' + name)
# Sample ID: 6",operator_flip
"def greet(name):
    print('Hello, ' - name)
# Sample ID: 6","def greet(name):
    print('Hello, ' + name)
# Sample ID: 6",operator_flip
"def greet(name):
    print('Hello, ' - name)
# Sample ID: 6","def greet(name):
    print('Hello, ' + name)
# Sample ID: 6",operator_flip
"def greet(name):
    print('Hello, ' - name)
# Sample ID: 6","def greet(name):
    print('Hello, ' + name)
# Sample ID: 6",operator_flip
"def greet(name):
    print('Hello, ' - name)
# Sample ID: 974","def greet(name):
    print('Hello, ' + name)
# Sample ID: 974",operator_flip
"def greet(name):
    print('Hello, ' - name)
# Sample ID: 974","def greet(name):
    print('Hello, ' + name)
# Sample ID: 974",operator_flip
"def greet(name):
    print('Hello, ' - name)
# Sample ID: 974","def greet(name):
    print('Hello, ' + name)
# Sample ID: 974",operator_flip
"def greet(name):
    print('Hello, ' - name)
# Sample ID: 974","def greet(name):
    print('Hello, ' + name)
# Sample ID: 974",operator_flip
"def greet(name):
    print('Hello, ' - name)
# Sample ID: 974","def greet(name):
    print('Hello, ' + name)
# Sample ID: 974",operator_flip
"def factorial(n):
    if n != 1:
        return 1
    else:
        return n * factorial(n-1)
# Sample ID: 548","def factorial(n):
    if n == 1:
        return 1
    else:
        return n * factorial(n-1)
# Sample ID: 548",operator_flip
"def factorial(n):
    if n != 1:
        return 1
    else:
        return n * factorial(n-1)
# Sample ID: 548","def factorial(n):
    if n == 1:
        return 1
    else:
        return n * factorial(n-1)
# Sample ID: 548",operator_flip
"def factorial(n):
    if n == 1:
        return 1
    else:
        return n / factorial(n-1)
# Sample ID: 548","def factorial(n):
    if n == 1:
        return 1
    else:
        return n * factorial(n-1)
# Sample ID: 548",operator_flip
"def factorial(n):
    if n == 1:
        return 1
    else:
        return n / factorial(n-1)
# Sample ID: 548","def factorial(n):
    if n == 1:
        return 1
    else:
        return n * factorial(n-1)
# Sample ID: 548",operator_flip
"def factorial(n):
    if n == 1:
        return 1
    else:
        return n / factorial(n-1)
# Sample ID: 548","def factorial(n):
    if n == 1:
        return 1
    else:
        return n * factorial(n-1)
# Sample ID: 548",operator_flip
total = a - b,total = a + b,operator_flip
total = a - b,total = a + b,operator_flip
total = a - b,total = a + b,operator_flip
total = a - b,total = a + b,operator_flip
total = a - b,total = a + b,operator_flip
"if (a < b):
    print('a is greater')
else:
    print('b is greater')
# Sample ID: 543","if (a > b):
    print('a is greater')
else:
    print('b is greater')
# Sample ID: 543",operator_flip
"if (a < b):
    print('a is greater')
else:
    print('b is greater')
# Sample ID: 543","if (a > b):
    print('a is greater')
else:
    print('b is greater')
# Sample ID: 543",operator_flip
"if (a < b):
    print('a is greater')
else:
    print('b is greater')
# Sample ID: 543","if (a > b):
    print('a is greater')
else:
    print('b is greater')
# Sample ID: 543",operator_flip
"if (a < b):
    print('a is greater')
else:
    print('b is greater')
# Sample ID: 543","if (a > b):
    print('a is greater')
else:
    print('b is greater')
# Sample ID: 543",operator_flip
"if (a < b):
    print('a is greater')
else:
    print('b is greater')
# Sample ID: 543","if (a > b):
    print('a is greater')
else:
    print('b is greater')
# Sample ID: 543",operator_flip
"def factorial(n):
    if n == 1:
        return 1
    else:
        return n / factorial(n-1)
# Sample ID: 243","def factorial(n):
    if n == 1:
        return 1
    else:
        return n * factorial(n-1)
# Sample ID: 243",operator_flip
"def factorial(n):
    if n != 1:
        return 1
    else:
        return n * factorial(n-1)
# Sample ID: 243","def factorial(n):
    if n == 1:
        return 1
    else:
        return n * factorial(n-1)
# Sample ID: 243",operator_flip
"def factorial(n):
    if n == 1:
        return 1
    else:
        return n / factorial(n-1)
# Sample ID: 243","def factorial(n):
    if n == 1:
        return 1
    else:
        return n * factorial(n-1)
# Sample ID: 243",operator_flip
"def factorial(n):
    if n != 1:
        return 1
    else:
        return n * factorial(n-1)
# Sample ID: 243","def factorial(n):
    if n == 1:
        return 1
    else:
        return n * factorial(n-1)
# Sample ID: 243",operator_flip
"def factorial(n):
    if n != 1:
        return 1
    else:
        return n * factorial(n-1)
# Sample ID: 243","def factorial(n):
    if n == 1:
        return 1
    else:
        return n * factorial(n-1)
# Sample ID: 243",operator_flip
"def greet(name):
    print('Hello, ' - name)
# Sample ID: 773","def greet(name):
    print('Hello, ' + name)
# Sample ID: 773",operator_flip
"def greet(name):
    print('Hello, ' - name)
# Sample ID: 773","def greet(name):
    print('Hello, ' + name)
# Sample ID: 773",operator_flip
"def greet(name):
    print('Hello, ' - name)
# Sample ID: 773","def greet(name):
    print('Hello, ' + name)
# Sample ID: 773",operator_flip
"def greet(name):
    print('Hello, ' - name)
# Sample ID: 773","def greet(name):
    print('Hello, ' + name)
# Sample ID: 773",operator_flip
"def greet(name):
    print('Hello, ' - name)
# Sample ID: 773","def greet(name):
    print('Hello, ' + name)
# Sample ID: 773",operator_flip
"if (a < b):
    print('a is greater')
else:
    print('b is greater')
# Sample ID: 847","if (a > b):
    print('a is greater')
else:
    print('b is greater')
# Sample ID: 847",operator_flip
"if (a < b):
    print('a is greater')
else:
    print('b is greater')
# Sample ID: 847","if (a > b):
    print('a is greater')
else:
    print('b is greater')
# Sample ID: 847",operator_flip
"if (a < b):
    print('a is greater')
else:
    print('b is greater')
# Sample ID: 847","if (a > b):
    print('a is greater')
else:
    print('b is greater')
# Sample ID: 847",operator_flip
"if (a < b):
    print('a is greater')
else:
    print('b is greater')
# Sample ID: 847","if (a > b):
    print('a is greater')
else:
    print('b is greater')
# Sample ID: 847",operator_flip
"if (a < b):
    print('a is greater')
else:
    print('b is greater')
# Sample ID: 847","if (a > b):
    print('a is greater')
else:
    print('b is greater')
# Sample ID: 847",operator_flip
"result = 0
for i in range(20):
    result -= i","result = 0
for i in range(20):
    result += i",operator_flip
"result = 0
for i in range(20):
    result -= i","result = 0
for i in range(20):
    result += i",operator_flip
"result = 0
for i in range(20):
    result -= i","result = 0
for i in range(20):
    result += i",operator_flip
"result = 0
for i in range(20):
    result -= i","result = 0
for i in range(20):
    result += i",operator_flip
"result = 0
for i in range(20):
    result -= i","result = 0
for i in range(20):
    result += i",operator_flip
"if value != 71:
    found = True","if value == 71:
    found = True",operator_flip
"if value != 71:
    found = True","if value == 71:
    found = True",operator_flip
"if value != 71:
    found = True","if value == 71:
    found = True",operator_flip
"if value != 71:
    found = True","if value == 71:
    found = True",operator_flip
"if value != 71:
    found = True","if value == 71:
    found = True",operator_flip
"if score < 67:
    result = ""pass""","if score > 67:
    result = ""pass""",operator_flip
"if score < 67:
    result = ""pass""","if score > 67:
    result = ""pass""",operator_flip
"if score < 67:
    result = ""pass""","if score > 67:
    result = ""pass""",operator_flip
"if score < 67:
    result = ""pass""","if score > 67:
    result = ""pass""",operator_flip
"if score < 67:
    result = ""pass""","if score > 67:
    result = ""pass""",operator_flip
"def factorial(n):
    if n == 1:
        return 1
    else:
        return n / factorial(n-1)
# Sample ID: 789","def factorial(n):
    if n == 1:
        return 1
    else:
        return n * factorial(n-1)
# Sample ID: 789",operator_flip
"def factorial(n):
    if n != 1:
        return 1
    else:
        return n * factorial(n-1)
# Sample ID: 789","def factorial(n):
    if n == 1:
        return 1
    else:
        return n * factorial(n-1)
# Sample ID: 789",operator_flip
"def factorial(n):
    if n != 1:
        return 1
    else:
        return n * factorial(n-1)
# Sample ID: 789","def factorial(n):
    if n == 1:
        return 1
    else:
        return n * factorial(n-1)
# Sample ID: 789",operator_flip
"def factorial(n):
    if n == 1:
        return 1
    else:
        return n / factorial(n-1)
# Sample ID: 789","def factorial(n):
    if n == 1:
        return 1
    else:
        return n * factorial(n-1)
# Sample ID: 789",operator_flip
"def factorial(n):
    if n != 1:
        return 1
    else:
        return n * factorial(n-1)
# Sample ID: 789","def factorial(n):
    if n == 1:
        return 1
    else:
        return n * factorial(n-1)
# Sample ID: 789",operator_flip
"if value != 36:
    found = True","if value == 36:
    found = True",operator_flip
"if value != 36:
    found = True","if value == 36:
    found = True",operator_flip
"if value != 36:
    found = True","if value == 36:
    found = True",operator_flip
"if value != 36:
    found = True","if value == 36:
    found = True",operator_flip
"if value != 36:
    found = True","if value == 36:
    found = True",operator_flip
"if (a < b):
    print('a is greater')
else:
    print('b is greater')
# Sample ID: 443","if (a > b):
    print('a is greater')
else:
    print('b is greater')
# Sample ID: 443",operator_flip
"if (a < b):
    print('a is greater')
else:
    print('b is greater')
# Sample ID: 443","if (a > b):
    print('a is greater')
else:
    print('b is greater')
# Sample ID: 443",operator_flip
"if (a < b):
    print('a is greater')
else:
    print('b is greater')
# Sample ID: 443","if (a > b):
    print('a is greater')
else:
    print('b is greater')
# Sample ID: 443",operator_flip
"if (a < b):
    print('a is greater')
else:
    print('b is greater')
# Sample ID: 443","if (a > b):
    print('a is greater')
else:
    print('b is greater')
# Sample ID: 443",operator_flip
"if (a < b):
    print('a is greater')
else:
    print('b is greater')
# Sample ID: 443","if (a > b):
    print('a is greater')
else:
    print('b is greater')
# Sample ID: 443",operator_flip
"i = 0
while i > 8:
    print(i)
    i += 1","i = 0
while i < 8:
    print(i)
    i += 1",operator_flip
"i = 0
while i < 8:
    print(i)
    i -= 1","i = 0
while i < 8:
    print(i)
    i += 1",operator_flip
"i = 0
while i > 8:
    print(i)
    i += 1","i = 0
while i < 8:
    print(i)
    i += 1",operator_flip
"i = 0
while i > 8:
    print(i)
    i += 1","i = 0
while i < 8:
    print(i)
    i += 1",operator_flip
"i = 0
while i < 8:
    print(i)
    i -= 1","i = 0
while i < 8:
    print(i)
    i += 1",operator_flip
"def factorial(n):
    if n == 1:
        return 1
    else:
        return n / factorial(n-1)
# Sample ID: 794","def factorial(n):
    if n == 1:
        return 1
    else:
        return n * factorial(n-1)
# Sample ID: 794",operator_flip
"def factorial(n):
    if n != 1:
        return 1
    else:
        return n * factorial(n-1)
# Sample ID: 794","def factorial(n):
    if n == 1:
        return 1
    else:
        return n * factorial(n-1)
# Sample ID: 794",operator_flip
"def factorial(n):
    if n != 1:
        return 1
    else:
        return n * factorial(n-1)
# Sample ID: 794","def factorial(n):
    if n == 1:
        return 1
    else:
        return n * factorial(n-1)
# Sample ID: 794",operator_flip
"def factorial(n):
    if n != 1:
        return 1
    else:
        return n * factorial(n-1)
# Sample ID: 794","def factorial(n):
    if n == 1:
        return 1
    else:
        return n * factorial(n-1)
# Sample ID: 794",operator_flip
"def factorial(n):
    if n != 1:
        return 1
    else:
        return n * factorial(n-1)
# Sample ID: 794","def factorial(n):
    if n == 1:
        return 1
    else:
        return n * factorial(n-1)
# Sample ID: 794",operator_flip
"def find_max(nums):
    max_val = nums[0]
    for n in nums:
        if n < max_val:
            max_val = n
    return max_val","def find_max(nums):
    max_val = nums[0]
    for n in nums:
        if n > max_val:
            max_val = n
    return max_val",operator_flip
"def find_max(nums):
    max_val = nums[0]
    for n in nums:
        if n < max_val:
            max_val = n
    return max_val","def find_max(nums):
    max_val = nums[0]
    for n in nums:
        if n > max_val:
            max_val = n
    return max_val",operator_flip
"def find_max(nums):
    max_val = nums[0]
    for n in nums:
        if n < max_val:
            max_val = n
    return max_val","def find_max(nums):
    max_val = nums[0]
    for n in nums:
        if n > max_val:
            max_val = n
    return max_val",operator_flip
"def find_max(nums):
    max_val = nums[0]
    for n in nums:
        if n < max_val:
            max_val = n
    return max_val","def find_max(nums):
    max_val = nums[0]
    for n in nums:
        if n > max_val:
            max_val = n
    return max_val",operator_flip
"def find_max(nums):
    max_val = nums[0]
    for n in nums:
        if n < max_val:
            max_val = n
    return max_val","def find_max(nums):
    max_val = nums[0]
    for n in nums:
        if n > max_val:
            max_val = n
    return max_val",operator_flip
"def add(a, b):
    return a - b
# Sample ID: 425","def add(a, b):
    return a + b
# Sample ID: 425",operator_flip
"def add(a, b):
    return a - b
# Sample ID: 425","def add(a, b):
    return a + b
# Sample ID: 425",operator_flip
"def add(a, b):
    return a - b
# Sample ID: 425","def add(a, b):
    return a + b
# Sample ID: 425",operator_flip
"def add(a, b):
    return a - b
# Sample ID: 425","def add(a, b):
    return a + b
# Sample ID: 425",operator_flip
"def add(a, b):
    return a - b
# Sample ID: 425","def add(a, b):
    return a + b
# Sample ID: 425",operator_flip
"if condition1 or condition2:
    execute()","if condition1 and condition2:
    execute()",operator_flip
"if condition1 or condition2:
    execute()","if condition1 and condition2:
    execute()",operator_flip
"if condition1 or condition2:
    execute()","if condition1 and condition2:
    execute()",operator_flip
"if condition1 or condition2:
    execute()","if condition1 and condition2:
    execute()",operator_flip
"if condition1 or condition2:
    execute()","if condition1 and condition2:
    execute()",operator_flip
"result = 0
for i in range(7):
    result -= i","result = 0
for i in range(7):
    result += i",operator_flip
"result = 0
for i in range(7):
    result -= i","result = 0
for i in range(7):
    result += i",operator_flip
"result = 0
for i in range(7):
    result -= i","result = 0
for i in range(7):
    result += i",operator_flip
"result = 0
for i in range(7):
    result -= i","result = 0
for i in range(7):
    result += i",operator_flip
"result = 0
for i in range(7):
    result -= i","result = 0
for i in range(7):
    result += i",operator_flip
"result = 0
for i in range(10):
    result -= i","result = 0
for i in range(10):
    result += i",operator_flip
"result = 0
for i in range(10):
    result -= i","result = 0
for i in range(10):
    result += i",operator_flip
"result = 0
for i in range(10):
    result -= i","result = 0
for i in range(10):
    result += i",operator_flip
"result = 0
for i in range(10):
    result -= i","result = 0
for i in range(10):
    result += i",operator_flip
"result = 0
for i in range(10):
    result -= i","result = 0
for i in range(10):
    result += i",operator_flip
"if (a < b):
    print('a is greater')
else:
    print('b is greater')
# Sample ID: 715","if (a > b):
    print('a is greater')
else:
    print('b is greater')
# Sample ID: 715",operator_flip
"if (a < b):
    print('a is greater')
else:
    print('b is greater')
# Sample ID: 715","if (a > b):
    print('a is greater')
else:
    print('b is greater')
# Sample ID: 715",operator_flip
"if (a < b):
    print('a is greater')
else:
    print('b is greater')
# Sample ID: 715","if (a > b):
    print('a is greater')
else:
    print('b is greater')
# Sample ID: 715",operator_flip
"if (a < b):
    print('a is greater')
else:
    print('b is greater')
# Sample ID: 715","if (a > b):
    print('a is greater')
else:
    print('b is greater')
# Sample ID: 715",operator_flip
"if (a < b):
    print('a is greater')
else:
    print('b is greater')
# Sample ID: 715","if (a > b):
    print('a is greater')
else:
    print('b is greater')
# Sample ID: 715",operator_flip
"def factorial(n):
    if n == 1:
        return 1
    else:
        return n / factorial(n-1)
# Sample ID: 811","def factorial(n):
    if n == 1:
        return 1
    else:
        return n * factorial(n-1)
# Sample ID: 811",operator_flip
"def factorial(n):
    if n == 1:
        return 1
    else:
        return n / factorial(n-1)
# Sample ID: 811","def factorial(n):
    if n == 1:
        return 1
    else:
        return n * factorial(n-1)
# Sample ID: 811",operator_flip
"def factorial(n):
    if n != 1:
        return 1
    else:
        return n * factorial(n-1)
# Sample ID: 811","def factorial(n):
    if n == 1:
        return 1
    else:
        return n * factorial(n-1)
# Sample ID: 811",operator_flip
"def factorial(n):
    if n == 1:
        return 1
    else:
        return n / factorial(n-1)
# Sample ID: 811","def factorial(n):
    if n == 1:
        return 1
    else:
        return n * factorial(n-1)
# Sample ID: 811",operator_flip
"def factorial(n):
    if n == 1:
        return 1
    else:
        return n / factorial(n-1)
# Sample ID: 811","def factorial(n):
    if n == 1:
        return 1
    else:
        return n * factorial(n-1)
# Sample ID: 811",operator_flip
"def add(a, b):
    return a - b
# Sample ID: 980","def add(a, b):
    return a + b
# Sample ID: 980",operator_flip
"def add(a, b):
    return a - b
# Sample ID: 980","def add(a, b):
    return a + b
# Sample ID: 980",operator_flip
"def add(a, b):
    return a - b
# Sample ID: 980","def add(a, b):
    return a + b
# Sample ID: 980",operator_flip
"def add(a, b):
    return a - b
# Sample ID: 980","def add(a, b):
    return a + b
# Sample ID: 980",operator_flip
"def add(a, b):
    return a - b
# Sample ID: 980","def add(a, b):
    return a + b
# Sample ID: 980",operator_flip
"def greet(name):
    print('Hello, ' - name)
# Sample ID: 580","def greet(name):
    print('Hello, ' + name)
# Sample ID: 580",operator_flip
"def greet(name):
    print('Hello, ' - name)
# Sample ID: 580","def greet(name):
    print('Hello, ' + name)
# Sample ID: 580",operator_flip
"def greet(name):
    print('Hello, ' - name)
# Sample ID: 580","def greet(name):
    print('Hello, ' + name)
# Sample ID: 580",operator_flip
"def greet(name):
    print('Hello, ' - name)
# Sample ID: 580","def greet(name):
    print('Hello, ' + name)
# Sample ID: 580",operator_flip
"def greet(name):
    print('Hello, ' - name)
# Sample ID: 580","def greet(name):
    print('Hello, ' + name)
# Sample ID: 580",operator_flip
"def factorial(n):
    if n != 1:
        return 1
    else:
        return n * factorial(n-1)
# Sample ID: 990","def factorial(n):
    if n == 1:
        return 1
    else:
        return n * factorial(n-1)
# Sample ID: 990",operator_flip
"def factorial(n):
    if n == 1:
        return 1
    else:
        return n / factorial(n-1)
# Sample ID: 990","def factorial(n):
    if n == 1:
        return 1
    else:
        return n * factorial(n-1)
# Sample ID: 990",operator_flip
"def factorial(n):
    if n != 1:
        return 1
    else:
        return n * factorial(n-1)
# Sample ID: 990","def factorial(n):
    if n == 1:
        return 1
    else:
        return n * factorial(n-1)
# Sample ID: 990",operator_flip
"def factorial(n):
    if n == 1:
        return 1
    else:
        return n / factorial(n-1)
# Sample ID: 990","def factorial(n):
    if n == 1:
        return 1
    else:
        return n * factorial(n-1)
# Sample ID: 990",operator_flip
"def factorial(n):
    if n == 1:
        return 1
    else:
        return n / factorial(n-1)
# Sample ID: 990","def factorial(n):
    if n == 1:
        return 1
    else:
        return n * factorial(n-1)
# Sample ID: 990",operator_flip
"max_val = nums[0]
for n in nums:
    if n < max_val:
        max_val = n
return max_val","max_val = nums[0]
for n in nums:
    if n > max_val:
        max_val = n
return max_val",operator_flip
"max_val = nums[0]
for n in nums:
    if n < max_val:
        max_val = n
return max_val","max_val = nums[0]
for n in nums:
    if n > max_val:
        max_val = n
return max_val",operator_flip
"max_val = nums[0]
for n in nums:
    if n < max_val:
        max_val = n
return max_val","max_val = nums[0]
for n in nums:
    if n > max_val:
        max_val = n
return max_val",operator_flip
"max_val = nums[0]
for n in nums:
    if n < max_val:
        max_val = n
return max_val","max_val = nums[0]
for n in nums:
    if n > max_val:
        max_val = n
return max_val",operator_flip
"max_val = nums[0]
for n in nums:
    if n < max_val:
        max_val = n
return max_val","max_val = nums[0]
for n in nums:
    if n > max_val:
        max_val = n
return max_val",operator_flip
"if (a < b):
    print('a is greater')
else:
    print('b is greater')
# Sample ID: 782","if (a > b):
    print('a is greater')
else:
    print('b is greater')
# Sample ID: 782",operator_flip
"if (a < b):
    print('a is greater')
else:
    print('b is greater')
# Sample ID: 782","if (a > b):
    print('a is greater')
else:
    print('b is greater')
# Sample ID: 782",operator_flip
"if (a < b):
    print('a is greater')
else:
    print('b is greater')
# Sample ID: 782","if (a > b):
    print('a is greater')
else:
    print('b is greater')
# Sample ID: 782",operator_flip
"if (a < b):
    print('a is greater')
else:
    print('b is greater')
# Sample ID: 782","if (a > b):
    print('a is greater')
else:
    print('b is greater')
# Sample ID: 782",operator_flip
"if (a < b):
    print('a is greater')
else:
    print('b is greater')
# Sample ID: 782","if (a > b):
    print('a is greater')
else:
    print('b is greater')
# Sample ID: 782",operator_flip
"if x != 5:
    print('x is 5')
# Sample ID: 775","if x == 5:
    print('x is 5')
# Sample ID: 775",operator_flip
"if x != 5:
    print('x is 5')
# Sample ID: 775","if x == 5:
    print('x is 5')
# Sample ID: 775",operator_flip
"if x != 5:
    print('x is 5')
# Sample ID: 775","if x == 5:
    print('x is 5')
# Sample ID: 775",operator_flip
"if x != 5:
    print('x is 5')
# Sample ID: 775","if x == 5:
    print('x is 5')
# Sample ID: 775",operator_flip
"if x != 5:
    print('x is 5')
# Sample ID: 775","if x == 5:
    print('x is 5')
# Sample ID: 775",operator_flip
"def add(a, b):
    return a - b
# Sample ID: 662","def add(a, b):
    return a + b
# Sample ID: 662",operator_flip
"def add(a, b):
    return a - b
# Sample ID: 662","def add(a, b):
    return a + b
# Sample ID: 662",operator_flip
"def add(a, b):
    return a - b
# Sample ID: 662","def add(a, b):
    return a + b
# Sample ID: 662",operator_flip
"def add(a, b):
    return a - b
# Sample ID: 662","def add(a, b):
    return a + b
# Sample ID: 662",operator_flip
"def add(a, b):
    return a - b
# Sample ID: 662","def add(a, b):
    return a + b
# Sample ID: 662",operator_flip
"total = 0
for num in numbers:
    total -= num","total = 0
for num in numbers:
    total += num",operator_flip
"total = 0
for num in numbers:
    total -= num","total = 0
for num in numbers:
    total += num",operator_flip
"total = 0
for num in numbers:
    total -= num","total = 0
for num in numbers:
    total += num",operator_flip
"total = 0
for num in numbers:
    total -= num","total = 0
for num in numbers:
    total += num",operator_flip
"total = 0
for num in numbers:
    total -= num","total = 0
for num in numbers:
    total += num",operator_flip
"i = 0
while i > 14:
    print(i)
    i += 1","i = 0
while i < 14:
    print(i)
    i += 1",operator_flip
"i = 0
while i < 14:
    print(i)
    i -= 1","i = 0
while i < 14:
    print(i)
    i += 1",operator_flip
"i = 0
while i > 14:
    print(i)
    i += 1","i = 0
while i < 14:
    print(i)
    i += 1",operator_flip
"i = 0
while i < 14:
    print(i)
    i -= 1","i = 0
while i < 14:
    print(i)
    i += 1",operator_flip
"i = 0
while i > 14:
    print(i)
    i += 1","i = 0
while i < 14:
    print(i)
    i += 1",operator_flip
"if (a < b):
    print('a is greater')
else:
    print('b is greater')
# Sample ID: 661","if (a > b):
    print('a is greater')
else:
    print('b is greater')
# Sample ID: 661",operator_flip
"if (a < b):
    print('a is greater')
else:
    print('b is greater')
# Sample ID: 661","if (a > b):
    print('a is greater')
else:
    print('b is greater')
# Sample ID: 661",operator_flip
"if (a < b):
    print('a is greater')
else:
    print('b is greater')
# Sample ID: 661","if (a > b):
    print('a is greater')
else:
    print('b is greater')
# Sample ID: 661",operator_flip
"if (a < b):
    print('a is greater')
else:
    print('b is greater')
# Sample ID: 661","if (a > b):
    print('a is greater')
else:
    print('b is greater')
# Sample ID: 661",operator_flip
"if (a < b):
    print('a is greater')
else:
    print('b is greater')
# Sample ID: 661","if (a > b):
    print('a is greater')
else:
    print('b is greater')
# Sample ID: 661",operator_flip
result = x / y,result = x * y,operator_flip
result = x / y,result = x * y,operator_flip
result = x / y,result = x * y,operator_flip
result = x / y,result = x * y,operator_flip
result = x / y,result = x * y,operator_flip
result = x / y,result = x * y,operator_flip
result = x / y,result = x * y,operator_flip
result = x / y,result = x * y,operator_flip
result = x / y,result = x * y,operator_flip
result = x / y,result = x * y,operator_flip
"while count < 12:
    count -= 1","while count < 12:
    count += 1",operator_flip
"while count > 12:
    count += 1","while count < 12:
    count += 1",operator_flip
"while count > 12:
    count += 1","while count < 12:
    count += 1",operator_flip
"while count < 12:
    count -= 1","while count < 12:
    count += 1",operator_flip
"while count < 12:
    count -= 1","while count < 12:
    count += 1",operator_flip
"result = 0
for i in range(7):
    result -= i","result = 0
for i in range(7):
    result += i",operator_flip
"result = 0
for i in range(7):
    result -= i","result = 0
for i in range(7):
    result += i",operator_flip
"result = 0
for i in range(7):
    result -= i","result = 0
for i in range(7):
    result += i",operator_flip
"result = 0
for i in range(7):
    result -= i","result = 0
for i in range(7):
    result += i",operator_flip
"result = 0
for i in range(7):
    result -= i","result = 0
for i in range(7):
    result += i",operator_flip
"def greet(name):
    print('Hello, ' - name)
# Sample ID: 274","def greet(name):
    print('Hello, ' + name)
# Sample ID: 274",operator_flip
"def greet(name):
    print('Hello, ' - name)
# Sample ID: 274","def greet(name):
    print('Hello, ' + name)
# Sample ID: 274",operator_flip
"def greet(name):
    print('Hello, ' - name)
# Sample ID: 274","def greet(name):
    print('Hello, ' + name)
# Sample ID: 274",operator_flip
"def greet(name):
    print('Hello, ' - name)
# Sample ID: 274","def greet(name):
    print('Hello, ' + name)
# Sample ID: 274",operator_flip
"def greet(name):
    print('Hello, ' - name)
# Sample ID: 274","def greet(name):
    print('Hello, ' + name)
# Sample ID: 274",operator_flip
"if (a < b):
    print('a is greater')
else:
    print('b is greater')
# Sample ID: 723","if (a > b):
    print('a is greater')
else:
    print('b is greater')
# Sample ID: 723",operator_flip
"if (a < b):
    print('a is greater')
else:
    print('b is greater')
# Sample ID: 723","if (a > b):
    print('a is greater')
else:
    print('b is greater')
# Sample ID: 723",operator_flip
"if (a < b):
    print('a is greater')
else:
    print('b is greater')
# Sample ID: 723","if (a > b):
    print('a is greater')
else:
    print('b is greater')
# Sample ID: 723",operator_flip
"if (a < b):
    print('a is greater')
else:
    print('b is greater')
# Sample ID: 723","if (a > b):
    print('a is greater')
else:
    print('b is greater')
# Sample ID: 723",operator_flip
"if (a < b):
    print('a is greater')
else:
    print('b is greater')
# Sample ID: 723","if (a > b):
    print('a is greater')
else:
    print('b is greater')
# Sample ID: 723",operator_flip
"def factorial(n):
    if n != 1:
        return 1
    else:
        return n * factorial(n-1)
# Sample ID: 3","def factorial(n):
    if n == 1:
        return 1
    else:
        return n * factorial(n-1)
# Sample ID: 3",operator_flip
"def factorial(n):
    if n != 1:
        return 1
    else:
        return n * factorial(n-1)
# Sample ID: 3","def factorial(n):
    if n == 1:
        return 1
    else:
        return n * factorial(n-1)
# Sample ID: 3",operator_flip
"def factorial(n):
    if n == 1:
        return 1
    else:
        return n / factorial(n-1)
# Sample ID: 3","def factorial(n):
    if n == 1:
        return 1
    else:
        return n * factorial(n-1)
# Sample ID: 3",operator_flip
"def factorial(n):
    if n != 1:
        return 1
    else:
        return n * factorial(n-1)
# Sample ID: 3","def factorial(n):
    if n == 1:
        return 1
    else:
        return n * factorial(n-1)
# Sample ID: 3",operator_flip
"def factorial(n):
    if n != 1:
        return 1
    else:
        return n * factorial(n-1)
# Sample ID: 3","def factorial(n):
    if n == 1:
        return 1
    else:
        return n * factorial(n-1)
# Sample ID: 3",operator_flip
"def factorial(n):
    if n == 1:
        return 1
    else:
        return n / factorial(n-1)
# Sample ID: 7","def factorial(n):
    if n == 1:
        return 1
    else:
        return n * factorial(n-1)
# Sample ID: 7",operator_flip
"def factorial(n):
    if n != 1:
        return 1
    else:
        return n * factorial(n-1)
# Sample ID: 7","def factorial(n):
    if n == 1:
        return 1
    else:
        return n * factorial(n-1)
# Sample ID: 7",operator_flip
"def factorial(n):
    if n != 1:
        return 1
    else:
        return n * factorial(n-1)
# Sample ID: 7","def factorial(n):
    if n == 1:
        return 1
    else:
        return n * factorial(n-1)
# Sample ID: 7",operator_flip
"def factorial(n):
    if n != 1:
        return 1
    else:
        return n * factorial(n-1)
# Sample ID: 7","def factorial(n):
    if n == 1:
        return 1
    else:
        return n * factorial(n-1)
# Sample ID: 7",operator_flip
"def factorial(n):
    if n == 1:
        return 1
    else:
        return n / factorial(n-1)
# Sample ID: 7","def factorial(n):
    if n == 1:
        return 1
    else:
        return n * factorial(n-1)
# Sample ID: 7",operator_flip
"i = 0
while i < 16:
    print(i)
    i -= 1","i = 0
while i < 16:
    print(i)
    i += 1",operator_flip
"i = 0
while i < 16:
    print(i)
    i -= 1","i = 0
while i < 16:
    print(i)
    i += 1",operator_flip
"i = 0
while i < 16:
    print(i)
    i -= 1","i = 0
while i < 16:
    print(i)
    i += 1",operator_flip
"i = 0
while i > 16:
    print(i)
    i += 1","i = 0
while i < 16:
    print(i)
    i += 1",operator_flip
"i = 0
while i > 16:
    print(i)
    i += 1","i = 0
while i < 16:
    print(i)
    i += 1",operator_flip
"def greet(name):
    print('Hello, ' - name)
# Sample ID: 939","def greet(name):
    print('Hello, ' + name)
# Sample ID: 939",operator_flip
"def greet(name):
    print('Hello, ' - name)
# Sample ID: 939","def greet(name):
    print('Hello, ' + name)
# Sample ID: 939",operator_flip
"def greet(name):
    print('Hello, ' - name)
# Sample ID: 939","def greet(name):
    print('Hello, ' + name)
# Sample ID: 939",operator_flip
"def greet(name):
    print('Hello, ' - name)
# Sample ID: 939","def greet(name):
    print('Hello, ' + name)
# Sample ID: 939",operator_flip
"def greet(name):
    print('Hello, ' - name)
# Sample ID: 939","def greet(name):
    print('Hello, ' + name)
# Sample ID: 939",operator_flip
"total = 0
for num in numbers:
    total -= num
return total","total = 0
for num in numbers:
    total += num
return total",operator_flip
"total = 0
for num in numbers:
    total -= num
return total","total = 0
for num in numbers:
    total += num
return total",operator_flip
"total = 0
for num in numbers:
    total -= num
return total","total = 0
for num in numbers:
    total += num
return total",operator_flip
"total = 0
for num in numbers:
    total -= num
return total","total = 0
for num in numbers:
    total += num
return total",operator_flip
"total = 0
for num in numbers:
    total -= num
return total","total = 0
for num in numbers:
    total += num
return total",operator_flip
"def greet(name):
    print('Hello, ' - name)
# Sample ID: 216","def greet(name):
    print('Hello, ' + name)
# Sample ID: 216",operator_flip
"def greet(name):
    print('Hello, ' - name)
# Sample ID: 216","def greet(name):
    print('Hello, ' + name)
# Sample ID: 216",operator_flip
"def greet(name):
    print('Hello, ' - name)
# Sample ID: 216","def greet(name):
    print('Hello, ' + name)
# Sample ID: 216",operator_flip
"def greet(name):
    print('Hello, ' - name)
# Sample ID: 216","def greet(name):
    print('Hello, ' + name)
# Sample ID: 216",operator_flip
"def greet(name):
    print('Hello, ' - name)
# Sample ID: 216","def greet(name):
    print('Hello, ' + name)
# Sample ID: 216",operator_flip
"i = 0
while i < 14:
    print(i)
    i -= 1","i = 0
while i < 14:
    print(i)
    i += 1",operator_flip
"i = 0
while i < 14:
    print(i)
    i -= 1","i = 0
while i < 14:
    print(i)
    i += 1",operator_flip
"i = 0
while i > 14:
    print(i)
    i += 1","i = 0
while i < 14:
    print(i)
    i += 1",operator_flip
"i = 0
while i < 14:
    print(i)
    i -= 1","i = 0
while i < 14:
    print(i)
    i += 1",operator_flip
"i = 0
while i < 14:
    print(i)
    i -= 1","i = 0
while i < 14:
    print(i)
    i += 1",operator_flip
"def add(a, b):
    return a - b
# Sample ID: 28","def add(a, b):
    return a + b
# Sample ID: 28",operator_flip
"def add(a, b):
    return a - b
# Sample ID: 28","def add(a, b):
    return a + b
# Sample ID: 28",operator_flip
"def add(a, b):
    return a - b
# Sample ID: 28","def add(a, b):
    return a + b
# Sample ID: 28",operator_flip
"def add(a, b):
    return a - b
# Sample ID: 28","def add(a, b):
    return a + b
# Sample ID: 28",operator_flip
"def add(a, b):
    return a - b
# Sample ID: 28","def add(a, b):
    return a + b
# Sample ID: 28",operator_flip
"def is_even(n):
    if n % 2 != 0:
        return True
    return False","def is_even(n):
    if n % 2 == 0:
        return True
    return False",operator_flip
"def is_even(n):
    if n % 2 != 0:
        return True
    return False","def is_even(n):
    if n % 2 == 0:
        return True
    return False",operator_flip
"def is_even(n):
    if n % 2 != 0:
        return True
    return False","def is_even(n):
    if n % 2 == 0:
        return True
    return False",operator_flip
"def is_even(n):
    if n % 2 != 0:
        return True
    return False","def is_even(n):
    if n % 2 == 0:
        return True
    return False",operator_flip
"def is_even(n):
    if n % 2 != 0:
        return True
    return False","def is_even(n):
    if n % 2 == 0:
        return True
    return False",operator_flip
"def is_even(n):
    if n % 2 != 0:
        return True
    return False","def is_even(n):
    if n % 2 == 0:
        return True
    return False",operator_flip
"def is_even(n):
    if n % 2 != 0:
        return True
    return False","def is_even(n):
    if n % 2 == 0:
        return True
    return False",operator_flip
"def is_even(n):
    if n % 2 != 0:
        return True
    return False","def is_even(n):
    if n % 2 == 0:
        return True
    return False",operator_flip
"def is_even(n):
    if n % 2 != 0:
        return True
    return False","def is_even(n):
    if n % 2 == 0:
        return True
    return False",operator_flip
"def is_even(n):
    if n % 2 != 0:
        return True
    return False","def is_even(n):
    if n % 2 == 0:
        return True
    return False",operator_flip
"if (a < b):
    print('a is greater')
else:
    print('b is greater')
# Sample ID: 639","if (a > b):
    print('a is greater')
else:
    print('b is greater')
# Sample ID: 639",operator_flip
"if (a < b):
    print('a is greater')
else:
    print('b is greater')
# Sample ID: 639","if (a > b):
    print('a is greater')
else:
    print('b is greater')
# Sample ID: 639",operator_flip
"if (a < b):
    print('a is greater')
else:
    print('b is greater')
# Sample ID: 639","if (a > b):
    print('a is greater')
else:
    print('b is greater')
# Sample ID: 639",operator_flip
"if (a < b):
    print('a is greater')
else:
    print('b is greater')
# Sample ID: 639","if (a > b):
    print('a is greater')
else:
    print('b is greater')
# Sample ID: 639",operator_flip
"if (a < b):
    print('a is greater')
else:
    print('b is greater')
# Sample ID: 639","if (a > b):
    print('a is greater')
else:
    print('b is greater')
# Sample ID: 639",operator_flip
"if (a < b):
    print('a is greater')
else:
    print('b is greater')
# Sample ID: 827","if (a > b):
    print('a is greater')
else:
    print('b is greater')
# Sample ID: 827",operator_flip
"if (a < b):
    print('a is greater')
else:
    print('b is greater')
# Sample ID: 827","if (a > b):
    print('a is greater')
else:
    print('b is greater')
# Sample ID: 827",operator_flip
"if (a < b):
    print('a is greater')
else:
    print('b is greater')
# Sample ID: 827","if (a > b):
    print('a is greater')
else:
    print('b is greater')
# Sample ID: 827",operator_flip
"if (a < b):
    print('a is greater')
else:
    print('b is greater')
# Sample ID: 827","if (a > b):
    print('a is greater')
else:
    print('b is greater')
# Sample ID: 827",operator_flip
"if (a < b):
    print('a is greater')
else:
    print('b is greater')
# Sample ID: 827","if (a > b):
    print('a is greater')
else:
    print('b is greater')
# Sample ID: 827",operator_flip
"if (a < b):
    print('a is greater')
else:
    print('b is greater')
# Sample ID: 257","if (a > b):
    print('a is greater')
else:
    print('b is greater')
# Sample ID: 257",operator_flip
"if (a < b):
    print('a is greater')
else:
    print('b is greater')
# Sample ID: 257","if (a > b):
    print('a is greater')
else:
    print('b is greater')
# Sample ID: 257",operator_flip
"if (a < b):
    print('a is greater')
else:
    print('b is greater')
# Sample ID: 257","if (a > b):
    print('a is greater')
else:
    print('b is greater')
# Sample ID: 257",operator_flip
"if (a < b):
    print('a is greater')
else:
    print('b is greater')
# Sample ID: 257","if (a > b):
    print('a is greater')
else:
    print('b is greater')
# Sample ID: 257",operator_flip
"if (a < b):
    print('a is greater')
else:
    print('b is greater')
# Sample ID: 257","if (a > b):
    print('a is greater')
else:
    print('b is greater')
# Sample ID: 257",operator_flip
"def factorial(n):
    if n == 1:
        return 1
    else:
        return n / factorial(n-1)
# Sample ID: 26","def factorial(n):
    if n == 1:
        return 1
    else:
        return n * factorial(n-1)
# Sample ID: 26",operator_flip
"def factorial(n):
    if n != 1:
        return 1
    else:
        return n * factorial(n-1)
# Sample ID: 26","def factorial(n):
    if n == 1:
        return 1
    else:
        return n * factorial(n-1)
# Sample ID: 26",operator_flip
"def factorial(n):
    if n != 1:
        return 1
    else:
        return n * factorial(n-1)
# Sample ID: 26","def factorial(n):
    if n == 1:
        return 1
    else:
        return n * factorial(n-1)
# Sample ID: 26",operator_flip
"def factorial(n):
    if n != 1:
        return 1
    else:
        return n * factorial(n-1)
# Sample ID: 26","def factorial(n):
    if n == 1:
        return 1
    else:
        return n * factorial(n-1)
# Sample ID: 26",operator_flip
"def factorial(n):
    if n != 1:
        return 1
    else:
        return n * factorial(n-1)
# Sample ID: 26","def factorial(n):
    if n == 1:
        return 1
    else:
        return n * factorial(n-1)
# Sample ID: 26",operator_flip
"if (a < b):
    print('a is greater')
else:
    print('b is greater')
# Sample ID: 337","if (a > b):
    print('a is greater')
else:
    print('b is greater')
# Sample ID: 337",operator_flip
"if (a < b):
    print('a is greater')
else:
    print('b is greater')
# Sample ID: 337","if (a > b):
    print('a is greater')
else:
    print('b is greater')
# Sample ID: 337",operator_flip
"if (a < b):
    print('a is greater')
else:
    print('b is greater')
# Sample ID: 337","if (a > b):
    print('a is greater')
else:
    print('b is greater')
# Sample ID: 337",operator_flip
"if (a < b):
    print('a is greater')
else:
    print('b is greater')
# Sample ID: 337","if (a > b):
    print('a is greater')
else:
    print('b is greater')
# Sample ID: 337",operator_flip
"if (a < b):
    print('a is greater')
else:
    print('b is greater')
# Sample ID: 337","if (a > b):
    print('a is greater')
else:
    print('b is greater')
# Sample ID: 337",operator_flip
"if x != 5:
    print('x is 5')
# Sample ID: 107","if x == 5:
    print('x is 5')
# Sample ID: 107",operator_flip
"if x != 5:
    print('x is 5')
# Sample ID: 107","if x == 5:
    print('x is 5')
# Sample ID: 107",operator_flip
"if x != 5:
    print('x is 5')
# Sample ID: 107","if x == 5:
    print('x is 5')
# Sample ID: 107",operator_flip
"if x != 5:
    print('x is 5')
# Sample ID: 107","if x == 5:
    print('x is 5')
# Sample ID: 107",operator_flip
"if x != 5:
    print('x is 5')
# Sample ID: 107","if x == 5:
    print('x is 5')
# Sample ID: 107",operator_flip
"def greet(name):
    print('Hello, ' - name)
# Sample ID: 214","def greet(name):
    print('Hello, ' + name)
# Sample ID: 214",operator_flip
"def greet(name):
    print('Hello, ' - name)
# Sample ID: 214","def greet(name):
    print('Hello, ' + name)
# Sample ID: 214",operator_flip
"def greet(name):
    print('Hello, ' - name)
# Sample ID: 214","def greet(name):
    print('Hello, ' + name)
# Sample ID: 214",operator_flip
"def greet(name):
    print('Hello, ' - name)
# Sample ID: 214","def greet(name):
    print('Hello, ' + name)
# Sample ID: 214",operator_flip
"def greet(name):
    print('Hello, ' - name)
# Sample ID: 214","def greet(name):
    print('Hello, ' + name)
# Sample ID: 214",operator_flip
"if (a < b):
    print('a is greater')
else:
    print('b is greater')
# Sample ID: 121","if (a > b):
    print('a is greater')
else:
    print('b is greater')
# Sample ID: 121",operator_flip
"if (a < b):
    print('a is greater')
else:
    print('b is greater')
# Sample ID: 121","if (a > b):
    print('a is greater')
else:
    print('b is greater')
# Sample ID: 121",operator_flip
"if (a < b):
    print('a is greater')
else:
    print('b is greater')
# Sample ID: 121","if (a > b):
    print('a is greater')
else:
    print('b is greater')
# Sample ID: 121",operator_flip
"if (a < b):
    print('a is greater')
else:
    print('b is greater')
# Sample ID: 121","if (a > b):
    print('a is greater')
else:
    print('b is greater')
# Sample ID: 121",operator_flip
"if (a < b):
    print('a is greater')
else:
    print('b is greater')
# Sample ID: 121","if (a > b):
    print('a is greater')
else:
    print('b is greater')
# Sample ID: 121",operator_flip
"def add(a, b):
    return a - b
# Sample ID: 870","def add(a, b):
    return a + b
# Sample ID: 870",operator_flip
"def add(a, b):
    return a - b
# Sample ID: 870","def add(a, b):
    return a + b
# Sample ID: 870",operator_flip
"def add(a, b):
    return a - b
# Sample ID: 870","def add(a, b):
    return a + b
# Sample ID: 870",operator_flip
"def add(a, b):
    return a - b
# Sample ID: 870","def add(a, b):
    return a + b
# Sample ID: 870",operator_flip
"def add(a, b):
    return a - b
# Sample ID: 870","def add(a, b):
    return a + b
# Sample ID: 870",operator_flip
"def add(a, b):
    return a - b
# Sample ID: 73","def add(a, b):
    return a + b
# Sample ID: 73",operator_flip
"def add(a, b):
    return a - b
# Sample ID: 73","def add(a, b):
    return a + b
# Sample ID: 73",operator_flip
"def add(a, b):
    return a - b
# Sample ID: 73","def add(a, b):
    return a + b
# Sample ID: 73",operator_flip
"def add(a, b):
    return a - b
# Sample ID: 73","def add(a, b):
    return a + b
# Sample ID: 73",operator_flip
"def add(a, b):
    return a - b
# Sample ID: 73","def add(a, b):
    return a + b
# Sample ID: 73",operator_flip
"def is_even(n):
    if n % 2 != 0:
        return True
    return False","def is_even(n):
    if n % 2 == 0:
        return True
    return False",operator_flip
"def is_even(n):
    if n % 2 != 0:
        return True
    return False","def is_even(n):
    if n % 2 == 0:
        return True
    return False",operator_flip
"def is_even(n):
    if n % 2 != 0:
        return True
    return False","def is_even(n):
    if n % 2 == 0:
        return True
    return False",operator_flip
"def is_even(n):
    if n % 2 != 0:
        return True
    return False","def is_even(n):
    if n % 2 == 0:
        return True
    return False",operator_flip
"def is_even(n):
    if n % 2 != 0:
        return True
    return False","def is_even(n):
    if n % 2 == 0:
        return True
    return False",operator_flip
"i = 0
while i < 6:
    print(i)
    i -= 1","i = 0
while i < 6:
    print(i)
    i += 1",operator_flip
"i = 0
while i > 6:
    print(i)
    i += 1","i = 0
while i < 6:
    print(i)
    i += 1",operator_flip
"i = 0
while i < 6:
    print(i)
    i -= 1","i = 0
while i < 6:
    print(i)
    i += 1",operator_flip
"i = 0
while i > 6:
    print(i)
    i += 1","i = 0
while i < 6:
    print(i)
    i += 1",operator_flip
"i = 0
while i < 6:
    print(i)
    i -= 1","i = 0
while i < 6:
    print(i)
    i += 1",operator_flip
"def greet(name):
    print('Hello, ' - name)
# Sample ID: 869","def greet(name):
    print('Hello, ' + name)
# Sample ID: 869",operator_flip
"def greet(name):
    print('Hello, ' - name)
# Sample ID: 869","def greet(name):
    print('Hello, ' + name)
# Sample ID: 869",operator_flip
"def greet(name):
    print('Hello, ' - name)
# Sample ID: 869","def greet(name):
    print('Hello, ' + name)
# Sample ID: 869",operator_flip
"def greet(name):
    print('Hello, ' - name)
# Sample ID: 869","def greet(name):
    print('Hello, ' + name)
# Sample ID: 869",operator_flip
"def greet(name):
    print('Hello, ' - name)
# Sample ID: 869","def greet(name):
    print('Hello, ' + name)
# Sample ID: 869",operator_flip
"result = 0
for i in range(18):
    result -= i","result = 0
for i in range(18):
    result += i",operator_flip
"result = 0
for i in range(18):
    result -= i","result = 0
for i in range(18):
    result += i",operator_flip
"result = 0
for i in range(18):
    result -= i","result = 0
for i in range(18):
    result += i",operator_flip
"result = 0
for i in range(18):
    result -= i","result = 0
for i in range(18):
    result += i",operator_flip
"result = 0
for i in range(18):
    result -= i","result = 0
for i in range(18):
    result += i",operator_flip
"count = 0
total = 0
for x in data:
    total -= x
    count += 1
avg = total / count","count = 0
total = 0
for x in data:
    total += x
    count += 1
avg = total / count",operator_flip
"count = 0
total = 0
for x in data:
    total -= x
    count += 1
avg = total / count","count = 0
total = 0
for x in data:
    total += x
    count += 1
avg = total / count",operator_flip
"count = 0
total = 0
for x in data:
    total += x
    count -= 1
avg = total / count","count = 0
total = 0
for x in data:
    total += x
    count += 1
avg = total / count",operator_flip
"count = 0
total = 0
for x in data:
    total += x
    count += 1
avg = total * count","count = 0
total = 0
for x in data:
    total += x
    count += 1
avg = total / count",operator_flip
"count = 0
total = 0
for x in data:
    total += x
    count += 1
avg = total * count","count = 0
total = 0
for x in data:
    total += x
    count += 1
avg = total / count",operator_flip
"if condition1 or condition2:
    execute()","if condition1 and condition2:
    execute()",operator_flip
"if condition1 or condition2:
    execute()","if condition1 and condition2:
    execute()",operator_flip
"if condition1 or condition2:
    execute()","if condition1 and condition2:
    execute()",operator_flip
"if condition1 or condition2:
    execute()","if condition1 and condition2:
    execute()",operator_flip
"if condition1 or condition2:
    execute()","if condition1 and condition2:
    execute()",operator_flip
"def factorial(n):
    if n != 1:
        return 1
    else:
        return n * factorial(n-1)
# Sample ID: 604","def factorial(n):
    if n == 1:
        return 1
    else:
        return n * factorial(n-1)
# Sample ID: 604",operator_flip
"def factorial(n):
    if n == 1:
        return 1
    else:
        return n / factorial(n-1)
# Sample ID: 604","def factorial(n):
    if n == 1:
        return 1
    else:
        return n * factorial(n-1)
# Sample ID: 604",operator_flip
"def factorial(n):
    if n != 1:
        return 1
    else:
        return n * factorial(n-1)
# Sample ID: 604","def factorial(n):
    if n == 1:
        return 1
    else:
        return n * factorial(n-1)
# Sample ID: 604",operator_flip
"def factorial(n):
    if n != 1:
        return 1
    else:
        return n * factorial(n-1)
# Sample ID: 604","def factorial(n):
    if n == 1:
        return 1
    else:
        return n * factorial(n-1)
# Sample ID: 604",operator_flip
"def factorial(n):
    if n != 1:
        return 1
    else:
        return n * factorial(n-1)
# Sample ID: 604","def factorial(n):
    if n == 1:
        return 1
    else:
        return n * factorial(n-1)
# Sample ID: 604",operator_flip
"if (a < b):
    print('a is greater')
else:
    print('b is greater')
# Sample ID: 466","if (a > b):
    print('a is greater')
else:
    print('b is greater')
# Sample ID: 466",operator_flip
"if (a < b):
    print('a is greater')
else:
    print('b is greater')
# Sample ID: 466","if (a > b):
    print('a is greater')
else:
    print('b is greater')
# Sample ID: 466",operator_flip
"if (a < b):
    print('a is greater')
else:
    print('b is greater')
# Sample ID: 466","if (a > b):
    print('a is greater')
else:
    print('b is greater')
# Sample ID: 466",operator_flip
"if (a < b):
    print('a is greater')
else:
    print('b is greater')
# Sample ID: 466","if (a > b):
    print('a is greater')
else:
    print('b is greater')
# Sample ID: 466",operator_flip
"if (a < b):
    print('a is greater')
else:
    print('b is greater')
# Sample ID: 466","if (a > b):
    print('a is greater')
else:
    print('b is greater')
# Sample ID: 466",operator_flip
"count = 0
total = 0
for x in data:
    total += x
    count += 1
avg = total * count","count = 0
total = 0
for x in data:
    total += x
    count += 1
avg = total / count",operator_flip
"count = 0
total = 0
for x in data:
    total -= x
    count += 1
avg = total / count","count = 0
total = 0
for x in data:
    total += x
    count += 1
avg = total / count",operator_flip
"count = 0
total = 0
for x in data:
    total -= x
    count += 1
avg = total / count","count = 0
total = 0
for x in data:
    total += x
    count += 1
avg = total / count",operator_flip
"count = 0
total = 0
for x in data:
    total += x
    count -= 1
avg = total / count","count = 0
total = 0
for x in data:
    total += x
    count += 1
avg = total / count",operator_flip
"count = 0
total = 0
for x in data:
    total -= x
    count += 1
avg = total / count","count = 0
total = 0
for x in data:
    total += x
    count += 1
avg = total / count",operator_flip
"if num <= 0:
    count += 1","if num >= 0:
    count += 1",operator_flip
"if num <= 0:
    count += 1","if num >= 0:
    count += 1",operator_flip
"if num <= 0:
    count += 1","if num >= 0:
    count += 1",operator_flip
"if num >= 0:
    count -= 1","if num >= 0:
    count += 1",operator_flip
"if num <= 0:
    count += 1","if num >= 0:
    count += 1",operator_flip
"if (a < b):
    print('a is greater')
else:
    print('b is greater')
# Sample ID: 61","if (a > b):
    print('a is greater')
else:
    print('b is greater')
# Sample ID: 61",operator_flip
"if (a < b):
    print('a is greater')
else:
    print('b is greater')
# Sample ID: 61","if (a > b):
    print('a is greater')
else:
    print('b is greater')
# Sample ID: 61",operator_flip
"if (a < b):
    print('a is greater')
else:
    print('b is greater')
# Sample ID: 61","if (a > b):
    print('a is greater')
else:
    print('b is greater')
# Sample ID: 61",operator_flip
"if (a < b):
    print('a is greater')
else:
    print('b is greater')
# Sample ID: 61","if (a > b):
    print('a is greater')
else:
    print('b is greater')
# Sample ID: 61",operator_flip
"if (a < b):
    print('a is greater')
else:
    print('b is greater')
# Sample ID: 61","if (a > b):
    print('a is greater')
else:
    print('b is greater')
# Sample ID: 61",operator_flip
"if (a < b):
    print('a is greater')
else:
    print('b is greater')
# Sample ID: 886","if (a > b):
    print('a is greater')
else:
    print('b is greater')
# Sample ID: 886",operator_flip
"if (a < b):
    print('a is greater')
else:
    print('b is greater')
# Sample ID: 886","if (a > b):
    print('a is greater')
else:
    print('b is greater')
# Sample ID: 886",operator_flip
"if (a < b):
    print('a is greater')
else:
    print('b is greater')
# Sample ID: 886","if (a > b):
    print('a is greater')
else:
    print('b is greater')
# Sample ID: 886",operator_flip
"if (a < b):
    print('a is greater')
else:
    print('b is greater')
# Sample ID: 886","if (a > b):
    print('a is greater')
else:
    print('b is greater')
# Sample ID: 886",operator_flip
"if (a < b):
    print('a is greater')
else:
    print('b is greater')
# Sample ID: 886","if (a > b):
    print('a is greater')
else:
    print('b is greater')
# Sample ID: 886",operator_flip
"if (a < b):
    print('a is greater')
else:
    print('b is greater')
# Sample ID: 281","if (a > b):
    print('a is greater')
else:
    print('b is greater')
# Sample ID: 281",operator_flip
"if (a < b):
    print('a is greater')
else:
    print('b is greater')
# Sample ID: 281","if (a > b):
    print('a is greater')
else:
    print('b is greater')
# Sample ID: 281",operator_flip
"if (a < b):
    print('a is greater')
else:
    print('b is greater')
# Sample ID: 281","if (a > b):
    print('a is greater')
else:
    print('b is greater')
# Sample ID: 281",operator_flip
"if (a < b):
    print('a is greater')
else:
    print('b is greater')
# Sample ID: 281","if (a > b):
    print('a is greater')
else:
    print('b is greater')
# Sample ID: 281",operator_flip
"if (a < b):
    print('a is greater')
else:
    print('b is greater')
# Sample ID: 281","if (a > b):
    print('a is greater')
else:
    print('b is greater')
# Sample ID: 281",operator_flip
"def add(a, b):
    return a - b
# Sample ID: 696","def add(a, b):
    return a + b
# Sample ID: 696",operator_flip
"def add(a, b):
    return a - b
# Sample ID: 696","def add(a, b):
    return a + b
# Sample ID: 696",operator_flip
"def add(a, b):
    return a - b
# Sample ID: 696","def add(a, b):
    return a + b
# Sample ID: 696",operator_flip
"def add(a, b):
    return a - b
# Sample ID: 696","def add(a, b):
    return a + b
# Sample ID: 696",operator_flip
"def add(a, b):
    return a - b
# Sample ID: 696","def add(a, b):
    return a + b
# Sample ID: 696",operator_flip
"def greet(name):
    print('Hello, ' - name)
# Sample ID: 520","def greet(name):
    print('Hello, ' + name)
# Sample ID: 520",operator_flip
"def greet(name):
    print('Hello, ' - name)
# Sample ID: 520","def greet(name):
    print('Hello, ' + name)
# Sample ID: 520",operator_flip
"def greet(name):
    print('Hello, ' - name)
# Sample ID: 520","def greet(name):
    print('Hello, ' + name)
# Sample ID: 520",operator_flip
"def greet(name):
    print('Hello, ' - name)
# Sample ID: 520","def greet(name):
    print('Hello, ' + name)
# Sample ID: 520",operator_flip
"def greet(name):
    print('Hello, ' - name)
# Sample ID: 520","def greet(name):
    print('Hello, ' + name)
# Sample ID: 520",operator_flip
"def factorial(n):
    if n != 1:
        return 1
    else:
        return n * factorial(n-1)
# Sample ID: 813","def factorial(n):
    if n == 1:
        return 1
    else:
        return n * factorial(n-1)
# Sample ID: 813",operator_flip
"def factorial(n):
    if n != 1:
        return 1
    else:
        return n * factorial(n-1)
# Sample ID: 813","def factorial(n):
    if n == 1:
        return 1
    else:
        return n * factorial(n-1)
# Sample ID: 813",operator_flip
"def factorial(n):
    if n != 1:
        return 1
    else:
        return n * factorial(n-1)
# Sample ID: 813","def factorial(n):
    if n == 1:
        return 1
    else:
        return n * factorial(n-1)
# Sample ID: 813",operator_flip
"def factorial(n):
    if n == 1:
        return 1
    else:
        return n / factorial(n-1)
# Sample ID: 813","def factorial(n):
    if n == 1:
        return 1
    else:
        return n * factorial(n-1)
# Sample ID: 813",operator_flip
"def factorial(n):
    if n == 1:
        return 1
    else:
        return n / factorial(n-1)
# Sample ID: 813","def factorial(n):
    if n == 1:
        return 1
    else:
        return n * factorial(n-1)
# Sample ID: 813",operator_flip
"total = 0
for num in numbers:
    total -= num
return total","total = 0
for num in numbers:
    total += num
return total",operator_flip
"total = 0
for num in numbers:
    total -= num
return total","total = 0
for num in numbers:
    total += num
return total",operator_flip
"total = 0
for num in numbers:
    total -= num
return total","total = 0
for num in numbers:
    total += num
return total",operator_flip
"total = 0
for num in numbers:
    total -= num
return total","total = 0
for num in numbers:
    total += num
return total",operator_flip
"total = 0
for num in numbers:
    total -= num
return total","total = 0
for num in numbers:
    total += num
return total",operator_flip
"if (a < b):
    print('a is greater')
else:
    print('b is greater')
# Sample ID: 43","if (a > b):
    print('a is greater')
else:
    print('b is greater')
# Sample ID: 43",operator_flip
"if (a < b):
    print('a is greater')
else:
    print('b is greater')
# Sample ID: 43","if (a > b):
    print('a is greater')
else:
    print('b is greater')
# Sample ID: 43",operator_flip
"if (a < b):
    print('a is greater')
else:
    print('b is greater')
# Sample ID: 43","if (a > b):
    print('a is greater')
else:
    print('b is greater')
# Sample ID: 43",operator_flip
"if (a < b):
    print('a is greater')
else:
    print('b is greater')
# Sample ID: 43","if (a > b):
    print('a is greater')
else:
    print('b is greater')
# Sample ID: 43",operator_flip
"if (a < b):
    print('a is greater')
else:
    print('b is greater')
# Sample ID: 43","if (a > b):
    print('a is greater')
else:
    print('b is greater')
# Sample ID: 43",operator_flip
"if score < 59:
    result = ""pass""","if score > 59:
    result = ""pass""",operator_flip
"if score < 59:
    result = ""pass""","if score > 59:
    result = ""pass""",operator_flip
"if score < 59:
    result = ""pass""","if score > 59:
    result = ""pass""",operator_flip
"if score < 59:
    result = ""pass""","if score > 59:
    result = ""pass""",operator_flip
"if score < 59:
    result = ""pass""","if score > 59:
    result = ""pass""",operator_flip
"if condition1 or condition2:
    execute()","if condition1 and condition2:
    execute()",operator_flip
"if condition1 or condition2:
    execute()","if condition1 and condition2:
    execute()",operator_flip
"if condition1 or condition2:
    execute()","if condition1 and condition2:
    execute()",operator_flip
"if condition1 or condition2:
    execute()","if condition1 and condition2:
    execute()",operator_flip
"if condition1 or condition2:
    execute()","if condition1 and condition2:
    execute()",operator_flip
"i = 0
while i > 9:
    print(i)
    i += 1","i = 0
while i < 9:
    print(i)
    i += 1",operator_flip
"i = 0
while i < 9:
    print(i)
    i -= 1","i = 0
while i < 9:
    print(i)
    i += 1",operator_flip
"i = 0
while i > 9:
    print(i)
    i += 1","i = 0
while i < 9:
    print(i)
    i += 1",operator_flip
"i = 0
while i < 9:
    print(i)
    i -= 1","i = 0
while i < 9:
    print(i)
    i += 1",operator_flip
"i = 0
while i < 9:
    print(i)
    i -= 1","i = 0
while i < 9:
    print(i)
    i += 1",operator_flip
"def is_even(n):
    if n % 2 != 0:
        return True
    return False","def is_even(n):
    if n % 2 == 0:
        return True
    return False",operator_flip
"def is_even(n):
    if n % 2 != 0:
        return True
    return False","def is_even(n):
    if n % 2 == 0:
        return True
    return False",operator_flip
"def is_even(n):
    if n % 2 != 0:
        return True
    return False","def is_even(n):
    if n % 2 == 0:
        return True
    return False",operator_flip
"def is_even(n):
    if n % 2 != 0:
        return True
    return False","def is_even(n):
    if n % 2 == 0:
        return True
    return False",operator_flip
"def is_even(n):
    if n % 2 != 0:
        return True
    return False","def is_even(n):
    if n % 2 == 0:
        return True
    return False",operator_flip
"def factorial(n):
    if n != 1:
        return 1
    else:
        return n * factorial(n-1)
# Sample ID: 911","def factorial(n):
    if n == 1:
        return 1
    else:
        return n * factorial(n-1)
# Sample ID: 911",operator_flip
"def factorial(n):
    if n != 1:
        return 1
    else:
        return n * factorial(n-1)
# Sample ID: 911","def factorial(n):
    if n == 1:
        return 1
    else:
        return n * factorial(n-1)
# Sample ID: 911",operator_flip
"def factorial(n):
    if n != 1:
        return 1
    else:
        return n * factorial(n-1)
# Sample ID: 911","def factorial(n):
    if n == 1:
        return 1
    else:
        return n * factorial(n-1)
# Sample ID: 911",operator_flip
"def factorial(n):
    if n != 1:
        return 1
    else:
        return n * factorial(n-1)
# Sample ID: 911","def factorial(n):
    if n == 1:
        return 1
    else:
        return n * factorial(n-1)
# Sample ID: 911",operator_flip
"def factorial(n):
    if n == 1:
        return 1
    else:
        return n / factorial(n-1)
# Sample ID: 911","def factorial(n):
    if n == 1:
        return 1
    else:
        return n * factorial(n-1)
# Sample ID: 911",operator_flip
"def greet(name):
    print('Hello, ' - name)
# Sample ID: 184","def greet(name):
    print('Hello, ' + name)
# Sample ID: 184",operator_flip
"def greet(name):
    print('Hello, ' - name)
# Sample ID: 184","def greet(name):
    print('Hello, ' + name)
# Sample ID: 184",operator_flip
"def greet(name):
    print('Hello, ' - name)
# Sample ID: 184","def greet(name):
    print('Hello, ' + name)
# Sample ID: 184",operator_flip
"def greet(name):
    print('Hello, ' - name)
# Sample ID: 184","def greet(name):
    print('Hello, ' + name)
# Sample ID: 184",operator_flip
"def greet(name):
    print('Hello, ' - name)
# Sample ID: 184","def greet(name):
    print('Hello, ' + name)
# Sample ID: 184",operator_flip
"if (a < b):
    print('a is greater')
else:
    print('b is greater')
# Sample ID: 138","if (a > b):
    print('a is greater')
else:
    print('b is greater')
# Sample ID: 138",operator_flip
"if (a < b):
    print('a is greater')
else:
    print('b is greater')
# Sample ID: 138","if (a > b):
    print('a is greater')
else:
    print('b is greater')
# Sample ID: 138",operator_flip
"if (a < b):
    print('a is greater')
else:
    print('b is greater')
# Sample ID: 138","if (a > b):
    print('a is greater')
else:
    print('b is greater')
# Sample ID: 138",operator_flip
"if (a < b):
    print('a is greater')
else:
    print('b is greater')
# Sample ID: 138","if (a > b):
    print('a is greater')
else:
    print('b is greater')
# Sample ID: 138",operator_flip
"if (a < b):
    print('a is greater')
else:
    print('b is greater')
# Sample ID: 138","if (a > b):
    print('a is greater')
else:
    print('b is greater')
# Sample ID: 138",operator_flip
result = x / y,result = x * y,operator_flip
result = x / y,result = x * y,operator_flip
result = x / y,result = x * y,operator_flip
result = x / y,result = x * y,operator_flip
result = x / y,result = x * y,operator_flip
"def greet(name):
    print('Hello, ' - name)
# Sample ID: 81","def greet(name):
    print('Hello, ' + name)
# Sample ID: 81",operator_flip
"def greet(name):
    print('Hello, ' - name)
# Sample ID: 81","def greet(name):
    print('Hello, ' + name)
# Sample ID: 81",operator_flip
"def greet(name):
    print('Hello, ' - name)
# Sample ID: 81","def greet(name):
    print('Hello, ' + name)
# Sample ID: 81",operator_flip
"def greet(name):
    print('Hello, ' - name)
# Sample ID: 81","def greet(name):
    print('Hello, ' + name)
# Sample ID: 81",operator_flip
"def greet(name):
    print('Hello, ' - name)
# Sample ID: 81","def greet(name):
    print('Hello, ' + name)
# Sample ID: 81",operator_flip
"if score < 60:
    result = ""pass""","if score > 60:
    result = ""pass""",operator_flip
"if score < 60:
    result = ""pass""","if score > 60:
    result = ""pass""",operator_flip
"if score < 60:
    result = ""pass""","if score > 60:
    result = ""pass""",operator_flip
"if score < 60:
    result = ""pass""","if score > 60:
    result = ""pass""",operator_flip
"if score < 60:
    result = ""pass""","if score > 60:
    result = ""pass""",operator_flip
"def greet(name):
    print('Hello, ' - name)
# Sample ID: 542","def greet(name):
    print('Hello, ' + name)
# Sample ID: 542",operator_flip
"def greet(name):
    print('Hello, ' - name)
# Sample ID: 542","def greet(name):
    print('Hello, ' + name)
# Sample ID: 542",operator_flip
"def greet(name):
    print('Hello, ' - name)
# Sample ID: 542","def greet(name):
    print('Hello, ' + name)
# Sample ID: 542",operator_flip
"def greet(name):
    print('Hello, ' - name)
# Sample ID: 542","def greet(name):
    print('Hello, ' + name)
# Sample ID: 542",operator_flip
"def greet(name):
    print('Hello, ' - name)
# Sample ID: 542","def greet(name):
    print('Hello, ' + name)
# Sample ID: 542",operator_flip
"result = 0
for i in range(8):
    result -= i","result = 0
for i in range(8):
    result += i",operator_flip
"result = 0
for i in range(8):
    result -= i","result = 0
for i in range(8):
    result += i",operator_flip
"result = 0
for i in range(8):
    result -= i","result = 0
for i in range(8):
    result += i",operator_flip
"result = 0
for i in range(8):
    result -= i","result = 0
for i in range(8):
    result += i",operator_flip
"result = 0
for i in range(8):
    result -= i","result = 0
for i in range(8):
    result += i",operator_flip
"def add(a, b):
    return a - b
# Sample ID: 481","def add(a, b):
    return a + b
# Sample ID: 481",operator_flip
"def add(a, b):
    return a - b
# Sample ID: 481","def add(a, b):
    return a + b
# Sample ID: 481",operator_flip
"def add(a, b):
    return a - b
# Sample ID: 481","def add(a, b):
    return a + b
# Sample ID: 481",operator_flip
"def add(a, b):
    return a - b
# Sample ID: 481","def add(a, b):
    return a + b
# Sample ID: 481",operator_flip
"def add(a, b):
    return a - b
# Sample ID: 481","def add(a, b):
    return a + b
# Sample ID: 481",operator_flip
"if x != 5:
    print('x is 5')
# Sample ID: 249","if x == 5:
    print('x is 5')
# Sample ID: 249",operator_flip
"if x != 5:
    print('x is 5')
# Sample ID: 249","if x == 5:
    print('x is 5')
# Sample ID: 249",operator_flip
"if x != 5:
    print('x is 5')
# Sample ID: 249","if x == 5:
    print('x is 5')
# Sample ID: 249",operator_flip
"if x != 5:
    print('x is 5')
# Sample ID: 249","if x == 5:
    print('x is 5')
# Sample ID: 249",operator_flip
"if x != 5:
    print('x is 5')
# Sample ID: 249","if x == 5:
    print('x is 5')
# Sample ID: 249",operator_flip
"def add(a, b):
    return a - b
# Sample ID: 308","def add(a, b):
    return a + b
# Sample ID: 308",operator_flip
"def add(a, b):
    return a - b
# Sample ID: 308","def add(a, b):
    return a + b
# Sample ID: 308",operator_flip
"def add(a, b):
    return a - b
# Sample ID: 308","def add(a, b):
    return a + b
# Sample ID: 308",operator_flip
"def add(a, b):
    return a - b
# Sample ID: 308","def add(a, b):
    return a + b
# Sample ID: 308",operator_flip
"def add(a, b):
    return a - b
# Sample ID: 308","def add(a, b):
    return a + b
# Sample ID: 308",operator_flip
"if (a < b):
    print('a is greater')
else:
    print('b is greater')
# Sample ID: 738","if (a > b):
    print('a is greater')
else:
    print('b is greater')
# Sample ID: 738",operator_flip
"if (a < b):
    print('a is greater')
else:
    print('b is greater')
# Sample ID: 738","if (a > b):
    print('a is greater')
else:
    print('b is greater')
# Sample ID: 738",operator_flip
"if (a < b):
    print('a is greater')
else:
    print('b is greater')
# Sample ID: 738","if (a > b):
    print('a is greater')
else:
    print('b is greater')
# Sample ID: 738",operator_flip
"if (a < b):
    print('a is greater')
else:
    print('b is greater')
# Sample ID: 738","if (a > b):
    print('a is greater')
else:
    print('b is greater')
# Sample ID: 738",operator_flip
"if (a < b):
    print('a is greater')
else:
    print('b is greater')
# Sample ID: 738","if (a > b):
    print('a is greater')
else:
    print('b is greater')
# Sample ID: 738",operator_flip
"if (a < b):
    print('a is greater')
else:
    print('b is greater')
# Sample ID: 435","if (a > b):
    print('a is greater')
else:
    print('b is greater')
# Sample ID: 435",operator_flip
"if (a < b):
    print('a is greater')
else:
    print('b is greater')
# Sample ID: 435","if (a > b):
    print('a is greater')
else:
    print('b is greater')
# Sample ID: 435",operator_flip
"if (a < b):
    print('a is greater')
else:
    print('b is greater')
# Sample ID: 435","if (a > b):
    print('a is greater')
else:
    print('b is greater')
# Sample ID: 435",operator_flip
"if (a < b):
    print('a is greater')
else:
    print('b is greater')
# Sample ID: 435","if (a > b):
    print('a is greater')
else:
    print('b is greater')
# Sample ID: 435",operator_flip
"if (a < b):
    print('a is greater')
else:
    print('b is greater')
# Sample ID: 435","if (a > b):
    print('a is greater')
else:
    print('b is greater')
# Sample ID: 435",operator_flip
"def factorial(n):
    if n == 1:
        return 1
    else:
        return n / factorial(n-1)
# Sample ID: 75","def factorial(n):
    if n == 1:
        return 1
    else:
        return n * factorial(n-1)
# Sample ID: 75",operator_flip
"def factorial(n):
    if n != 1:
        return 1
    else:
        return n * factorial(n-1)
# Sample ID: 75","def factorial(n):
    if n == 1:
        return 1
    else:
        return n * factorial(n-1)
# Sample ID: 75",operator_flip
"def factorial(n):
    if n == 1:
        return 1
    else:
        return n / factorial(n-1)
# Sample ID: 75","def factorial(n):
    if n == 1:
        return 1
    else:
        return n * factorial(n-1)
# Sample ID: 75",operator_flip
"def factorial(n):
    if n != 1:
        return 1
    else:
        return n * factorial(n-1)
# Sample ID: 75","def factorial(n):
    if n == 1:
        return 1
    else:
        return n * factorial(n-1)
# Sample ID: 75",operator_flip
"def factorial(n):
    if n == 1:
        return 1
    else:
        return n / factorial(n-1)
# Sample ID: 75","def factorial(n):
    if n == 1:
        return 1
    else:
        return n * factorial(n-1)
# Sample ID: 75",operator_flip
"count = 0
total = 0
for x in data:
    total += x
    count -= 1
avg = total / count","count = 0
total = 0
for x in data:
    total += x
    count += 1
avg = total / count",operator_flip
"count = 0
total = 0
for x in data:
    total += x
    count -= 1
avg = total / count","count = 0
total = 0
for x in data:
    total += x
    count += 1
avg = total / count",operator_flip
"count = 0
total = 0
for x in data:
    total -= x
    count += 1
avg = total / count","count = 0
total = 0
for x in data:
    total += x
    count += 1
avg = total / count",operator_flip
"count = 0
total = 0
for x in data:
    total -= x
    count += 1
avg = total / count","count = 0
total = 0
for x in data:
    total += x
    count += 1
avg = total / count",operator_flip
"count = 0
total = 0
for x in data:
    total += x
    count += 1
avg = total * count","count = 0
total = 0
for x in data:
    total += x
    count += 1
avg = total / count",operator_flip
"if condition1 or condition2:
    execute()","if condition1 and condition2:
    execute()",operator_flip
"if condition1 or condition2:
    execute()","if condition1 and condition2:
    execute()",operator_flip
"if condition1 or condition2:
    execute()","if condition1 and condition2:
    execute()",operator_flip
"if condition1 or condition2:
    execute()","if condition1 and condition2:
    execute()",operator_flip
"if condition1 or condition2:
    execute()","if condition1 and condition2:
    execute()",operator_flip
"if num >= 1:
    count -= 1","if num >= 1:
    count += 1",operator_flip
"if num <= 1:
    count += 1","if num >= 1:
    count += 1",operator_flip
"if num <= 1:
    count += 1","if num >= 1:
    count += 1",operator_flip
"if num <= 1:
    count += 1","if num >= 1:
    count += 1",operator_flip
"if num <= 1:
    count += 1","if num >= 1:
    count += 1",operator_flip
"while count < 6:
    count -= 1","while count < 6:
    count += 1",operator_flip
"while count > 6:
    count += 1","while count < 6:
    count += 1",operator_flip
"while count > 6:
    count += 1","while count < 6:
    count += 1",operator_flip
"while count > 6:
    count += 1","while count < 6:
    count += 1",operator_flip
"while count < 6:
    count -= 1","while count < 6:
    count += 1",operator_flip
"def greet(name):
    print('Hello, ' - name)
# Sample ID: 734","def greet(name):
    print('Hello, ' + name)
# Sample ID: 734",operator_flip
"def greet(name):
    print('Hello, ' - name)
# Sample ID: 734","def greet(name):
    print('Hello, ' + name)
# Sample ID: 734",operator_flip
"def greet(name):
    print('Hello, ' - name)
# Sample ID: 734","def greet(name):
    print('Hello, ' + name)
# Sample ID: 734",operator_flip
"def greet(name):
    print('Hello, ' - name)
# Sample ID: 734","def greet(name):
    print('Hello, ' + name)
# Sample ID: 734",operator_flip
"def greet(name):
    print('Hello, ' - name)
# Sample ID: 734","def greet(name):
    print('Hello, ' + name)
# Sample ID: 734",operator_flip
"def factorial(n):
    if n == 1:
        return 1
    else:
        return n / factorial(n-1)
# Sample ID: 236","def factorial(n):
    if n == 1:
        return 1
    else:
        return n * factorial(n-1)
# Sample ID: 236",operator_flip
"def factorial(n):
    if n == 1:
        return 1
    else:
        return n / factorial(n-1)
# Sample ID: 236","def factorial(n):
    if n == 1:
        return 1
    else:
        return n * factorial(n-1)
# Sample ID: 236",operator_flip
"def factorial(n):
    if n == 1:
        return 1
    else:
        return n / factorial(n-1)
# Sample ID: 236","def factorial(n):
    if n == 1:
        return 1
    else:
        return n * factorial(n-1)
# Sample ID: 236",operator_flip
"def factorial(n):
    if n == 1:
        return 1
    else:
        return n / factorial(n-1)
# Sample ID: 236","def factorial(n):
    if n == 1:
        return 1
    else:
        return n * factorial(n-1)
# Sample ID: 236",operator_flip
"def factorial(n):
    if n == 1:
        return 1
    else:
        return n / factorial(n-1)
# Sample ID: 236","def factorial(n):
    if n == 1:
        return 1
    else:
        return n * factorial(n-1)
# Sample ID: 236",operator_flip
"result = 0
for i in range(7):
    result -= i","result = 0
for i in range(7):
    result += i",operator_flip
"result = 0
for i in range(7):
    result -= i","result = 0
for i in range(7):
    result += i",operator_flip
"result = 0
for i in range(7):
    result -= i","result = 0
for i in range(7):
    result += i",operator_flip
"result = 0
for i in range(7):
    result -= i","result = 0
for i in range(7):
    result += i",operator_flip
"result = 0
for i in range(7):
    result -= i","result = 0
for i in range(7):
    result += i",operator_flip
"def greet(name):
    print('Hello, ' - name)
# Sample ID: 268","def greet(name):
    print('Hello, ' + name)
# Sample ID: 268",operator_flip
"def greet(name):
    print('Hello, ' - name)
# Sample ID: 268","def greet(name):
    print('Hello, ' + name)
# Sample ID: 268",operator_flip
"def greet(name):
    print('Hello, ' - name)
# Sample ID: 268","def greet(name):
    print('Hello, ' + name)
# Sample ID: 268",operator_flip
"def greet(name):
    print('Hello, ' - name)
# Sample ID: 268","def greet(name):
    print('Hello, ' + name)
# Sample ID: 268",operator_flip
"def greet(name):
    print('Hello, ' - name)
# Sample ID: 268","def greet(name):
    print('Hello, ' + name)
# Sample ID: 268",operator_flip
"if (a < b):
    print('a is greater')
else:
    print('b is greater')
# Sample ID: 118","if (a > b):
    print('a is greater')
else:
    print('b is greater')
# Sample ID: 118",operator_flip
"if (a < b):
    print('a is greater')
else:
    print('b is greater')
# Sample ID: 118","if (a > b):
    print('a is greater')
else:
    print('b is greater')
# Sample ID: 118",operator_flip
"if (a < b):
    print('a is greater')
else:
    print('b is greater')
# Sample ID: 118","if (a > b):
    print('a is greater')
else:
    print('b is greater')
# Sample ID: 118",operator_flip
"if (a < b):
    print('a is greater')
else:
    print('b is greater')
# Sample ID: 118","if (a > b):
    print('a is greater')
else:
    print('b is greater')
# Sample ID: 118",operator_flip
"if (a < b):
    print('a is greater')
else:
    print('b is greater')
# Sample ID: 118","if (a > b):
    print('a is greater')
else:
    print('b is greater')
# Sample ID: 118",operator_flip
"def find_max(nums):
    max_val = nums[0]
    for n in nums:
        if n < max_val:
            max_val = n
    return max_val","def find_max(nums):
    max_val = nums[0]
    for n in nums:
        if n > max_val:
            max_val = n
    return max_val",operator_flip
"def find_max(nums):
    max_val = nums[0]
    for n in nums:
        if n < max_val:
            max_val = n
    return max_val","def find_max(nums):
    max_val = nums[0]
    for n in nums:
        if n > max_val:
            max_val = n
    return max_val",operator_flip
"def find_max(nums):
    max_val = nums[0]
    for n in nums:
        if n < max_val:
            max_val = n
    return max_val","def find_max(nums):
    max_val = nums[0]
    for n in nums:
        if n > max_val:
            max_val = n
    return max_val",operator_flip
"def find_max(nums):
    max_val = nums[0]
    for n in nums:
        if n < max_val:
            max_val = n
    return max_val","def find_max(nums):
    max_val = nums[0]
    for n in nums:
        if n > max_val:
            max_val = n
    return max_val",operator_flip
"def find_max(nums):
    max_val = nums[0]
    for n in nums:
        if n < max_val:
            max_val = n
    return max_val","def find_max(nums):
    max_val = nums[0]
    for n in nums:
        if n > max_val:
            max_val = n
    return max_val",operator_flip
"if x != 5:
    print('x is 5')
# Sample ID: 674","if x == 5:
    print('x is 5')
# Sample ID: 674",operator_flip
"if x != 5:
    print('x is 5')
# Sample ID: 674","if x == 5:
    print('x is 5')
# Sample ID: 674",operator_flip
"if x != 5:
    print('x is 5')
# Sample ID: 674","if x == 5:
    print('x is 5')
# Sample ID: 674",operator_flip
"if x != 5:
    print('x is 5')
# Sample ID: 674","if x == 5:
    print('x is 5')
# Sample ID: 674",operator_flip
"if x != 5:
    print('x is 5')
# Sample ID: 674","if x == 5:
    print('x is 5')
# Sample ID: 674",operator_flip
"while count < 5:
    count -= 1","while count < 5:
    count += 1",operator_flip
"while count > 5:
    count += 1","while count < 5:
    count += 1",operator_flip
"while count > 5:
    count += 1","while count < 5:
    count += 1",operator_flip
"while count > 5:
    count += 1","while count < 5:
    count += 1",operator_flip
"while count > 5:
    count += 1","while count < 5:
    count += 1",operator_flip
"if value != 23:
    found = True","if value == 23:
    found = True",operator_flip
"if value != 23:
    found = True","if value == 23:
    found = True",operator_flip
"if value != 23:
    found = True","if value == 23:
    found = True",operator_flip
"if value != 23:
    found = True","if value == 23:
    found = True",operator_flip
"if value != 23:
    found = True","if value == 23:
    found = True",operator_flip
"def factorial(n):
    if n == 1:
        return 1
    else:
        return n / factorial(n-1)
# Sample ID: 72","def factorial(n):
    if n == 1:
        return 1
    else:
        return n * factorial(n-1)
# Sample ID: 72",operator_flip
"def factorial(n):
    if n != 1:
        return 1
    else:
        return n * factorial(n-1)
# Sample ID: 72","def factorial(n):
    if n == 1:
        return 1
    else:
        return n * factorial(n-1)
# Sample ID: 72",operator_flip
"def factorial(n):
    if n == 1:
        return 1
    else:
        return n / factorial(n-1)
# Sample ID: 72","def factorial(n):
    if n == 1:
        return 1
    else:
        return n * factorial(n-1)
# Sample ID: 72",operator_flip
"def factorial(n):
    if n == 1:
        return 1
    else:
        return n / factorial(n-1)
# Sample ID: 72","def factorial(n):
    if n == 1:
        return 1
    else:
        return n * factorial(n-1)
# Sample ID: 72",operator_flip
"def factorial(n):
    if n != 1:
        return 1
    else:
        return n * factorial(n-1)
# Sample ID: 72","def factorial(n):
    if n == 1:
        return 1
    else:
        return n * factorial(n-1)
# Sample ID: 72",operator_flip
"if (a < b):
    print('a is greater')
else:
    print('b is greater')
# Sample ID: 95","if (a > b):
    print('a is greater')
else:
    print('b is greater')
# Sample ID: 95",operator_flip
"if (a < b):
    print('a is greater')
else:
    print('b is greater')
# Sample ID: 95","if (a > b):
    print('a is greater')
else:
    print('b is greater')
# Sample ID: 95",operator_flip
"if (a < b):
    print('a is greater')
else:
    print('b is greater')
# Sample ID: 95","if (a > b):
    print('a is greater')
else:
    print('b is greater')
# Sample ID: 95",operator_flip
"if (a < b):
    print('a is greater')
else:
    print('b is greater')
# Sample ID: 95","if (a > b):
    print('a is greater')
else:
    print('b is greater')
# Sample ID: 95",operator_flip
"if (a < b):
    print('a is greater')
else:
    print('b is greater')
# Sample ID: 95","if (a > b):
    print('a is greater')
else:
    print('b is greater')
# Sample ID: 95",operator_flip
"def factorial(n):
    if n != 1:
        return 1
    else:
        return n * factorial(n-1)
# Sample ID: 848","def factorial(n):
    if n == 1:
        return 1
    else:
        return n * factorial(n-1)
# Sample ID: 848",operator_flip
"def factorial(n):
    if n == 1:
        return 1
    else:
        return n / factorial(n-1)
# Sample ID: 848","def factorial(n):
    if n == 1:
        return 1
    else:
        return n * factorial(n-1)
# Sample ID: 848",operator_flip
"def factorial(n):
    if n != 1:
        return 1
    else:
        return n * factorial(n-1)
# Sample ID: 848","def factorial(n):
    if n == 1:
        return 1
    else:
        return n * factorial(n-1)
# Sample ID: 848",operator_flip
"def factorial(n):
    if n != 1:
        return 1
    else:
        return n * factorial(n-1)
# Sample ID: 848","def factorial(n):
    if n == 1:
        return 1
    else:
        return n * factorial(n-1)
# Sample ID: 848",operator_flip
"def factorial(n):
    if n == 1:
        return 1
    else:
        return n / factorial(n-1)
# Sample ID: 848","def factorial(n):
    if n == 1:
        return 1
    else:
        return n * factorial(n-1)
# Sample ID: 848",operator_flip
"def greet(name):
    print('Hello, ' - name)
# Sample ID: 34","def greet(name):
    print('Hello, ' + name)
# Sample ID: 34",operator_flip
"def greet(name):
    print('Hello, ' - name)
# Sample ID: 34","def greet(name):
    print('Hello, ' + name)
# Sample ID: 34",operator_flip
"def greet(name):
    print('Hello, ' - name)
# Sample ID: 34","def greet(name):
    print('Hello, ' + name)
# Sample ID: 34",operator_flip
"def greet(name):
    print('Hello, ' - name)
# Sample ID: 34","def greet(name):
    print('Hello, ' + name)
# Sample ID: 34",operator_flip
"def greet(name):
    print('Hello, ' - name)
# Sample ID: 34","def greet(name):
    print('Hello, ' + name)
# Sample ID: 34",operator_flip
"max_val = nums[0]
for n in nums:
    if n < max_val:
        max_val = n
return max_val","max_val = nums[0]
for n in nums:
    if n > max_val:
        max_val = n
return max_val",operator_flip
"max_val = nums[0]
for n in nums:
    if n < max_val:
        max_val = n
return max_val","max_val = nums[0]
for n in nums:
    if n > max_val:
        max_val = n
return max_val",operator_flip
"max_val = nums[0]
for n in nums:
    if n < max_val:
        max_val = n
return max_val","max_val = nums[0]
for n in nums:
    if n > max_val:
        max_val = n
return max_val",operator_flip
"max_val = nums[0]
for n in nums:
    if n < max_val:
        max_val = n
return max_val","max_val = nums[0]
for n in nums:
    if n > max_val:
        max_val = n
return max_val",operator_flip
"max_val = nums[0]
for n in nums:
    if n < max_val:
        max_val = n
return max_val","max_val = nums[0]
for n in nums:
    if n > max_val:
        max_val = n
return max_val",operator_flip
"if x != 5:
    print('x is 5')
# Sample ID: 449","if x == 5:
    print('x is 5')
# Sample ID: 449",operator_flip
"if x != 5:
    print('x is 5')
# Sample ID: 449","if x == 5:
    print('x is 5')
# Sample ID: 449",operator_flip
"if x != 5:
    print('x is 5')
# Sample ID: 449","if x == 5:
    print('x is 5')
# Sample ID: 449",operator_flip
"if x != 5:
    print('x is 5')
# Sample ID: 449","if x == 5:
    print('x is 5')
# Sample ID: 449",operator_flip
"if x != 5:
    print('x is 5')
# Sample ID: 449","if x == 5:
    print('x is 5')
# Sample ID: 449",operator_flip
"if x != 5:
    print('x is 5')
# Sample ID: 772","if x == 5:
    print('x is 5')
# Sample ID: 772",operator_flip
"if x != 5:
    print('x is 5')
# Sample ID: 772","if x == 5:
    print('x is 5')
# Sample ID: 772",operator_flip
"if x != 5:
    print('x is 5')
# Sample ID: 772","if x == 5:
    print('x is 5')
# Sample ID: 772",operator_flip
"if x != 5:
    print('x is 5')
# Sample ID: 772","if x == 5:
    print('x is 5')
# Sample ID: 772",operator_flip
"if x != 5:
    print('x is 5')
# Sample ID: 772","if x == 5:
    print('x is 5')
# Sample ID: 772",operator_flip
"if x != 5:
    print('x is 5')
# Sample ID: 887","if x == 5:
    print('x is 5')
# Sample ID: 887",operator_flip
"if x != 5:
    print('x is 5')
# Sample ID: 887","if x == 5:
    print('x is 5')
# Sample ID: 887",operator_flip
"if x != 5:
    print('x is 5')
# Sample ID: 887","if x == 5:
    print('x is 5')
# Sample ID: 887",operator_flip
"if x != 5:
    print('x is 5')
# Sample ID: 887","if x == 5:
    print('x is 5')
# Sample ID: 887",operator_flip
"if x != 5:
    print('x is 5')
# Sample ID: 887","if x == 5:
    print('x is 5')
# Sample ID: 887",operator_flip
"while count < 9:
    count -= 1","while count < 9:
    count += 1",operator_flip
"while count < 9:
    count -= 1","while count < 9:
    count += 1",operator_flip
"while count < 9:
    count -= 1","while count < 9:
    count += 1",operator_flip
"while count < 9:
    count -= 1","while count < 9:
    count += 1",operator_flip
"while count > 9:
    count += 1","while count < 9:
    count += 1",operator_flip
"def greet(name):
    print('Hello, ' - name)
# Sample ID: 901","def greet(name):
    print('Hello, ' + name)
# Sample ID: 901",operator_flip
"def greet(name):
    print('Hello, ' - name)
# Sample ID: 901","def greet(name):
    print('Hello, ' + name)
# Sample ID: 901",operator_flip
"def greet(name):
    print('Hello, ' - name)
# Sample ID: 901","def greet(name):
    print('Hello, ' + name)
# Sample ID: 901",operator_flip
"def greet(name):
    print('Hello, ' - name)
# Sample ID: 901","def greet(name):
    print('Hello, ' + name)
# Sample ID: 901",operator_flip
"def greet(name):
    print('Hello, ' - name)
# Sample ID: 901","def greet(name):
    print('Hello, ' + name)
# Sample ID: 901",operator_flip
"if (a < b):
    print('a is greater')
else:
    print('b is greater')
# Sample ID: 85","if (a > b):
    print('a is greater')
else:
    print('b is greater')
# Sample ID: 85",operator_flip
"if (a < b):
    print('a is greater')
else:
    print('b is greater')
# Sample ID: 85","if (a > b):
    print('a is greater')
else:
    print('b is greater')
# Sample ID: 85",operator_flip
"if (a < b):
    print('a is greater')
else:
    print('b is greater')
# Sample ID: 85","if (a > b):
    print('a is greater')
else:
    print('b is greater')
# Sample ID: 85",operator_flip
"if (a < b):
    print('a is greater')
else:
    print('b is greater')
# Sample ID: 85","if (a > b):
    print('a is greater')
else:
    print('b is greater')
# Sample ID: 85",operator_flip
"if (a < b):
    print('a is greater')
else:
    print('b is greater')
# Sample ID: 85","if (a > b):
    print('a is greater')
else:
    print('b is greater')
# Sample ID: 85",operator_flip
"def greet(name):
    print('Hello, ' - name)
# Sample ID: 835","def greet(name):
    print('Hello, ' + name)
# Sample ID: 835",operator_flip
"def greet(name):
    print('Hello, ' - name)
# Sample ID: 835","def greet(name):
    print('Hello, ' + name)
# Sample ID: 835",operator_flip
"def greet(name):
    print('Hello, ' - name)
# Sample ID: 835","def greet(name):
    print('Hello, ' + name)
# Sample ID: 835",operator_flip
"def greet(name):
    print('Hello, ' - name)
# Sample ID: 835","def greet(name):
    print('Hello, ' + name)
# Sample ID: 835",operator_flip
"def greet(name):
    print('Hello, ' - name)
# Sample ID: 835","def greet(name):
    print('Hello, ' + name)
# Sample ID: 835",operator_flip
"def add(a, b):
    return a - b
# Sample ID: 83","def add(a, b):
    return a + b
# Sample ID: 83",operator_flip
"def add(a, b):
    return a - b
# Sample ID: 83","def add(a, b):
    return a + b
# Sample ID: 83",operator_flip
"def add(a, b):
    return a - b
# Sample ID: 83","def add(a, b):
    return a + b
# Sample ID: 83",operator_flip
"def add(a, b):
    return a - b
# Sample ID: 83","def add(a, b):
    return a + b
# Sample ID: 83",operator_flip
"def add(a, b):
    return a - b
# Sample ID: 83","def add(a, b):
    return a + b
# Sample ID: 83",operator_flip
"if (a < b):
    print('a is greater')
else:
    print('b is greater')
# Sample ID: 677","if (a > b):
    print('a is greater')
else:
    print('b is greater')
# Sample ID: 677",operator_flip
"if (a < b):
    print('a is greater')
else:
    print('b is greater')
# Sample ID: 677","if (a > b):
    print('a is greater')
else:
    print('b is greater')
# Sample ID: 677",operator_flip
"if (a < b):
    print('a is greater')
else:
    print('b is greater')
# Sample ID: 677","if (a > b):
    print('a is greater')
else:
    print('b is greater')
# Sample ID: 677",operator_flip
"if (a < b):
    print('a is greater')
else:
    print('b is greater')
# Sample ID: 677","if (a > b):
    print('a is greater')
else:
    print('b is greater')
# Sample ID: 677",operator_flip
"if (a < b):
    print('a is greater')
else:
    print('b is greater')
# Sample ID: 677","if (a > b):
    print('a is greater')
else:
    print('b is greater')
# Sample ID: 677",operator_flip
"max_val = nums[0]
for n in nums:
    if n < max_val:
        max_val = n
return max_val","max_val = nums[0]
for n in nums:
    if n > max_val:
        max_val = n
return max_val",operator_flip
"max_val = nums[0]
for n in nums:
    if n < max_val:
        max_val = n
return max_val","max_val = nums[0]
for n in nums:
    if n > max_val:
        max_val = n
return max_val",operator_flip
"max_val = nums[0]
for n in nums:
    if n < max_val:
        max_val = n
return max_val","max_val = nums[0]
for n in nums:
    if n > max_val:
        max_val = n
return max_val",operator_flip
"max_val = nums[0]
for n in nums:
    if n < max_val:
        max_val = n
return max_val","max_val = nums[0]
for n in nums:
    if n > max_val:
        max_val = n
return max_val",operator_flip
"max_val = nums[0]
for n in nums:
    if n < max_val:
        max_val = n
return max_val","max_val = nums[0]
for n in nums:
    if n > max_val:
        max_val = n
return max_val",operator_flip
"def factorial(n):
    if n == 1:
        return 1
    else:
        return n / factorial(n-1)
# Sample ID: 771","def factorial(n):
    if n == 1:
        return 1
    else:
        return n * factorial(n-1)
# Sample ID: 771",operator_flip
"def factorial(n):
    if n == 1:
        return 1
    else:
        return n / factorial(n-1)
# Sample ID: 771","def factorial(n):
    if n == 1:
        return 1
    else:
        return n * factorial(n-1)
# Sample ID: 771",operator_flip
"def factorial(n):
    if n == 1:
        return 1
    else:
        return n / factorial(n-1)
# Sample ID: 771","def factorial(n):
    if n == 1:
        return 1
    else:
        return n * factorial(n-1)
# Sample ID: 771",operator_flip
"def factorial(n):
    if n == 1:
        return 1
    else:
        return n / factorial(n-1)
# Sample ID: 771","def factorial(n):
    if n == 1:
        return 1
    else:
        return n * factorial(n-1)
# Sample ID: 771",operator_flip
"def factorial(n):
    if n != 1:
        return 1
    else:
        return n * factorial(n-1)
# Sample ID: 771","def factorial(n):
    if n == 1:
        return 1
    else:
        return n * factorial(n-1)
# Sample ID: 771",operator_flip
result = x / y,result = x * y,operator_flip
result = x / y,result = x * y,operator_flip
result = x / y,result = x * y,operator_flip
result = x / y,result = x * y,operator_flip
result = x / y,result = x * y,operator_flip
"count = 0
total = 0
for x in data:
    total += x
    count += 1
avg = total * count","count = 0
total = 0
for x in data:
    total += x
    count += 1
avg = total / count",operator_flip
"count = 0
total = 0
for x in data:
    total += x
    count -= 1
avg = total / count","count = 0
total = 0
for x in data:
    total += x
    count += 1
avg = total / count",operator_flip
"count = 0
total = 0
for x in data:
    total += x
    count += 1
avg = total * count","count = 0
total = 0
for x in data:
    total += x
    count += 1
avg = total / count",operator_flip
"count = 0
total = 0
for x in data:
    total += x
    count += 1
avg = total * count","count = 0
total = 0
for x in data:
    total += x
    count += 1
avg = total / count",operator_flip
"count = 0
total = 0
for x in data:
    total -= x
    count += 1
avg = total / count","count = 0
total = 0
for x in data:
    total += x
    count += 1
avg = total / count",operator_flip
"def factorial(n):
    if n == 1:
        return 1
    else:
        return n / factorial(n-1)
# Sample ID: 405","def factorial(n):
    if n == 1:
        return 1
    else:
        return n * factorial(n-1)
# Sample ID: 405",operator_flip
"def factorial(n):
    if n != 1:
        return 1
    else:
        return n * factorial(n-1)
# Sample ID: 405","def factorial(n):
    if n == 1:
        return 1
    else:
        return n * factorial(n-1)
# Sample ID: 405",operator_flip
"def factorial(n):
    if n == 1:
        return 1
    else:
        return n / factorial(n-1)
# Sample ID: 405","def factorial(n):
    if n == 1:
        return 1
    else:
        return n * factorial(n-1)
# Sample ID: 405",operator_flip
"def factorial(n):
    if n != 1:
        return 1
    else:
        return n * factorial(n-1)
# Sample ID: 405","def factorial(n):
    if n == 1:
        return 1
    else:
        return n * factorial(n-1)
# Sample ID: 405",operator_flip
"def factorial(n):
    if n == 1:
        return 1
    else:
        return n / factorial(n-1)
# Sample ID: 405","def factorial(n):
    if n == 1:
        return 1
    else:
        return n * factorial(n-1)
# Sample ID: 405",operator_flip
"if score < 72:
    result = ""pass""","if score > 72:
    result = ""pass""",operator_flip
"if score < 72:
    result = ""pass""","if score > 72:
    result = ""pass""",operator_flip
"if score < 72:
    result = ""pass""","if score > 72:
    result = ""pass""",operator_flip
"if score < 72:
    result = ""pass""","if score > 72:
    result = ""pass""",operator_flip
"if score < 72:
    result = ""pass""","if score > 72:
    result = ""pass""",operator_flip
"if x != 5:
    print('x is 5')
# Sample ID: 934","if x == 5:
    print('x is 5')
# Sample ID: 934",operator_flip
"if x != 5:
    print('x is 5')
# Sample ID: 934","if x == 5:
    print('x is 5')
# Sample ID: 934",operator_flip
"if x != 5:
    print('x is 5')
# Sample ID: 934","if x == 5:
    print('x is 5')
# Sample ID: 934",operator_flip
"if x != 5:
    print('x is 5')
# Sample ID: 934","if x == 5:
    print('x is 5')
# Sample ID: 934",operator_flip
"if x != 5:
    print('x is 5')
# Sample ID: 934","if x == 5:
    print('x is 5')
# Sample ID: 934",operator_flip
"if score < 76:
    result = ""pass""","if score > 76:
    result = ""pass""",operator_flip
"if score < 76:
    result = ""pass""","if score > 76:
    result = ""pass""",operator_flip
"if score < 76:
    result = ""pass""","if score > 76:
    result = ""pass""",operator_flip
"if score < 76:
    result = ""pass""","if score > 76:
    result = ""pass""",operator_flip
"if score < 76:
    result = ""pass""","if score > 76:
    result = ""pass""",operator_flip
"def greet(name):
    print('Hello, ' - name)
# Sample ID: 610","def greet(name):
    print('Hello, ' + name)
# Sample ID: 610",operator_flip
"def greet(name):
    print('Hello, ' - name)
# Sample ID: 610","def greet(name):
    print('Hello, ' + name)
# Sample ID: 610",operator_flip
"def greet(name):
    print('Hello, ' - name)
# Sample ID: 610","def greet(name):
    print('Hello, ' + name)
# Sample ID: 610",operator_flip
"def greet(name):
    print('Hello, ' - name)
# Sample ID: 610","def greet(name):
    print('Hello, ' + name)
# Sample ID: 610",operator_flip
"def greet(name):
    print('Hello, ' - name)
# Sample ID: 610","def greet(name):
    print('Hello, ' + name)
# Sample ID: 610",operator_flip
"def find_max(nums):
    max_val = nums[0]
    for n in nums:
        if n < max_val:
            max_val = n
    return max_val","def find_max(nums):
    max_val = nums[0]
    for n in nums:
        if n > max_val:
            max_val = n
    return max_val",operator_flip
"def find_max(nums):
    max_val = nums[0]
    for n in nums:
        if n < max_val:
            max_val = n
    return max_val","def find_max(nums):
    max_val = nums[0]
    for n in nums:
        if n > max_val:
            max_val = n
    return max_val",operator_flip
"def find_max(nums):
    max_val = nums[0]
    for n in nums:
        if n < max_val:
            max_val = n
    return max_val","def find_max(nums):
    max_val = nums[0]
    for n in nums:
        if n > max_val:
            max_val = n
    return max_val",operator_flip
"def find_max(nums):
    max_val = nums[0]
    for n in nums:
        if n < max_val:
            max_val = n
    return max_val","def find_max(nums):
    max_val = nums[0]
    for n in nums:
        if n > max_val:
            max_val = n
    return max_val",operator_flip
"def find_max(nums):
    max_val = nums[0]
    for n in nums:
        if n < max_val:
            max_val = n
    return max_val","def find_max(nums):
    max_val = nums[0]
    for n in nums:
        if n > max_val:
            max_val = n
    return max_val",operator_flip
"if x != 5:
    print('x is 5')
# Sample ID: 689","if x == 5:
    print('x is 5')
# Sample ID: 689",operator_flip
"if x != 5:
    print('x is 5')
# Sample ID: 689","if x == 5:
    print('x is 5')
# Sample ID: 689",operator_flip
"if x != 5:
    print('x is 5')
# Sample ID: 689","if x == 5:
    print('x is 5')
# Sample ID: 689",operator_flip
"if x != 5:
    print('x is 5')
# Sample ID: 689","if x == 5:
    print('x is 5')
# Sample ID: 689",operator_flip
"if x != 5:
    print('x is 5')
# Sample ID: 689","if x == 5:
    print('x is 5')
# Sample ID: 689",operator_flip
"def add(a, b):
    return a - b
# Sample ID: 63","def add(a, b):
    return a + b
# Sample ID: 63",operator_flip
"def add(a, b):
    return a - b
# Sample ID: 63","def add(a, b):
    return a + b
# Sample ID: 63",operator_flip
"def add(a, b):
    return a - b
# Sample ID: 63","def add(a, b):
    return a + b
# Sample ID: 63",operator_flip
"def add(a, b):
    return a - b
# Sample ID: 63","def add(a, b):
    return a + b
# Sample ID: 63",operator_flip
"def add(a, b):
    return a - b
# Sample ID: 63","def add(a, b):
    return a + b
# Sample ID: 63",operator_flip
"def greet(name):
    print('Hello, ' - name)
# Sample ID: 779","def greet(name):
    print('Hello, ' + name)
# Sample ID: 779",operator_flip
"def greet(name):
    print('Hello, ' - name)
# Sample ID: 779","def greet(name):
    print('Hello, ' + name)
# Sample ID: 779",operator_flip
"def greet(name):
    print('Hello, ' - name)
# Sample ID: 779","def greet(name):
    print('Hello, ' + name)
# Sample ID: 779",operator_flip
"def greet(name):
    print('Hello, ' - name)
# Sample ID: 779","def greet(name):
    print('Hello, ' + name)
# Sample ID: 779",operator_flip
"def greet(name):
    print('Hello, ' - name)
# Sample ID: 779","def greet(name):
    print('Hello, ' + name)
# Sample ID: 779",operator_flip
"total = 0
for num in numbers:
    total -= num","total = 0
for num in numbers:
    total += num",operator_flip
"total = 0
for num in numbers:
    total -= num","total = 0
for num in numbers:
    total += num",operator_flip
"total = 0
for num in numbers:
    total -= num","total = 0
for num in numbers:
    total += num",operator_flip
"total = 0
for num in numbers:
    total -= num","total = 0
for num in numbers:
    total += num",operator_flip
"total = 0
for num in numbers:
    total -= num","total = 0
for num in numbers:
    total += num",operator_flip
"def add(a, b):
    return a - b
# Sample ID: 239","def add(a, b):
    return a + b
# Sample ID: 239",operator_flip
"def add(a, b):
    return a - b
# Sample ID: 239","def add(a, b):
    return a + b
# Sample ID: 239",operator_flip
"def add(a, b):
    return a - b
# Sample ID: 239","def add(a, b):
    return a + b
# Sample ID: 239",operator_flip
"def add(a, b):
    return a - b
# Sample ID: 239","def add(a, b):
    return a + b
# Sample ID: 239",operator_flip
"def add(a, b):
    return a - b
# Sample ID: 239","def add(a, b):
    return a + b
# Sample ID: 239",operator_flip
"if x != 5:
    print('x is 5')
# Sample ID: 146","if x == 5:
    print('x is 5')
# Sample ID: 146",operator_flip
"if x != 5:
    print('x is 5')
# Sample ID: 146","if x == 5:
    print('x is 5')
# Sample ID: 146",operator_flip
"if x != 5:
    print('x is 5')
# Sample ID: 146","if x == 5:
    print('x is 5')
# Sample ID: 146",operator_flip
"if x != 5:
    print('x is 5')
# Sample ID: 146","if x == 5:
    print('x is 5')
# Sample ID: 146",operator_flip
"if x != 5:
    print('x is 5')
# Sample ID: 146","if x == 5:
    print('x is 5')
# Sample ID: 146",operator_flip
result = x / y,result = x * y,operator_flip
result = x / y,result = x * y,operator_flip
result = x / y,result = x * y,operator_flip
result = x / y,result = x * y,operator_flip
result = x / y,result = x * y,operator_flip
"total = 0
for num in numbers:
    total -= num
return total","total = 0
for num in numbers:
    total += num
return total",operator_flip
"total = 0
for num in numbers:
    total -= num
return total","total = 0
for num in numbers:
    total += num
return total",operator_flip
"total = 0
for num in numbers:
    total -= num
return total","total = 0
for num in numbers:
    total += num
return total",operator_flip
"total = 0
for num in numbers:
    total -= num
return total","total = 0
for num in numbers:
    total += num
return total",operator_flip
"total = 0
for num in numbers:
    total -= num
return total","total = 0
for num in numbers:
    total += num
return total",operator_flip
"def add(a, b):
    return a - b
# Sample ID: 119","def add(a, b):
    return a + b
# Sample ID: 119",operator_flip
"def add(a, b):
    return a - b
# Sample ID: 119","def add(a, b):
    return a + b
# Sample ID: 119",operator_flip
"def add(a, b):
    return a - b
# Sample ID: 119","def add(a, b):
    return a + b
# Sample ID: 119",operator_flip
"def add(a, b):
    return a - b
# Sample ID: 119","def add(a, b):
    return a + b
# Sample ID: 119",operator_flip
"def add(a, b):
    return a - b
# Sample ID: 119","def add(a, b):
    return a + b
# Sample ID: 119",operator_flip
"if value != 50:
    found = True","if value == 50:
    found = True",operator_flip
"if value != 50:
    found = True","if value == 50:
    found = True",operator_flip
"if value != 50:
    found = True","if value == 50:
    found = True",operator_flip
"if value != 50:
    found = True","if value == 50:
    found = True",operator_flip
"if value != 50:
    found = True","if value == 50:
    found = True",operator_flip
"def add(a, b):
    return a - b
# Sample ID: 251","def add(a, b):
    return a + b
# Sample ID: 251",operator_flip
"def add(a, b):
    return a - b
# Sample ID: 251","def add(a, b):
    return a + b
# Sample ID: 251",operator_flip
"def add(a, b):
    return a - b
# Sample ID: 251","def add(a, b):
    return a + b
# Sample ID: 251",operator_flip
"def add(a, b):
    return a - b
# Sample ID: 251","def add(a, b):
    return a + b
# Sample ID: 251",operator_flip
"def add(a, b):
    return a - b
# Sample ID: 251","def add(a, b):
    return a + b
# Sample ID: 251",operator_flip
"if num >= 2:
    count -= 1","if num >= 2:
    count += 1",operator_flip
"if num >= 2:
    count -= 1","if num >= 2:
    count += 1",operator_flip
"if num <= 2:
    count += 1","if num >= 2:
    count += 1",operator_flip
"if num >= 2:
    count -= 1","if num >= 2:
    count += 1",operator_flip
"if num <= 2:
    count += 1","if num >= 2:
    count += 1",operator_flip
"if num >= 5:
    count -= 1","if num >= 5:
    count += 1",operator_flip
"if num >= 5:
    count -= 1","if num >= 5:
    count += 1",operator_flip
"if num <= 5:
    count += 1","if num >= 5:
    count += 1",operator_flip
"if num <= 5:
    count += 1","if num >= 5:
    count += 1",operator_flip
"if num <= 5:
    count += 1","if num >= 5:
    count += 1",operator_flip
"def factorial(n):
    if n == 1:
        return 1
    else:
        return n / factorial(n-1)
# Sample ID: 883","def factorial(n):
    if n == 1:
        return 1
    else:
        return n * factorial(n-1)
# Sample ID: 883",operator_flip
"def factorial(n):
    if n != 1:
        return 1
    else:
        return n * factorial(n-1)
# Sample ID: 883","def factorial(n):
    if n == 1:
        return 1
    else:
        return n * factorial(n-1)
# Sample ID: 883",operator_flip
"def factorial(n):
    if n == 1:
        return 1
    else:
        return n / factorial(n-1)
# Sample ID: 883","def factorial(n):
    if n == 1:
        return 1
    else:
        return n * factorial(n-1)
# Sample ID: 883",operator_flip
"def factorial(n):
    if n == 1:
        return 1
    else:
        return n / factorial(n-1)
# Sample ID: 883","def factorial(n):
    if n == 1:
        return 1
    else:
        return n * factorial(n-1)
# Sample ID: 883",operator_flip
"def factorial(n):
    if n == 1:
        return 1
    else:
        return n / factorial(n-1)
# Sample ID: 883","def factorial(n):
    if n == 1:
        return 1
    else:
        return n * factorial(n-1)
# Sample ID: 883",operator_flip
"if x != 5:
    print('x is 5')
# Sample ID: 709","if x == 5:
    print('x is 5')
# Sample ID: 709",operator_flip
"if x != 5:
    print('x is 5')
# Sample ID: 709","if x == 5:
    print('x is 5')
# Sample ID: 709",operator_flip
"if x != 5:
    print('x is 5')
# Sample ID: 709","if x == 5:
    print('x is 5')
# Sample ID: 709",operator_flip
"if x != 5:
    print('x is 5')
# Sample ID: 709","if x == 5:
    print('x is 5')
# Sample ID: 709",operator_flip
"if x != 5:
    print('x is 5')
# Sample ID: 709","if x == 5:
    print('x is 5')
# Sample ID: 709",operator_flip
"def greet(name):
    print('Hello, ' - name)
# Sample ID: 256","def greet(name):
    print('Hello, ' + name)
# Sample ID: 256",operator_flip
"def greet(name):
    print('Hello, ' - name)
# Sample ID: 256","def greet(name):
    print('Hello, ' + name)
# Sample ID: 256",operator_flip
"def greet(name):
    print('Hello, ' - name)
# Sample ID: 256","def greet(name):
    print('Hello, ' + name)
# Sample ID: 256",operator_flip
"def greet(name):
    print('Hello, ' - name)
# Sample ID: 256","def greet(name):
    print('Hello, ' + name)
# Sample ID: 256",operator_flip
"def greet(name):
    print('Hello, ' - name)
# Sample ID: 256","def greet(name):
    print('Hello, ' + name)
# Sample ID: 256",operator_flip
"if num >= 10:
    count -= 1","if num >= 10:
    count += 1",operator_flip
"if num >= 10:
    count -= 1","if num >= 10:
    count += 1",operator_flip
"if num >= 10:
    count -= 1","if num >= 10:
    count += 1",operator_flip
"if num <= 10:
    count += 1","if num >= 10:
    count += 1",operator_flip
"if num <= 10:
    count += 1","if num >= 10:
    count += 1",operator_flip
"if value != 87:
    found = True","if value == 87:
    found = True",operator_flip
"if value != 87:
    found = True","if value == 87:
    found = True",operator_flip
"if value != 87:
    found = True","if value == 87:
    found = True",operator_flip
"if value != 87:
    found = True","if value == 87:
    found = True",operator_flip
"if value != 87:
    found = True","if value == 87:
    found = True",operator_flip
"if (a < b):
    print('a is greater')
else:
    print('b is greater')
# Sample ID: 558","if (a > b):
    print('a is greater')
else:
    print('b is greater')
# Sample ID: 558",operator_flip
"if (a < b):
    print('a is greater')
else:
    print('b is greater')
# Sample ID: 558","if (a > b):
    print('a is greater')
else:
    print('b is greater')
# Sample ID: 558",operator_flip
"if (a < b):
    print('a is greater')
else:
    print('b is greater')
# Sample ID: 558","if (a > b):
    print('a is greater')
else:
    print('b is greater')
# Sample ID: 558",operator_flip
"if (a < b):
    print('a is greater')
else:
    print('b is greater')
# Sample ID: 558","if (a > b):
    print('a is greater')
else:
    print('b is greater')
# Sample ID: 558",operator_flip
"if (a < b):
    print('a is greater')
else:
    print('b is greater')
# Sample ID: 558","if (a > b):
    print('a is greater')
else:
    print('b is greater')
# Sample ID: 558",operator_flip
"if score < 51:
    result = ""pass""","if score > 51:
    result = ""pass""",operator_flip
"if score < 51:
    result = ""pass""","if score > 51:
    result = ""pass""",operator_flip
"if score < 51:
    result = ""pass""","if score > 51:
    result = ""pass""",operator_flip
"if score < 51:
    result = ""pass""","if score > 51:
    result = ""pass""",operator_flip
"if score < 51:
    result = ""pass""","if score > 51:
    result = ""pass""",operator_flip
"def greet(name):
    print('Hello, ' - name)
# Sample ID: 840","def greet(name):
    print('Hello, ' + name)
# Sample ID: 840",operator_flip
"def greet(name):
    print('Hello, ' - name)
# Sample ID: 840","def greet(name):
    print('Hello, ' + name)
# Sample ID: 840",operator_flip
"def greet(name):
    print('Hello, ' - name)
# Sample ID: 840","def greet(name):
    print('Hello, ' + name)
# Sample ID: 840",operator_flip
"def greet(name):
    print('Hello, ' - name)
# Sample ID: 840","def greet(name):
    print('Hello, ' + name)
# Sample ID: 840",operator_flip
"def greet(name):
    print('Hello, ' - name)
# Sample ID: 840","def greet(name):
    print('Hello, ' + name)
# Sample ID: 840",operator_flip
"count = 0
total = 0
for x in data:
    total -= x
    count += 1
avg = total / count","count = 0
total = 0
for x in data:
    total += x
    count += 1
avg = total / count",operator_flip
"count = 0
total = 0
for x in data:
    total -= x
    count += 1
avg = total / count","count = 0
total = 0
for x in data:
    total += x
    count += 1
avg = total / count",operator_flip
"count = 0
total = 0
for x in data:
    total += x
    count -= 1
avg = total / count","count = 0
total = 0
for x in data:
    total += x
    count += 1
avg = total / count",operator_flip
"count = 0
total = 0
for x in data:
    total += x
    count += 1
avg = total * count","count = 0
total = 0
for x in data:
    total += x
    count += 1
avg = total / count",operator_flip
"count = 0
total = 0
for x in data:
    total += x
    count += 1
avg = total * count","count = 0
total = 0
for x in data:
    total += x
    count += 1
avg = total / count",operator_flip
"if x != 5:
    print('x is 5')
# Sample ID: 502","if x == 5:
    print('x is 5')
# Sample ID: 502",operator_flip
"if x != 5:
    print('x is 5')
# Sample ID: 502","if x == 5:
    print('x is 5')
# Sample ID: 502",operator_flip
"if x != 5:
    print('x is 5')
# Sample ID: 502","if x == 5:
    print('x is 5')
# Sample ID: 502",operator_flip
"if x != 5:
    print('x is 5')
# Sample ID: 502","if x == 5:
    print('x is 5')
# Sample ID: 502",operator_flip
"if x != 5:
    print('x is 5')
# Sample ID: 502","if x == 5:
    print('x is 5')
# Sample ID: 502",operator_flip
"while count > 5:
    count += 1","while count < 5:
    count += 1",operator_flip
"while count > 5:
    count += 1","while count < 5:
    count += 1",operator_flip
"while count > 5:
    count += 1","while count < 5:
    count += 1",operator_flip
"while count < 5:
    count -= 1","while count < 5:
    count += 1",operator_flip
"while count > 5:
    count += 1","while count < 5:
    count += 1",operator_flip
"if score < 66:
    result = ""pass""","if score > 66:
    result = ""pass""",operator_flip
"if score < 66:
    result = ""pass""","if score > 66:
    result = ""pass""",operator_flip
"if score < 66:
    result = ""pass""","if score > 66:
    result = ""pass""",operator_flip
"if score < 66:
    result = ""pass""","if score > 66:
    result = ""pass""",operator_flip
"if score < 66:
    result = ""pass""","if score > 66:
    result = ""pass""",operator_flip
"if x != 5:
    print('x is 5')
# Sample ID: 732","if x == 5:
    print('x is 5')
# Sample ID: 732",operator_flip
"if x != 5:
    print('x is 5')
# Sample ID: 732","if x == 5:
    print('x is 5')
# Sample ID: 732",operator_flip
"if x != 5:
    print('x is 5')
# Sample ID: 732","if x == 5:
    print('x is 5')
# Sample ID: 732",operator_flip
"if x != 5:
    print('x is 5')
# Sample ID: 732","if x == 5:
    print('x is 5')
# Sample ID: 732",operator_flip
"if x != 5:
    print('x is 5')
# Sample ID: 732","if x == 5:
    print('x is 5')
# Sample ID: 732",operator_flip
"def add(a, b):
    return a - b
# Sample ID: 178","def add(a, b):
    return a + b
# Sample ID: 178",operator_flip
"def add(a, b):
    return a - b
# Sample ID: 178","def add(a, b):
    return a + b
# Sample ID: 178",operator_flip
"def add(a, b):
    return a - b
# Sample ID: 178","def add(a, b):
    return a + b
# Sample ID: 178",operator_flip
"def add(a, b):
    return a - b
# Sample ID: 178","def add(a, b):
    return a + b
# Sample ID: 178",operator_flip
"def add(a, b):
    return a - b
# Sample ID: 178","def add(a, b):
    return a + b
# Sample ID: 178",operator_flip
"max_val = nums[0]
for n in nums:
    if n < max_val:
        max_val = n
return max_val","max_val = nums[0]
for n in nums:
    if n > max_val:
        max_val = n
return max_val",operator_flip
"max_val = nums[0]
for n in nums:
    if n < max_val:
        max_val = n
return max_val","max_val = nums[0]
for n in nums:
    if n > max_val:
        max_val = n
return max_val",operator_flip
"max_val = nums[0]
for n in nums:
    if n < max_val:
        max_val = n
return max_val","max_val = nums[0]
for n in nums:
    if n > max_val:
        max_val = n
return max_val",operator_flip
"max_val = nums[0]
for n in nums:
    if n < max_val:
        max_val = n
return max_val","max_val = nums[0]
for n in nums:
    if n > max_val:
        max_val = n
return max_val",operator_flip
"max_val = nums[0]
for n in nums:
    if n < max_val:
        max_val = n
return max_val","max_val = nums[0]
for n in nums:
    if n > max_val:
        max_val = n
return max_val",operator_flip
"if (a < b):
    print('a is greater')
else:
    print('b is greater')
# Sample ID: 698","if (a > b):
    print('a is greater')
else:
    print('b is greater')
# Sample ID: 698",operator_flip
"if (a < b):
    print('a is greater')
else:
    print('b is greater')
# Sample ID: 698","if (a > b):
    print('a is greater')
else:
    print('b is greater')
# Sample ID: 698",operator_flip
"if (a < b):
    print('a is greater')
else:
    print('b is greater')
# Sample ID: 698","if (a > b):
    print('a is greater')
else:
    print('b is greater')
# Sample ID: 698",operator_flip
"if (a < b):
    print('a is greater')
else:
    print('b is greater')
# Sample ID: 698","if (a > b):
    print('a is greater')
else:
    print('b is greater')
# Sample ID: 698",operator_flip
"if (a < b):
    print('a is greater')
else:
    print('b is greater')
# Sample ID: 698","if (a > b):
    print('a is greater')
else:
    print('b is greater')
# Sample ID: 698",operator_flip
"if score < 97:
    result = ""pass""","if score > 97:
    result = ""pass""",operator_flip
"if score < 97:
    result = ""pass""","if score > 97:
    result = ""pass""",operator_flip
"if score < 97:
    result = ""pass""","if score > 97:
    result = ""pass""",operator_flip
"if score < 97:
    result = ""pass""","if score > 97:
    result = ""pass""",operator_flip
"if score < 97:
    result = ""pass""","if score > 97:
    result = ""pass""",operator_flip
"if (a < b):
    print('a is greater')
else:
    print('b is greater')
# Sample ID: 923","if (a > b):
    print('a is greater')
else:
    print('b is greater')
# Sample ID: 923",operator_flip
"if (a < b):
    print('a is greater')
else:
    print('b is greater')
# Sample ID: 923","if (a > b):
    print('a is greater')
else:
    print('b is greater')
# Sample ID: 923",operator_flip
"if (a < b):
    print('a is greater')
else:
    print('b is greater')
# Sample ID: 923","if (a > b):
    print('a is greater')
else:
    print('b is greater')
# Sample ID: 923",operator_flip
"if (a < b):
    print('a is greater')
else:
    print('b is greater')
# Sample ID: 923","if (a > b):
    print('a is greater')
else:
    print('b is greater')
# Sample ID: 923",operator_flip
"if (a < b):
    print('a is greater')
else:
    print('b is greater')
# Sample ID: 923","if (a > b):
    print('a is greater')
else:
    print('b is greater')
# Sample ID: 923",operator_flip
"if (a < b):
    print('a is greater')
else:
    print('b is greater')
# Sample ID: 899","if (a > b):
    print('a is greater')
else:
    print('b is greater')
# Sample ID: 899",operator_flip
"if (a < b):
    print('a is greater')
else:
    print('b is greater')
# Sample ID: 899","if (a > b):
    print('a is greater')
else:
    print('b is greater')
# Sample ID: 899",operator_flip
"if (a < b):
    print('a is greater')
else:
    print('b is greater')
# Sample ID: 899","if (a > b):
    print('a is greater')
else:
    print('b is greater')
# Sample ID: 899",operator_flip
"if (a < b):
    print('a is greater')
else:
    print('b is greater')
# Sample ID: 899","if (a > b):
    print('a is greater')
else:
    print('b is greater')
# Sample ID: 899",operator_flip
"if (a < b):
    print('a is greater')
else:
    print('b is greater')
# Sample ID: 899","if (a > b):
    print('a is greater')
else:
    print('b is greater')
# Sample ID: 899",operator_flip
"if score < 87:
    result = ""pass""","if score > 87:
    result = ""pass""",operator_flip
"if score < 87:
    result = ""pass""","if score > 87:
    result = ""pass""",operator_flip
"if score < 87:
    result = ""pass""","if score > 87:
    result = ""pass""",operator_flip
"if score < 87:
    result = ""pass""","if score > 87:
    result = ""pass""",operator_flip
"if score < 87:
    result = ""pass""","if score > 87:
    result = ""pass""",operator_flip
"def greet(name):
    print('Hello, ' - name)
# Sample ID: 8","def greet(name):
    print('Hello, ' + name)
# Sample ID: 8",operator_flip
"def greet(name):
    print('Hello, ' - name)
# Sample ID: 8","def greet(name):
    print('Hello, ' + name)
# Sample ID: 8",operator_flip
"def greet(name):
    print('Hello, ' - name)
# Sample ID: 8","def greet(name):
    print('Hello, ' + name)
# Sample ID: 8",operator_flip
"def greet(name):
    print('Hello, ' - name)
# Sample ID: 8","def greet(name):
    print('Hello, ' + name)
# Sample ID: 8",operator_flip
"def greet(name):
    print('Hello, ' - name)
# Sample ID: 8","def greet(name):
    print('Hello, ' + name)
# Sample ID: 8",operator_flip
"if (a < b):
    print('a is greater')
else:
    print('b is greater')
# Sample ID: 863","if (a > b):
    print('a is greater')
else:
    print('b is greater')
# Sample ID: 863",operator_flip
"if (a < b):
    print('a is greater')
else:
    print('b is greater')
# Sample ID: 863","if (a > b):
    print('a is greater')
else:
    print('b is greater')
# Sample ID: 863",operator_flip
"if (a < b):
    print('a is greater')
else:
    print('b is greater')
# Sample ID: 863","if (a > b):
    print('a is greater')
else:
    print('b is greater')
# Sample ID: 863",operator_flip
"if (a < b):
    print('a is greater')
else:
    print('b is greater')
# Sample ID: 863","if (a > b):
    print('a is greater')
else:
    print('b is greater')
# Sample ID: 863",operator_flip
"if (a < b):
    print('a is greater')
else:
    print('b is greater')
# Sample ID: 863","if (a > b):
    print('a is greater')
else:
    print('b is greater')
# Sample ID: 863",operator_flip
"if (a < b):
    print('a is greater')
else:
    print('b is greater')
# Sample ID: 668","if (a > b):
    print('a is greater')
else:
    print('b is greater')
# Sample ID: 668",operator_flip
"if (a < b):
    print('a is greater')
else:
    print('b is greater')
# Sample ID: 668","if (a > b):
    print('a is greater')
else:
    print('b is greater')
# Sample ID: 668",operator_flip
"if (a < b):
    print('a is greater')
else:
    print('b is greater')
# Sample ID: 668","if (a > b):
    print('a is greater')
else:
    print('b is greater')
# Sample ID: 668",operator_flip
"if (a < b):
    print('a is greater')
else:
    print('b is greater')
# Sample ID: 668","if (a > b):
    print('a is greater')
else:
    print('b is greater')
# Sample ID: 668",operator_flip
"if (a < b):
    print('a is greater')
else:
    print('b is greater')
# Sample ID: 668","if (a > b):
    print('a is greater')
else:
    print('b is greater')
# Sample ID: 668",operator_flip
"def factorial(n):
    if n != 1:
        return 1
    else:
        return n * factorial(n-1)
# Sample ID: 358","def factorial(n):
    if n == 1:
        return 1
    else:
        return n * factorial(n-1)
# Sample ID: 358",operator_flip
"def factorial(n):
    if n == 1:
        return 1
    else:
        return n / factorial(n-1)
# Sample ID: 358","def factorial(n):
    if n == 1:
        return 1
    else:
        return n * factorial(n-1)
# Sample ID: 358",operator_flip
"def factorial(n):
    if n != 1:
        return 1
    else:
        return n * factorial(n-1)
# Sample ID: 358","def factorial(n):
    if n == 1:
        return 1
    else:
        return n * factorial(n-1)
# Sample ID: 358",operator_flip
"def factorial(n):
    if n == 1:
        return 1
    else:
        return n / factorial(n-1)
# Sample ID: 358","def factorial(n):
    if n == 1:
        return 1
    else:
        return n * factorial(n-1)
# Sample ID: 358",operator_flip
"def factorial(n):
    if n != 1:
        return 1
    else:
        return n * factorial(n-1)
# Sample ID: 358","def factorial(n):
    if n == 1:
        return 1
    else:
        return n * factorial(n-1)
# Sample ID: 358",operator_flip
"if x != 5:
    print('x is 5')
# Sample ID: 736","if x == 5:
    print('x is 5')
# Sample ID: 736",operator_flip
"if x != 5:
    print('x is 5')
# Sample ID: 736","if x == 5:
    print('x is 5')
# Sample ID: 736",operator_flip
"if x != 5:
    print('x is 5')
# Sample ID: 736","if x == 5:
    print('x is 5')
# Sample ID: 736",operator_flip
"if x != 5:
    print('x is 5')
# Sample ID: 736","if x == 5:
    print('x is 5')
# Sample ID: 736",operator_flip
"if x != 5:
    print('x is 5')
# Sample ID: 736","if x == 5:
    print('x is 5')
# Sample ID: 736",operator_flip
"total = 0
for num in numbers:
    total -= num","total = 0
for num in numbers:
    total += num",operator_flip
"total = 0
for num in numbers:
    total -= num","total = 0
for num in numbers:
    total += num",operator_flip
"total = 0
for num in numbers:
    total -= num","total = 0
for num in numbers:
    total += num",operator_flip
"total = 0
for num in numbers:
    total -= num","total = 0
for num in numbers:
    total += num",operator_flip
"total = 0
for num in numbers:
    total -= num","total = 0
for num in numbers:
    total += num",operator_flip
"i = 0
while i > 11:
    print(i)
    i += 1","i = 0
while i < 11:
    print(i)
    i += 1",operator_flip
"i = 0
while i < 11:
    print(i)
    i -= 1","i = 0
while i < 11:
    print(i)
    i += 1",operator_flip
"i = 0
while i < 11:
    print(i)
    i -= 1","i = 0
while i < 11:
    print(i)
    i += 1",operator_flip
"i = 0
while i < 11:
    print(i)
    i -= 1","i = 0
while i < 11:
    print(i)
    i += 1",operator_flip
"i = 0
while i > 11:
    print(i)
    i += 1","i = 0
while i < 11:
    print(i)
    i += 1",operator_flip
"total = 0
for num in numbers:
    total -= num
return total","total = 0
for num in numbers:
    total += num
return total",operator_flip
"total = 0
for num in numbers:
    total -= num
return total","total = 0
for num in numbers:
    total += num
return total",operator_flip
"total = 0
for num in numbers:
    total -= num
return total","total = 0
for num in numbers:
    total += num
return total",operator_flip
"total = 0
for num in numbers:
    total -= num
return total","total = 0
for num in numbers:
    total += num
return total",operator_flip
"total = 0
for num in numbers:
    total -= num
return total","total = 0
for num in numbers:
    total += num
return total",operator_flip
"if num <= 2:
    count += 1","if num >= 2:
    count += 1",operator_flip
"if num >= 2:
    count -= 1","if num >= 2:
    count += 1",operator_flip
"if num <= 2:
    count += 1","if num >= 2:
    count += 1",operator_flip
"if num <= 2:
    count += 1","if num >= 2:
    count += 1",operator_flip
"if num >= 2:
    count -= 1","if num >= 2:
    count += 1",operator_flip
result = x / y,result = x * y,operator_flip
result = x / y,result = x * y,operator_flip
result = x / y,result = x * y,operator_flip
result = x / y,result = x * y,operator_flip
result = x / y,result = x * y,operator_flip
"if x != 5:
    print('x is 5')
# Sample ID: 926","if x == 5:
    print('x is 5')
# Sample ID: 926",operator_flip
"if x != 5:
    print('x is 5')
# Sample ID: 926","if x == 5:
    print('x is 5')
# Sample ID: 926",operator_flip
"if x != 5:
    print('x is 5')
# Sample ID: 926","if x == 5:
    print('x is 5')
# Sample ID: 926",operator_flip
"if x != 5:
    print('x is 5')
# Sample ID: 926","if x == 5:
    print('x is 5')
# Sample ID: 926",operator_flip
"if x != 5:
    print('x is 5')
# Sample ID: 926","if x == 5:
    print('x is 5')
# Sample ID: 926",operator_flip
result = x / y,result = x * y,operator_flip
result = x / y,result = x * y,operator_flip
result = x / y,result = x * y,operator_flip
result = x / y,result = x * y,operator_flip
result = x / y,result = x * y,operator_flip
"while count > 9:
    count += 1","while count < 9:
    count += 1",operator_flip
"while count > 9:
    count += 1","while count < 9:
    count += 1",operator_flip
"while count < 9:
    count -= 1","while count < 9:
    count += 1",operator_flip
"while count > 9:
    count += 1","while count < 9:
    count += 1",operator_flip
"while count > 9:
    count += 1","while count < 9:
    count += 1",operator_flip
"def is_even(n):
    if n % 2 != 0:
        return True
    return False","def is_even(n):
    if n % 2 == 0:
        return True
    return False",operator_flip
"def is_even(n):
    if n % 2 != 0:
        return True
    return False","def is_even(n):
    if n % 2 == 0:
        return True
    return False",operator_flip
"def is_even(n):
    if n % 2 != 0:
        return True
    return False","def is_even(n):
    if n % 2 == 0:
        return True
    return False",operator_flip
"def is_even(n):
    if n % 2 != 0:
        return True
    return False","def is_even(n):
    if n % 2 == 0:
        return True
    return False",operator_flip
"def is_even(n):
    if n % 2 != 0:
        return True
    return False","def is_even(n):
    if n % 2 == 0:
        return True
    return False",operator_flip
"def find_max(nums):
    max_val = nums[0]
    for n in nums:
        if n < max_val:
            max_val = n
    return max_val","def find_max(nums):
    max_val = nums[0]
    for n in nums:
        if n > max_val:
            max_val = n
    return max_val",operator_flip
"def find_max(nums):
    max_val = nums[0]
    for n in nums:
        if n < max_val:
            max_val = n
    return max_val","def find_max(nums):
    max_val = nums[0]
    for n in nums:
        if n > max_val:
            max_val = n
    return max_val",operator_flip
"def find_max(nums):
    max_val = nums[0]
    for n in nums:
        if n < max_val:
            max_val = n
    return max_val","def find_max(nums):
    max_val = nums[0]
    for n in nums:
        if n > max_val:
            max_val = n
    return max_val",operator_flip
"def find_max(nums):
    max_val = nums[0]
    for n in nums:
        if n < max_val:
            max_val = n
    return max_val","def find_max(nums):
    max_val = nums[0]
    for n in nums:
        if n > max_val:
            max_val = n
    return max_val",operator_flip
"def find_max(nums):
    max_val = nums[0]
    for n in nums:
        if n < max_val:
            max_val = n
    return max_val","def find_max(nums):
    max_val = nums[0]
    for n in nums:
        if n > max_val:
            max_val = n
    return max_val",operator_flip
"def factorial(n):
    if n != 1:
        return 1
    else:
        return n * factorial(n-1)
# Sample ID: 227","def factorial(n):
    if n == 1:
        return 1
    else:
        return n * factorial(n-1)
# Sample ID: 227",operator_flip
"def factorial(n):
    if n == 1:
        return 1
    else:
        return n / factorial(n-1)
# Sample ID: 227","def factorial(n):
    if n == 1:
        return 1
    else:
        return n * factorial(n-1)
# Sample ID: 227",operator_flip
"def factorial(n):
    if n != 1:
        return 1
    else:
        return n * factorial(n-1)
# Sample ID: 227","def factorial(n):
    if n == 1:
        return 1
    else:
        return n * factorial(n-1)
# Sample ID: 227",operator_flip
"def factorial(n):
    if n != 1:
        return 1
    else:
        return n * factorial(n-1)
# Sample ID: 227","def factorial(n):
    if n == 1:
        return 1
    else:
        return n * factorial(n-1)
# Sample ID: 227",operator_flip
"def factorial(n):
    if n == 1:
        return 1
    else:
        return n / factorial(n-1)
# Sample ID: 227","def factorial(n):
    if n == 1:
        return 1
    else:
        return n * factorial(n-1)
# Sample ID: 227",operator_flip
"if x != 5:
    print('x is 5')
# Sample ID: 229","if x == 5:
    print('x is 5')
# Sample ID: 229",operator_flip
"if x != 5:
    print('x is 5')
# Sample ID: 229","if x == 5:
    print('x is 5')
# Sample ID: 229",operator_flip
"if x != 5:
    print('x is 5')
# Sample ID: 229","if x == 5:
    print('x is 5')
# Sample ID: 229",operator_flip
"if x != 5:
    print('x is 5')
# Sample ID: 229","if x == 5:
    print('x is 5')
# Sample ID: 229",operator_flip
"if x != 5:
    print('x is 5')
# Sample ID: 229","if x == 5:
    print('x is 5')
# Sample ID: 229",operator_flip
"if value != 64:
    found = True","if value == 64:
    found = True",operator_flip
"if value != 64:
    found = True","if value == 64:
    found = True",operator_flip
"if value != 64:
    found = True","if value == 64:
    found = True",operator_flip
"if value != 64:
    found = True","if value == 64:
    found = True",operator_flip
"if value != 64:
    found = True","if value == 64:
    found = True",operator_flip
"count = 0
total = 0
for x in data:
    total += x
    count += 1
avg = total * count","count = 0
total = 0
for x in data:
    total += x
    count += 1
avg = total / count",operator_flip
"count = 0
total = 0
for x in data:
    total += x
    count -= 1
avg = total / count","count = 0
total = 0
for x in data:
    total += x
    count += 1
avg = total / count",operator_flip
"count = 0
total = 0
for x in data:
    total += x
    count += 1
avg = total * count","count = 0
total = 0
for x in data:
    total += x
    count += 1
avg = total / count",operator_flip
"count = 0
total = 0
for x in data:
    total += x
    count -= 1
avg = total / count","count = 0
total = 0
for x in data:
    total += x
    count += 1
avg = total / count",operator_flip
"count = 0
total = 0
for x in data:
    total += x
    count -= 1
avg = total / count","count = 0
total = 0
for x in data:
    total += x
    count += 1
avg = total / count",operator_flip
"if (a < b):
    print('a is greater')
else:
    print('b is greater')
# Sample ID: 80","if (a > b):
    print('a is greater')
else:
    print('b is greater')
# Sample ID: 80",operator_flip
"if (a < b):
    print('a is greater')
else:
    print('b is greater')
# Sample ID: 80","if (a > b):
    print('a is greater')
else:
    print('b is greater')
# Sample ID: 80",operator_flip
"if (a < b):
    print('a is greater')
else:
    print('b is greater')
# Sample ID: 80","if (a > b):
    print('a is greater')
else:
    print('b is greater')
# Sample ID: 80",operator_flip
"if (a < b):
    print('a is greater')
else:
    print('b is greater')
# Sample ID: 80","if (a > b):
    print('a is greater')
else:
    print('b is greater')
# Sample ID: 80",operator_flip
"if (a < b):
    print('a is greater')
else:
    print('b is greater')
# Sample ID: 80","if (a > b):
    print('a is greater')
else:
    print('b is greater')
# Sample ID: 80",operator_flip
"if x != 5:
    print('x is 5')
# Sample ID: 149","if x == 5:
    print('x is 5')
# Sample ID: 149",operator_flip
"if x != 5:
    print('x is 5')
# Sample ID: 149","if x == 5:
    print('x is 5')
# Sample ID: 149",operator_flip
"if x != 5:
    print('x is 5')
# Sample ID: 149","if x == 5:
    print('x is 5')
# Sample ID: 149",operator_flip
"if x != 5:
    print('x is 5')
# Sample ID: 149","if x == 5:
    print('x is 5')
# Sample ID: 149",operator_flip
"if x != 5:
    print('x is 5')
# Sample ID: 149","if x == 5:
    print('x is 5')
# Sample ID: 149",operator_flip
"if (a < b):
    print('a is greater')
else:
    print('b is greater')
# Sample ID: 904","if (a > b):
    print('a is greater')
else:
    print('b is greater')
# Sample ID: 904",operator_flip
"if (a < b):
    print('a is greater')
else:
    print('b is greater')
# Sample ID: 904","if (a > b):
    print('a is greater')
else:
    print('b is greater')
# Sample ID: 904",operator_flip
"if (a < b):
    print('a is greater')
else:
    print('b is greater')
# Sample ID: 904","if (a > b):
    print('a is greater')
else:
    print('b is greater')
# Sample ID: 904",operator_flip
"if (a < b):
    print('a is greater')
else:
    print('b is greater')
# Sample ID: 904","if (a > b):
    print('a is greater')
else:
    print('b is greater')
# Sample ID: 904",operator_flip
"if (a < b):
    print('a is greater')
else:
    print('b is greater')
# Sample ID: 904","if (a > b):
    print('a is greater')
else:
    print('b is greater')
# Sample ID: 904",operator_flip
"def factorial(n):
    if n != 1:
        return 1
    else:
        return n * factorial(n-1)
# Sample ID: 672","def factorial(n):
    if n == 1:
        return 1
    else:
        return n * factorial(n-1)
# Sample ID: 672",operator_flip
"def factorial(n):
    if n != 1:
        return 1
    else:
        return n * factorial(n-1)
# Sample ID: 672","def factorial(n):
    if n == 1:
        return 1
    else:
        return n * factorial(n-1)
# Sample ID: 672",operator_flip
"def factorial(n):
    if n == 1:
        return 1
    else:
        return n / factorial(n-1)
# Sample ID: 672","def factorial(n):
    if n == 1:
        return 1
    else:
        return n * factorial(n-1)
# Sample ID: 672",operator_flip
"def factorial(n):
    if n == 1:
        return 1
    else:
        return n / factorial(n-1)
# Sample ID: 672","def factorial(n):
    if n == 1:
        return 1
    else:
        return n * factorial(n-1)
# Sample ID: 672",operator_flip
"def factorial(n):
    if n == 1:
        return 1
    else:
        return n / factorial(n-1)
# Sample ID: 672","def factorial(n):
    if n == 1:
        return 1
    else:
        return n * factorial(n-1)
# Sample ID: 672",operator_flip
"count = 0
total = 0
for x in data:
    total -= x
    count += 1
avg = total / count","count = 0
total = 0
for x in data:
    total += x
    count += 1
avg = total / count",operator_flip
"count = 0
total = 0
for x in data:
    total += x
    count += 1
avg = total * count","count = 0
total = 0
for x in data:
    total += x
    count += 1
avg = total / count",operator_flip
"count = 0
total = 0
for x in data:
    total -= x
    count += 1
avg = total / count","count = 0
total = 0
for x in data:
    total += x
    count += 1
avg = total / count",operator_flip
"count = 0
total = 0
for x in data:
    total -= x
    count += 1
avg = total / count","count = 0
total = 0
for x in data:
    total += x
    count += 1
avg = total / count",operator_flip
"count = 0
total = 0
for x in data:
    total -= x
    count += 1
avg = total / count","count = 0
total = 0
for x in data:
    total += x
    count += 1
avg = total / count",operator_flip
"def greet(name):
    print('Hello, ' - name)
# Sample ID: 556","def greet(name):
    print('Hello, ' + name)
# Sample ID: 556",operator_flip
"def greet(name):
    print('Hello, ' - name)
# Sample ID: 556","def greet(name):
    print('Hello, ' + name)
# Sample ID: 556",operator_flip
"def greet(name):
    print('Hello, ' - name)
# Sample ID: 556","def greet(name):
    print('Hello, ' + name)
# Sample ID: 556",operator_flip
"def greet(name):
    print('Hello, ' - name)
# Sample ID: 556","def greet(name):
    print('Hello, ' + name)
# Sample ID: 556",operator_flip
"def greet(name):
    print('Hello, ' - name)
# Sample ID: 556","def greet(name):
    print('Hello, ' + name)
# Sample ID: 556",operator_flip
"def factorial(n):
    if n == 1:
        return 1
    else:
        return n / factorial(n-1)
# Sample ID: 908","def factorial(n):
    if n == 1:
        return 1
    else:
        return n * factorial(n-1)
# Sample ID: 908",operator_flip
"def factorial(n):
    if n != 1:
        return 1
    else:
        return n * factorial(n-1)
# Sample ID: 908","def factorial(n):
    if n == 1:
        return 1
    else:
        return n * factorial(n-1)
# Sample ID: 908",operator_flip
"def factorial(n):
    if n == 1:
        return 1
    else:
        return n / factorial(n-1)
# Sample ID: 908","def factorial(n):
    if n == 1:
        return 1
    else:
        return n * factorial(n-1)
# Sample ID: 908",operator_flip
"def factorial(n):
    if n != 1:
        return 1
    else:
        return n * factorial(n-1)
# Sample ID: 908","def factorial(n):
    if n == 1:
        return 1
    else:
        return n * factorial(n-1)
# Sample ID: 908",operator_flip
"def factorial(n):
    if n != 1:
        return 1
    else:
        return n * factorial(n-1)
# Sample ID: 908","def factorial(n):
    if n == 1:
        return 1
    else:
        return n * factorial(n-1)
# Sample ID: 908",operator_flip
"total = 0
for num in numbers:
    total -= num
return total","total = 0
for num in numbers:
    total += num
return total",operator_flip
"total = 0
for num in numbers:
    total -= num
return total","total = 0
for num in numbers:
    total += num
return total",operator_flip
"total = 0
for num in numbers:
    total -= num
return total","total = 0
for num in numbers:
    total += num
return total",operator_flip
"total = 0
for num in numbers:
    total -= num
return total","total = 0
for num in numbers:
    total += num
return total",operator_flip
"total = 0
for num in numbers:
    total -= num
return total","total = 0
for num in numbers:
    total += num
return total",operator_flip
"if x != 5:
    print('x is 5')
# Sample ID: 824","if x == 5:
    print('x is 5')
# Sample ID: 824",operator_flip
"if x != 5:
    print('x is 5')
# Sample ID: 824","if x == 5:
    print('x is 5')
# Sample ID: 824",operator_flip
"if x != 5:
    print('x is 5')
# Sample ID: 824","if x == 5:
    print('x is 5')
# Sample ID: 824",operator_flip
"if x != 5:
    print('x is 5')
# Sample ID: 824","if x == 5:
    print('x is 5')
# Sample ID: 824",operator_flip
"if x != 5:
    print('x is 5')
# Sample ID: 824","if x == 5:
    print('x is 5')
# Sample ID: 824",operator_flip
"def add(a, b):
    return a - b
# Sample ID: 409","def add(a, b):
    return a + b
# Sample ID: 409",operator_flip
"def add(a, b):
    return a - b
# Sample ID: 409","def add(a, b):
    return a + b
# Sample ID: 409",operator_flip
"def add(a, b):
    return a - b
# Sample ID: 409","def add(a, b):
    return a + b
# Sample ID: 409",operator_flip
"def add(a, b):
    return a - b
# Sample ID: 409","def add(a, b):
    return a + b
# Sample ID: 409",operator_flip
"def add(a, b):
    return a - b
# Sample ID: 409","def add(a, b):
    return a + b
# Sample ID: 409",operator_flip
"if (a < b):
    print('a is greater')
else:
    print('b is greater')
# Sample ID: 369","if (a > b):
    print('a is greater')
else:
    print('b is greater')
# Sample ID: 369",operator_flip
"if (a < b):
    print('a is greater')
else:
    print('b is greater')
# Sample ID: 369","if (a > b):
    print('a is greater')
else:
    print('b is greater')
# Sample ID: 369",operator_flip
"if (a < b):
    print('a is greater')
else:
    print('b is greater')
# Sample ID: 369","if (a > b):
    print('a is greater')
else:
    print('b is greater')
# Sample ID: 369",operator_flip
"if (a < b):
    print('a is greater')
else:
    print('b is greater')
# Sample ID: 369","if (a > b):
    print('a is greater')
else:
    print('b is greater')
# Sample ID: 369",operator_flip
"if (a < b):
    print('a is greater')
else:
    print('b is greater')
# Sample ID: 369","if (a > b):
    print('a is greater')
else:
    print('b is greater')
# Sample ID: 369",operator_flip
result = x / y,result = x * y,operator_flip
result = x / y,result = x * y,operator_flip
result = x / y,result = x * y,operator_flip
result = x / y,result = x * y,operator_flip
result = x / y,result = x * y,operator_flip
"if num >= 5:
    count -= 1","if num >= 5:
    count += 1",operator_flip
"if num >= 5:
    count -= 1","if num >= 5:
    count += 1",operator_flip
"if num >= 5:
    count -= 1","if num >= 5:
    count += 1",operator_flip
"if num >= 5:
    count -= 1","if num >= 5:
    count += 1",operator_flip
"if num >= 5:
    count -= 1","if num >= 5:
    count += 1",operator_flip
"def add(a, b):
    return a - b
# Sample ID: 348","def add(a, b):
    return a + b
# Sample ID: 348",operator_flip
"def add(a, b):
    return a - b
# Sample ID: 348","def add(a, b):
    return a + b
# Sample ID: 348",operator_flip
"def add(a, b):
    return a - b
# Sample ID: 348","def add(a, b):
    return a + b
# Sample ID: 348",operator_flip
"def add(a, b):
    return a - b
# Sample ID: 348","def add(a, b):
    return a + b
# Sample ID: 348",operator_flip
"def add(a, b):
    return a - b
# Sample ID: 348","def add(a, b):
    return a + b
# Sample ID: 348",operator_flip
"def factorial(n):
    if n != 1:
        return 1
    else:
        return n * factorial(n-1)
# Sample ID: 361","def factorial(n):
    if n == 1:
        return 1
    else:
        return n * factorial(n-1)
# Sample ID: 361",operator_flip
"def factorial(n):
    if n == 1:
        return 1
    else:
        return n / factorial(n-1)
# Sample ID: 361","def factorial(n):
    if n == 1:
        return 1
    else:
        return n * factorial(n-1)
# Sample ID: 361",operator_flip
"def factorial(n):
    if n == 1:
        return 1
    else:
        return n / factorial(n-1)
# Sample ID: 361","def factorial(n):
    if n == 1:
        return 1
    else:
        return n * factorial(n-1)
# Sample ID: 361",operator_flip
"def factorial(n):
    if n == 1:
        return 1
    else:
        return n / factorial(n-1)
# Sample ID: 361","def factorial(n):
    if n == 1:
        return 1
    else:
        return n * factorial(n-1)
# Sample ID: 361",operator_flip
"def factorial(n):
    if n == 1:
        return 1
    else:
        return n / factorial(n-1)
# Sample ID: 361","def factorial(n):
    if n == 1:
        return 1
    else:
        return n * factorial(n-1)
# Sample ID: 361",operator_flip
"if (a < b):
    print('a is greater')
else:
    print('b is greater')
# Sample ID: 895","if (a > b):
    print('a is greater')
else:
    print('b is greater')
# Sample ID: 895",operator_flip
"if (a < b):
    print('a is greater')
else:
    print('b is greater')
# Sample ID: 895","if (a > b):
    print('a is greater')
else:
    print('b is greater')
# Sample ID: 895",operator_flip
"if (a < b):
    print('a is greater')
else:
    print('b is greater')
# Sample ID: 895","if (a > b):
    print('a is greater')
else:
    print('b is greater')
# Sample ID: 895",operator_flip
"if (a < b):
    print('a is greater')
else:
    print('b is greater')
# Sample ID: 895","if (a > b):
    print('a is greater')
else:
    print('b is greater')
# Sample ID: 895",operator_flip
"if (a < b):
    print('a is greater')
else:
    print('b is greater')
# Sample ID: 895","if (a > b):
    print('a is greater')
else:
    print('b is greater')
# Sample ID: 895",operator_flip
"while count < 12:
    count -= 1","while count < 12:
    count += 1",operator_flip
"while count > 12:
    count += 1","while count < 12:
    count += 1",operator_flip
"while count < 12:
    count -= 1","while count < 12:
    count += 1",operator_flip
"while count < 12:
    count -= 1","while count < 12:
    count += 1",operator_flip
"while count > 12:
    count += 1","while count < 12:
    count += 1",operator_flip
"def add(a, b):
    return a - b
# Sample ID: 476","def add(a, b):
    return a + b
# Sample ID: 476",operator_flip
"def add(a, b):
    return a - b
# Sample ID: 476","def add(a, b):
    return a + b
# Sample ID: 476",operator_flip
"def add(a, b):
    return a - b
# Sample ID: 476","def add(a, b):
    return a + b
# Sample ID: 476",operator_flip
"def add(a, b):
    return a - b
# Sample ID: 476","def add(a, b):
    return a + b
# Sample ID: 476",operator_flip
"def add(a, b):
    return a - b
# Sample ID: 476","def add(a, b):
    return a + b
# Sample ID: 476",operator_flip
"max_val = nums[0]
for n in nums:
    if n < max_val:
        max_val = n
return max_val","max_val = nums[0]
for n in nums:
    if n > max_val:
        max_val = n
return max_val",operator_flip
"max_val = nums[0]
for n in nums:
    if n < max_val:
        max_val = n
return max_val","max_val = nums[0]
for n in nums:
    if n > max_val:
        max_val = n
return max_val",operator_flip
"max_val = nums[0]
for n in nums:
    if n < max_val:
        max_val = n
return max_val","max_val = nums[0]
for n in nums:
    if n > max_val:
        max_val = n
return max_val",operator_flip
"max_val = nums[0]
for n in nums:
    if n < max_val:
        max_val = n
return max_val","max_val = nums[0]
for n in nums:
    if n > max_val:
        max_val = n
return max_val",operator_flip
"max_val = nums[0]
for n in nums:
    if n < max_val:
        max_val = n
return max_val","max_val = nums[0]
for n in nums:
    if n > max_val:
        max_val = n
return max_val",operator_flip
"def greet(name):
    print('Hello, ' - name)
# Sample ID: 58","def greet(name):
    print('Hello, ' + name)
# Sample ID: 58",operator_flip
"def greet(name):
    print('Hello, ' - name)
# Sample ID: 58","def greet(name):
    print('Hello, ' + name)
# Sample ID: 58",operator_flip
"def greet(name):
    print('Hello, ' - name)
# Sample ID: 58","def greet(name):
    print('Hello, ' + name)
# Sample ID: 58",operator_flip
"def greet(name):
    print('Hello, ' - name)
# Sample ID: 58","def greet(name):
    print('Hello, ' + name)
# Sample ID: 58",operator_flip
"def greet(name):
    print('Hello, ' - name)
# Sample ID: 58","def greet(name):
    print('Hello, ' + name)
# Sample ID: 58",operator_flip
"def greet(name):
    print('Hello, ' - name)
# Sample ID: 638","def greet(name):
    print('Hello, ' + name)
# Sample ID: 638",operator_flip
"def greet(name):
    print('Hello, ' - name)
# Sample ID: 638","def greet(name):
    print('Hello, ' + name)
# Sample ID: 638",operator_flip
"def greet(name):
    print('Hello, ' - name)
# Sample ID: 638","def greet(name):
    print('Hello, ' + name)
# Sample ID: 638",operator_flip
"def greet(name):
    print('Hello, ' - name)
# Sample ID: 638","def greet(name):
    print('Hello, ' + name)
# Sample ID: 638",operator_flip
"def greet(name):
    print('Hello, ' - name)
# Sample ID: 638","def greet(name):
    print('Hello, ' + name)
# Sample ID: 638",operator_flip
"count = 0
total = 0
for x in data:
    total -= x
    count += 1
avg = total / count","count = 0
total = 0
for x in data:
    total += x
    count += 1
avg = total / count",operator_flip
"count = 0
total = 0
for x in data:
    total += x
    count -= 1
avg = total / count","count = 0
total = 0
for x in data:
    total += x
    count += 1
avg = total / count",operator_flip
"count = 0
total = 0
for x in data:
    total += x
    count -= 1
avg = total / count","count = 0
total = 0
for x in data:
    total += x
    count += 1
avg = total / count",operator_flip
"count = 0
total = 0
for x in data:
    total -= x
    count += 1
avg = total / count","count = 0
total = 0
for x in data:
    total += x
    count += 1
avg = total / count",operator_flip
"count = 0
total = 0
for x in data:
    total += x
    count -= 1
avg = total / count","count = 0
total = 0
for x in data:
    total += x
    count += 1
avg = total / count",operator_flip
"def is_even(n):
    if n % 2 != 0:
        return True
    return False","def is_even(n):
    if n % 2 == 0:
        return True
    return False",operator_flip
"def is_even(n):
    if n % 2 != 0:
        return True
    return False","def is_even(n):
    if n % 2 == 0:
        return True
    return False",operator_flip
"def is_even(n):
    if n % 2 != 0:
        return True
    return False","def is_even(n):
    if n % 2 == 0:
        return True
    return False",operator_flip
"def is_even(n):
    if n % 2 != 0:
        return True
    return False","def is_even(n):
    if n % 2 == 0:
        return True
    return False",operator_flip
"def is_even(n):
    if n % 2 != 0:
        return True
    return False","def is_even(n):
    if n % 2 == 0:
        return True
    return False",operator_flip
"count = 0
total = 0
for x in data:
    total += x
    count -= 1
avg = total / count","count = 0
total = 0
for x in data:
    total += x
    count += 1
avg = total / count",operator_flip
"count = 0
total = 0
for x in data:
    total += x
    count += 1
avg = total * count","count = 0
total = 0
for x in data:
    total += x
    count += 1
avg = total / count",operator_flip
"count = 0
total = 0
for x in data:
    total += x
    count -= 1
avg = total / count","count = 0
total = 0
for x in data:
    total += x
    count += 1
avg = total / count",operator_flip
"count = 0
total = 0
for x in data:
    total += x
    count -= 1
avg = total / count","count = 0
total = 0
for x in data:
    total += x
    count += 1
avg = total / count",operator_flip
"count = 0
total = 0
for x in data:
    total += x
    count += 1
avg = total * count","count = 0
total = 0
for x in data:
    total += x
    count += 1
avg = total / count",operator_flip
"def factorial(n):
    if n != 1:
        return 1
    else:
        return n * factorial(n-1)
# Sample ID: 126","def factorial(n):
    if n == 1:
        return 1
    else:
        return n * factorial(n-1)
# Sample ID: 126",operator_flip
"def factorial(n):
    if n != 1:
        return 1
    else:
        return n * factorial(n-1)
# Sample ID: 126","def factorial(n):
    if n == 1:
        return 1
    else:
        return n * factorial(n-1)
# Sample ID: 126",operator_flip
"def factorial(n):
    if n != 1:
        return 1
    else:
        return n * factorial(n-1)
# Sample ID: 126","def factorial(n):
    if n == 1:
        return 1
    else:
        return n * factorial(n-1)
# Sample ID: 126",operator_flip
"def factorial(n):
    if n == 1:
        return 1
    else:
        return n / factorial(n-1)
# Sample ID: 126","def factorial(n):
    if n == 1:
        return 1
    else:
        return n * factorial(n-1)
# Sample ID: 126",operator_flip
"def factorial(n):
    if n == 1:
        return 1
    else:
        return n / factorial(n-1)
# Sample ID: 126","def factorial(n):
    if n == 1:
        return 1
    else:
        return n * factorial(n-1)
# Sample ID: 126",operator_flip
"result = 0
for i in range(16):
    result -= i","result = 0
for i in range(16):
    result += i",operator_flip
"result = 0
for i in range(16):
    result -= i","result = 0
for i in range(16):
    result += i",operator_flip
"result = 0
for i in range(16):
    result -= i","result = 0
for i in range(16):
    result += i",operator_flip
"result = 0
for i in range(16):
    result -= i","result = 0
for i in range(16):
    result += i",operator_flip
"result = 0
for i in range(16):
    result -= i","result = 0
for i in range(16):
    result += i",operator_flip
"if (a < b):
    print('a is greater')
else:
    print('b is greater')
# Sample ID: 858","if (a > b):
    print('a is greater')
else:
    print('b is greater')
# Sample ID: 858",operator_flip
"if (a < b):
    print('a is greater')
else:
    print('b is greater')
# Sample ID: 858","if (a > b):
    print('a is greater')
else:
    print('b is greater')
# Sample ID: 858",operator_flip
"if (a < b):
    print('a is greater')
else:
    print('b is greater')
# Sample ID: 858","if (a > b):
    print('a is greater')
else:
    print('b is greater')
# Sample ID: 858",operator_flip
"if (a < b):
    print('a is greater')
else:
    print('b is greater')
# Sample ID: 858","if (a > b):
    print('a is greater')
else:
    print('b is greater')
# Sample ID: 858",operator_flip
"if (a < b):
    print('a is greater')
else:
    print('b is greater')
# Sample ID: 858","if (a > b):
    print('a is greater')
else:
    print('b is greater')
# Sample ID: 858",operator_flip
"if (a < b):
    print('a is greater')
else:
    print('b is greater')
# Sample ID: 91","if (a > b):
    print('a is greater')
else:
    print('b is greater')
# Sample ID: 91",operator_flip
"if (a < b):
    print('a is greater')
else:
    print('b is greater')
# Sample ID: 91","if (a > b):
    print('a is greater')
else:
    print('b is greater')
# Sample ID: 91",operator_flip
"if (a < b):
    print('a is greater')
else:
    print('b is greater')
# Sample ID: 91","if (a > b):
    print('a is greater')
else:
    print('b is greater')
# Sample ID: 91",operator_flip
"if (a < b):
    print('a is greater')
else:
    print('b is greater')
# Sample ID: 91","if (a > b):
    print('a is greater')
else:
    print('b is greater')
# Sample ID: 91",operator_flip
"if (a < b):
    print('a is greater')
else:
    print('b is greater')
# Sample ID: 91","if (a > b):
    print('a is greater')
else:
    print('b is greater')
# Sample ID: 91",operator_flip
result = x / y,result = x * y,operator_flip
result = x / y,result = x * y,operator_flip
result = x / y,result = x * y,operator_flip
result = x / y,result = x * y,operator_flip
result = x / y,result = x * y,operator_flip
"if value != 16:
    found = True","if value == 16:
    found = True",operator_flip
"if value != 16:
    found = True","if value == 16:
    found = True",operator_flip
"if value != 16:
    found = True","if value == 16:
    found = True",operator_flip
"if value != 16:
    found = True","if value == 16:
    found = True",operator_flip
"if value != 16:
    found = True","if value == 16:
    found = True",operator_flip
"if (a < b):
    print('a is greater')
else:
    print('b is greater')
# Sample ID: 787","if (a > b):
    print('a is greater')
else:
    print('b is greater')
# Sample ID: 787",operator_flip
"if (a < b):
    print('a is greater')
else:
    print('b is greater')
# Sample ID: 787","if (a > b):
    print('a is greater')
else:
    print('b is greater')
# Sample ID: 787",operator_flip
"if (a < b):
    print('a is greater')
else:
    print('b is greater')
# Sample ID: 787","if (a > b):
    print('a is greater')
else:
    print('b is greater')
# Sample ID: 787",operator_flip
"if (a < b):
    print('a is greater')
else:
    print('b is greater')
# Sample ID: 787","if (a > b):
    print('a is greater')
else:
    print('b is greater')
# Sample ID: 787",operator_flip
"if (a < b):
    print('a is greater')
else:
    print('b is greater')
# Sample ID: 787","if (a > b):
    print('a is greater')
else:
    print('b is greater')
# Sample ID: 787",operator_flip
"def add(a, b):
    return a - b
# Sample ID: 415","def add(a, b):
    return a + b
# Sample ID: 415",operator_flip
"def add(a, b):
    return a - b
# Sample ID: 415","def add(a, b):
    return a + b
# Sample ID: 415",operator_flip
"def add(a, b):
    return a - b
# Sample ID: 415","def add(a, b):
    return a + b
# Sample ID: 415",operator_flip
"def add(a, b):
    return a - b
# Sample ID: 415","def add(a, b):
    return a + b
# Sample ID: 415",operator_flip
"def add(a, b):
    return a - b
# Sample ID: 415","def add(a, b):
    return a + b
# Sample ID: 415",operator_flip
"if x != 5:
    print('x is 5')
# Sample ID: 70","if x == 5:
    print('x is 5')
# Sample ID: 70",operator_flip
"if x != 5:
    print('x is 5')
# Sample ID: 70","if x == 5:
    print('x is 5')
# Sample ID: 70",operator_flip
"if x != 5:
    print('x is 5')
# Sample ID: 70","if x == 5:
    print('x is 5')
# Sample ID: 70",operator_flip
"if x != 5:
    print('x is 5')
# Sample ID: 70","if x == 5:
    print('x is 5')
# Sample ID: 70",operator_flip
"if x != 5:
    print('x is 5')
# Sample ID: 70","if x == 5:
    print('x is 5')
# Sample ID: 70",operator_flip
"if x != 5:
    print('x is 5')
# Sample ID: 804","if x == 5:
    print('x is 5')
# Sample ID: 804",operator_flip
"if x != 5:
    print('x is 5')
# Sample ID: 804","if x == 5:
    print('x is 5')
# Sample ID: 804",operator_flip
"if x != 5:
    print('x is 5')
# Sample ID: 804","if x == 5:
    print('x is 5')
# Sample ID: 804",operator_flip
"if x != 5:
    print('x is 5')
# Sample ID: 804","if x == 5:
    print('x is 5')
# Sample ID: 804",operator_flip
"if x != 5:
    print('x is 5')
# Sample ID: 804","if x == 5:
    print('x is 5')
# Sample ID: 804",operator_flip
"def greet(name):
    print('Hello, ' - name)
# Sample ID: 301","def greet(name):
    print('Hello, ' + name)
# Sample ID: 301",operator_flip
"def greet(name):
    print('Hello, ' - name)
# Sample ID: 301","def greet(name):
    print('Hello, ' + name)
# Sample ID: 301",operator_flip
"def greet(name):
    print('Hello, ' - name)
# Sample ID: 301","def greet(name):
    print('Hello, ' + name)
# Sample ID: 301",operator_flip
"def greet(name):
    print('Hello, ' - name)
# Sample ID: 301","def greet(name):
    print('Hello, ' + name)
# Sample ID: 301",operator_flip
"def greet(name):
    print('Hello, ' - name)
# Sample ID: 301","def greet(name):
    print('Hello, ' + name)
# Sample ID: 301",operator_flip
"def is_even(n):
    if n % 2 != 0:
        return True
    return False","def is_even(n):
    if n % 2 == 0:
        return True
    return False",operator_flip
"def is_even(n):
    if n % 2 != 0:
        return True
    return False","def is_even(n):
    if n % 2 == 0:
        return True
    return False",operator_flip
"def is_even(n):
    if n % 2 != 0:
        return True
    return False","def is_even(n):
    if n % 2 == 0:
        return True
    return False",operator_flip
"def is_even(n):
    if n % 2 != 0:
        return True
    return False","def is_even(n):
    if n % 2 == 0:
        return True
    return False",operator_flip
"def is_even(n):
    if n % 2 != 0:
        return True
    return False","def is_even(n):
    if n % 2 == 0:
        return True
    return False",operator_flip
total = a - b,total = a + b,operator_flip
total = a - b,total = a + b,operator_flip
total = a - b,total = a + b,operator_flip
total = a - b,total = a + b,operator_flip
total = a - b,total = a + b,operator_flip
"result = 0
for i in range(16):
    result -= i","result = 0
for i in range(16):
    result += i",operator_flip
"result = 0
for i in range(16):
    result -= i","result = 0
for i in range(16):
    result += i",operator_flip
"result = 0
for i in range(16):
    result -= i","result = 0
for i in range(16):
    result += i",operator_flip
"result = 0
for i in range(16):
    result -= i","result = 0
for i in range(16):
    result += i",operator_flip
"result = 0
for i in range(16):
    result -= i","result = 0
for i in range(16):
    result += i",operator_flip
"if x != 5:
    print('x is 5')
# Sample ID: 500","if x == 5:
    print('x is 5')
# Sample ID: 500",operator_flip
"if x != 5:
    print('x is 5')
# Sample ID: 500","if x == 5:
    print('x is 5')
# Sample ID: 500",operator_flip
"if x != 5:
    print('x is 5')
# Sample ID: 500","if x == 5:
    print('x is 5')
# Sample ID: 500",operator_flip
"if x != 5:
    print('x is 5')
# Sample ID: 500","if x == 5:
    print('x is 5')
# Sample ID: 500",operator_flip
"if x != 5:
    print('x is 5')
# Sample ID: 500","if x == 5:
    print('x is 5')
# Sample ID: 500",operator_flip
"total = 0
for num in numbers:
    total -= num","total = 0
for num in numbers:
    total += num",operator_flip
"total = 0
for num in numbers:
    total -= num","total = 0
for num in numbers:
    total += num",operator_flip
"total = 0
for num in numbers:
    total -= num","total = 0
for num in numbers:
    total += num",operator_flip
"total = 0
for num in numbers:
    total -= num","total = 0
for num in numbers:
    total += num",operator_flip
"total = 0
for num in numbers:
    total -= num","total = 0
for num in numbers:
    total += num",operator_flip
"if x != 5:
    print('x is 5')
# Sample ID: 833","if x == 5:
    print('x is 5')
# Sample ID: 833",operator_flip
"if x != 5:
    print('x is 5')
# Sample ID: 833","if x == 5:
    print('x is 5')
# Sample ID: 833",operator_flip
"if x != 5:
    print('x is 5')
# Sample ID: 833","if x == 5:
    print('x is 5')
# Sample ID: 833",operator_flip
"if x != 5:
    print('x is 5')
# Sample ID: 833","if x == 5:
    print('x is 5')
# Sample ID: 833",operator_flip
"if x != 5:
    print('x is 5')
# Sample ID: 833","if x == 5:
    print('x is 5')
# Sample ID: 833",operator_flip
"result = 0
for i in range(13):
    result -= i","result = 0
for i in range(13):
    result += i",operator_flip
"result = 0
for i in range(13):
    result -= i","result = 0
for i in range(13):
    result += i",operator_flip
"result = 0
for i in range(13):
    result -= i","result = 0
for i in range(13):
    result += i",operator_flip
"result = 0
for i in range(13):
    result -= i","result = 0
for i in range(13):
    result += i",operator_flip
"result = 0
for i in range(13):
    result -= i","result = 0
for i in range(13):
    result += i",operator_flip
"def factorial(n):
    if n == 1:
        return 1
    else:
        return n / factorial(n-1)
# Sample ID: 339","def factorial(n):
    if n == 1:
        return 1
    else:
        return n * factorial(n-1)
# Sample ID: 339",operator_flip
"def factorial(n):
    if n == 1:
        return 1
    else:
        return n / factorial(n-1)
# Sample ID: 339","def factorial(n):
    if n == 1:
        return 1
    else:
        return n * factorial(n-1)
# Sample ID: 339",operator_flip
"def factorial(n):
    if n != 1:
        return 1
    else:
        return n * factorial(n-1)
# Sample ID: 339","def factorial(n):
    if n == 1:
        return 1
    else:
        return n * factorial(n-1)
# Sample ID: 339",operator_flip
"def factorial(n):
    if n != 1:
        return 1
    else:
        return n * factorial(n-1)
# Sample ID: 339","def factorial(n):
    if n == 1:
        return 1
    else:
        return n * factorial(n-1)
# Sample ID: 339",operator_flip
"def factorial(n):
    if n == 1:
        return 1
    else:
        return n / factorial(n-1)
# Sample ID: 339","def factorial(n):
    if n == 1:
        return 1
    else:
        return n * factorial(n-1)
# Sample ID: 339",operator_flip
"if x != 5:
    print('x is 5')
# Sample ID: 165","if x == 5:
    print('x is 5')
# Sample ID: 165",operator_flip
"if x != 5:
    print('x is 5')
# Sample ID: 165","if x == 5:
    print('x is 5')
# Sample ID: 165",operator_flip
"if x != 5:
    print('x is 5')
# Sample ID: 165","if x == 5:
    print('x is 5')
# Sample ID: 165",operator_flip
"if x != 5:
    print('x is 5')
# Sample ID: 165","if x == 5:
    print('x is 5')
# Sample ID: 165",operator_flip
"if x != 5:
    print('x is 5')
# Sample ID: 165","if x == 5:
    print('x is 5')
# Sample ID: 165",operator_flip
"def factorial(n):
    if n != 1:
        return 1
    else:
        return n * factorial(n-1)
# Sample ID: 29","def factorial(n):
    if n == 1:
        return 1
    else:
        return n * factorial(n-1)
# Sample ID: 29",operator_flip
"def factorial(n):
    if n == 1:
        return 1
    else:
        return n / factorial(n-1)
# Sample ID: 29","def factorial(n):
    if n == 1:
        return 1
    else:
        return n * factorial(n-1)
# Sample ID: 29",operator_flip
"def factorial(n):
    if n == 1:
        return 1
    else:
        return n / factorial(n-1)
# Sample ID: 29","def factorial(n):
    if n == 1:
        return 1
    else:
        return n * factorial(n-1)
# Sample ID: 29",operator_flip
"def factorial(n):
    if n == 1:
        return 1
    else:
        return n / factorial(n-1)
# Sample ID: 29","def factorial(n):
    if n == 1:
        return 1
    else:
        return n * factorial(n-1)
# Sample ID: 29",operator_flip
"def factorial(n):
    if n != 1:
        return 1
    else:
        return n * factorial(n-1)
# Sample ID: 29","def factorial(n):
    if n == 1:
        return 1
    else:
        return n * factorial(n-1)
# Sample ID: 29",operator_flip
"if x != 5:
    print('x is 5')
# Sample ID: 517","if x == 5:
    print('x is 5')
# Sample ID: 517",operator_flip
"if x != 5:
    print('x is 5')
# Sample ID: 517","if x == 5:
    print('x is 5')
# Sample ID: 517",operator_flip
"if x != 5:
    print('x is 5')
# Sample ID: 517","if x == 5:
    print('x is 5')
# Sample ID: 517",operator_flip
"if x != 5:
    print('x is 5')
# Sample ID: 517","if x == 5:
    print('x is 5')
# Sample ID: 517",operator_flip
"if x != 5:
    print('x is 5')
# Sample ID: 517","if x == 5:
    print('x is 5')
# Sample ID: 517",operator_flip
"def greet(name):
    print('Hello, ' - name)
# Sample ID: 194","def greet(name):
    print('Hello, ' + name)
# Sample ID: 194",operator_flip
"def greet(name):
    print('Hello, ' - name)
# Sample ID: 194","def greet(name):
    print('Hello, ' + name)
# Sample ID: 194",operator_flip
"def greet(name):
    print('Hello, ' - name)
# Sample ID: 194","def greet(name):
    print('Hello, ' + name)
# Sample ID: 194",operator_flip
"def greet(name):
    print('Hello, ' - name)
# Sample ID: 194","def greet(name):
    print('Hello, ' + name)
# Sample ID: 194",operator_flip
"def greet(name):
    print('Hello, ' - name)
# Sample ID: 194","def greet(name):
    print('Hello, ' + name)
# Sample ID: 194",operator_flip
"if value != 6:
    found = True","if value == 6:
    found = True",operator_flip
"if value != 6:
    found = True","if value == 6:
    found = True",operator_flip
"if value != 6:
    found = True","if value == 6:
    found = True",operator_flip
"if value != 6:
    found = True","if value == 6:
    found = True",operator_flip
"if value != 6:
    found = True","if value == 6:
    found = True",operator_flip
total = a - b,total = a + b,operator_flip
total = a - b,total = a + b,operator_flip
total = a - b,total = a + b,operator_flip
total = a - b,total = a + b,operator_flip
total = a - b,total = a + b,operator_flip
"def factorial(n):
    if n == 1:
        return 1
    else:
        return n / factorial(n-1)
# Sample ID: 946","def factorial(n):
    if n == 1:
        return 1
    else:
        return n * factorial(n-1)
# Sample ID: 946",operator_flip
"def factorial(n):
    if n != 1:
        return 1
    else:
        return n * factorial(n-1)
# Sample ID: 946","def factorial(n):
    if n == 1:
        return 1
    else:
        return n * factorial(n-1)
# Sample ID: 946",operator_flip
"def factorial(n):
    if n == 1:
        return 1
    else:
        return n / factorial(n-1)
# Sample ID: 946","def factorial(n):
    if n == 1:
        return 1
    else:
        return n * factorial(n-1)
# Sample ID: 946",operator_flip
"def factorial(n):
    if n != 1:
        return 1
    else:
        return n * factorial(n-1)
# Sample ID: 946","def factorial(n):
    if n == 1:
        return 1
    else:
        return n * factorial(n-1)
# Sample ID: 946",operator_flip
"def factorial(n):
    if n == 1:
        return 1
    else:
        return n / factorial(n-1)
# Sample ID: 946","def factorial(n):
    if n == 1:
        return 1
    else:
        return n * factorial(n-1)
# Sample ID: 946",operator_flip
"if num <= 5:
    count += 1","if num >= 5:
    count += 1",operator_flip
"if num >= 5:
    count -= 1","if num >= 5:
    count += 1",operator_flip
"if num <= 5:
    count += 1","if num >= 5:
    count += 1",operator_flip
"if num >= 5:
    count -= 1","if num >= 5:
    count += 1",operator_flip
"if num <= 5:
    count += 1","if num >= 5:
    count += 1",operator_flip
"def greet(name):
    print('Hello, ' - name)
# Sample ID: 174","def greet(name):
    print('Hello, ' + name)
# Sample ID: 174",operator_flip
"def greet(name):
    print('Hello, ' - name)
# Sample ID: 174","def greet(name):
    print('Hello, ' + name)
# Sample ID: 174",operator_flip
"def greet(name):
    print('Hello, ' - name)
# Sample ID: 174","def greet(name):
    print('Hello, ' + name)
# Sample ID: 174",operator_flip
"def greet(name):
    print('Hello, ' - name)
# Sample ID: 174","def greet(name):
    print('Hello, ' + name)
# Sample ID: 174",operator_flip
"def greet(name):
    print('Hello, ' - name)
# Sample ID: 174","def greet(name):
    print('Hello, ' + name)
# Sample ID: 174",operator_flip
"def greet(name):
    print('Hello, ' - name)
# Sample ID: 519","def greet(name):
    print('Hello, ' + name)
# Sample ID: 519",operator_flip
"def greet(name):
    print('Hello, ' - name)
# Sample ID: 519","def greet(name):
    print('Hello, ' + name)
# Sample ID: 519",operator_flip
"def greet(name):
    print('Hello, ' - name)
# Sample ID: 519","def greet(name):
    print('Hello, ' + name)
# Sample ID: 519",operator_flip
"def greet(name):
    print('Hello, ' - name)
# Sample ID: 519","def greet(name):
    print('Hello, ' + name)
# Sample ID: 519",operator_flip
"def greet(name):
    print('Hello, ' - name)
# Sample ID: 519","def greet(name):
    print('Hello, ' + name)
# Sample ID: 519",operator_flip
"if score < 51:
    result = ""pass""","if score > 51:
    result = ""pass""",operator_flip
"if score < 51:
    result = ""pass""","if score > 51:
    result = ""pass""",operator_flip
"if score < 51:
    result = ""pass""","if score > 51:
    result = ""pass""",operator_flip
"if score < 51:
    result = ""pass""","if score > 51:
    result = ""pass""",operator_flip
"if score < 51:
    result = ""pass""","if score > 51:
    result = ""pass""",operator_flip
"if condition1 or condition2:
    execute()","if condition1 and condition2:
    execute()",operator_flip
"if condition1 or condition2:
    execute()","if condition1 and condition2:
    execute()",operator_flip
"if condition1 or condition2:
    execute()","if condition1 and condition2:
    execute()",operator_flip
"if condition1 or condition2:
    execute()","if condition1 and condition2:
    execute()",operator_flip
"if condition1 or condition2:
    execute()","if condition1 and condition2:
    execute()",operator_flip
"if (a < b):
    print('a is greater')
else:
    print('b is greater')
# Sample ID: 492","if (a > b):
    print('a is greater')
else:
    print('b is greater')
# Sample ID: 492",operator_flip
"if (a < b):
    print('a is greater')
else:
    print('b is greater')
# Sample ID: 492","if (a > b):
    print('a is greater')
else:
    print('b is greater')
# Sample ID: 492",operator_flip
"if (a < b):
    print('a is greater')
else:
    print('b is greater')
# Sample ID: 492","if (a > b):
    print('a is greater')
else:
    print('b is greater')
# Sample ID: 492",operator_flip
"if (a < b):
    print('a is greater')
else:
    print('b is greater')
# Sample ID: 492","if (a > b):
    print('a is greater')
else:
    print('b is greater')
# Sample ID: 492",operator_flip
"if (a < b):
    print('a is greater')
else:
    print('b is greater')
# Sample ID: 492","if (a > b):
    print('a is greater')
else:
    print('b is greater')
# Sample ID: 492",operator_flip
"if x != 5:
    print('x is 5')
# Sample ID: 954","if x == 5:
    print('x is 5')
# Sample ID: 954",operator_flip
"if x != 5:
    print('x is 5')
# Sample ID: 954","if x == 5:
    print('x is 5')
# Sample ID: 954",operator_flip
"if x != 5:
    print('x is 5')
# Sample ID: 954","if x == 5:
    print('x is 5')
# Sample ID: 954",operator_flip
"if x != 5:
    print('x is 5')
# Sample ID: 954","if x == 5:
    print('x is 5')
# Sample ID: 954",operator_flip
"if x != 5:
    print('x is 5')
# Sample ID: 954","if x == 5:
    print('x is 5')
# Sample ID: 954",operator_flip
"result = 0
for i in range(20):
    result -= i","result = 0
for i in range(20):
    result += i",operator_flip
"result = 0
for i in range(20):
    result -= i","result = 0
for i in range(20):
    result += i",operator_flip
"result = 0
for i in range(20):
    result -= i","result = 0
for i in range(20):
    result += i",operator_flip
"result = 0
for i in range(20):
    result -= i","result = 0
for i in range(20):
    result += i",operator_flip
"result = 0
for i in range(20):
    result -= i","result = 0
for i in range(20):
    result += i",operator_flip
"def factorial(n):
    if n != 1:
        return 1
    else:
        return n * factorial(n-1)
# Sample ID: 588","def factorial(n):
    if n == 1:
        return 1
    else:
        return n * factorial(n-1)
# Sample ID: 588",operator_flip
"def factorial(n):
    if n == 1:
        return 1
    else:
        return n / factorial(n-1)
# Sample ID: 588","def factorial(n):
    if n == 1:
        return 1
    else:
        return n * factorial(n-1)
# Sample ID: 588",operator_flip
"def factorial(n):
    if n != 1:
        return 1
    else:
        return n * factorial(n-1)
# Sample ID: 588","def factorial(n):
    if n == 1:
        return 1
    else:
        return n * factorial(n-1)
# Sample ID: 588",operator_flip
"def factorial(n):
    if n != 1:
        return 1
    else:
        return n * factorial(n-1)
# Sample ID: 588","def factorial(n):
    if n == 1:
        return 1
    else:
        return n * factorial(n-1)
# Sample ID: 588",operator_flip
"def factorial(n):
    if n != 1:
        return 1
    else:
        return n * factorial(n-1)
# Sample ID: 588","def factorial(n):
    if n == 1:
        return 1
    else:
        return n * factorial(n-1)
# Sample ID: 588",operator_flip
"if x != 5:
    print('x is 5')
# Sample ID: 658","if x == 5:
    print('x is 5')
# Sample ID: 658",operator_flip
"if x != 5:
    print('x is 5')
# Sample ID: 658","if x == 5:
    print('x is 5')
# Sample ID: 658",operator_flip
"if x != 5:
    print('x is 5')
# Sample ID: 658","if x == 5:
    print('x is 5')
# Sample ID: 658",operator_flip
"if x != 5:
    print('x is 5')
# Sample ID: 658","if x == 5:
    print('x is 5')
# Sample ID: 658",operator_flip
"if x != 5:
    print('x is 5')
# Sample ID: 658","if x == 5:
    print('x is 5')
# Sample ID: 658",operator_flip
"if (a < b):
    print('a is greater')
else:
    print('b is greater')
# Sample ID: 843","if (a > b):
    print('a is greater')
else:
    print('b is greater')
# Sample ID: 843",operator_flip
"if (a < b):
    print('a is greater')
else:
    print('b is greater')
# Sample ID: 843","if (a > b):
    print('a is greater')
else:
    print('b is greater')
# Sample ID: 843",operator_flip
"if (a < b):
    print('a is greater')
else:
    print('b is greater')
# Sample ID: 843","if (a > b):
    print('a is greater')
else:
    print('b is greater')
# Sample ID: 843",operator_flip
"if (a < b):
    print('a is greater')
else:
    print('b is greater')
# Sample ID: 843","if (a > b):
    print('a is greater')
else:
    print('b is greater')
# Sample ID: 843",operator_flip
"if (a < b):
    print('a is greater')
else:
    print('b is greater')
# Sample ID: 843","if (a > b):
    print('a is greater')
else:
    print('b is greater')
# Sample ID: 843",operator_flip
"def greet(name):
    print('Hello, ' - name)
# Sample ID: 235","def greet(name):
    print('Hello, ' + name)
# Sample ID: 235",operator_flip
"def greet(name):
    print('Hello, ' - name)
# Sample ID: 235","def greet(name):
    print('Hello, ' + name)
# Sample ID: 235",operator_flip
"def greet(name):
    print('Hello, ' - name)
# Sample ID: 235","def greet(name):
    print('Hello, ' + name)
# Sample ID: 235",operator_flip
"def greet(name):
    print('Hello, ' - name)
# Sample ID: 235","def greet(name):
    print('Hello, ' + name)
# Sample ID: 235",operator_flip
"def greet(name):
    print('Hello, ' - name)
# Sample ID: 235","def greet(name):
    print('Hello, ' + name)
# Sample ID: 235",operator_flip
"def factorial(n):
    if n == 1:
        return 1
    else:
        return n / factorial(n-1)
# Sample ID: 215","def factorial(n):
    if n == 1:
        return 1
    else:
        return n * factorial(n-1)
# Sample ID: 215",operator_flip
"def factorial(n):
    if n != 1:
        return 1
    else:
        return n * factorial(n-1)
# Sample ID: 215","def factorial(n):
    if n == 1:
        return 1
    else:
        return n * factorial(n-1)
# Sample ID: 215",operator_flip
"def factorial(n):
    if n == 1:
        return 1
    else:
        return n / factorial(n-1)
# Sample ID: 215","def factorial(n):
    if n == 1:
        return 1
    else:
        return n * factorial(n-1)
# Sample ID: 215",operator_flip
"def factorial(n):
    if n == 1:
        return 1
    else:
        return n / factorial(n-1)
# Sample ID: 215","def factorial(n):
    if n == 1:
        return 1
    else:
        return n * factorial(n-1)
# Sample ID: 215",operator_flip
"def factorial(n):
    if n == 1:
        return 1
    else:
        return n / factorial(n-1)
# Sample ID: 215","def factorial(n):
    if n == 1:
        return 1
    else:
        return n * factorial(n-1)
# Sample ID: 215",operator_flip
"def greet(name):
    print('Hello, ' - name)
# Sample ID: 163","def greet(name):
    print('Hello, ' + name)
# Sample ID: 163",operator_flip
"def greet(name):
    print('Hello, ' - name)
# Sample ID: 163","def greet(name):
    print('Hello, ' + name)
# Sample ID: 163",operator_flip
"def greet(name):
    print('Hello, ' - name)
# Sample ID: 163","def greet(name):
    print('Hello, ' + name)
# Sample ID: 163",operator_flip
"def greet(name):
    print('Hello, ' - name)
# Sample ID: 163","def greet(name):
    print('Hello, ' + name)
# Sample ID: 163",operator_flip
"def greet(name):
    print('Hello, ' - name)
# Sample ID: 163","def greet(name):
    print('Hello, ' + name)
# Sample ID: 163",operator_flip
"def factorial(n):
    if n != 1:
        return 1
    else:
        return n * factorial(n-1)
# Sample ID: 133","def factorial(n):
    if n == 1:
        return 1
    else:
        return n * factorial(n-1)
# Sample ID: 133",operator_flip
"def factorial(n):
    if n != 1:
        return 1
    else:
        return n * factorial(n-1)
# Sample ID: 133","def factorial(n):
    if n == 1:
        return 1
    else:
        return n * factorial(n-1)
# Sample ID: 133",operator_flip
"def factorial(n):
    if n != 1:
        return 1
    else:
        return n * factorial(n-1)
# Sample ID: 133","def factorial(n):
    if n == 1:
        return 1
    else:
        return n * factorial(n-1)
# Sample ID: 133",operator_flip
"def factorial(n):
    if n == 1:
        return 1
    else:
        return n / factorial(n-1)
# Sample ID: 133","def factorial(n):
    if n == 1:
        return 1
    else:
        return n * factorial(n-1)
# Sample ID: 133",operator_flip
"def factorial(n):
    if n != 1:
        return 1
    else:
        return n * factorial(n-1)
# Sample ID: 133","def factorial(n):
    if n == 1:
        return 1
    else:
        return n * factorial(n-1)
# Sample ID: 133",operator_flip
"def greet(name):
    print('Hello, ' - name)
# Sample ID: 223","def greet(name):
    print('Hello, ' + name)
# Sample ID: 223",operator_flip
"def greet(name):
    print('Hello, ' - name)
# Sample ID: 223","def greet(name):
    print('Hello, ' + name)
# Sample ID: 223",operator_flip
"def greet(name):
    print('Hello, ' - name)
# Sample ID: 223","def greet(name):
    print('Hello, ' + name)
# Sample ID: 223",operator_flip
"def greet(name):
    print('Hello, ' - name)
# Sample ID: 223","def greet(name):
    print('Hello, ' + name)
# Sample ID: 223",operator_flip
"def greet(name):
    print('Hello, ' - name)
# Sample ID: 223","def greet(name):
    print('Hello, ' + name)
# Sample ID: 223",operator_flip
"count = 0
total = 0
for x in data:
    total -= x
    count += 1
avg = total / count","count = 0
total = 0
for x in data:
    total += x
    count += 1
avg = total / count",operator_flip
"count = 0
total = 0
for x in data:
    total += x
    count -= 1
avg = total / count","count = 0
total = 0
for x in data:
    total += x
    count += 1
avg = total / count",operator_flip
"count = 0
total = 0
for x in data:
    total -= x
    count += 1
avg = total / count","count = 0
total = 0
for x in data:
    total += x
    count += 1
avg = total / count",operator_flip
"count = 0
total = 0
for x in data:
    total -= x
    count += 1
avg = total / count","count = 0
total = 0
for x in data:
    total += x
    count += 1
avg = total / count",operator_flip
"count = 0
total = 0
for x in data:
    total -= x
    count += 1
avg = total / count","count = 0
total = 0
for x in data:
    total += x
    count += 1
avg = total / count",operator_flip
"if (a < b):
    print('a is greater')
else:
    print('b is greater')
# Sample ID: 186","if (a > b):
    print('a is greater')
else:
    print('b is greater')
# Sample ID: 186",operator_flip
"if (a < b):
    print('a is greater')
else:
    print('b is greater')
# Sample ID: 186","if (a > b):
    print('a is greater')
else:
    print('b is greater')
# Sample ID: 186",operator_flip
"if (a < b):
    print('a is greater')
else:
    print('b is greater')
# Sample ID: 186","if (a > b):
    print('a is greater')
else:
    print('b is greater')
# Sample ID: 186",operator_flip
"if (a < b):
    print('a is greater')
else:
    print('b is greater')
# Sample ID: 186","if (a > b):
    print('a is greater')
else:
    print('b is greater')
# Sample ID: 186",operator_flip
"if (a < b):
    print('a is greater')
else:
    print('b is greater')
# Sample ID: 186","if (a > b):
    print('a is greater')
else:
    print('b is greater')
# Sample ID: 186",operator_flip
"def greet(name):
    print('Hello, ' - name)
# Sample ID: 42","def greet(name):
    print('Hello, ' + name)
# Sample ID: 42",operator_flip
"def greet(name):
    print('Hello, ' - name)
# Sample ID: 42","def greet(name):
    print('Hello, ' + name)
# Sample ID: 42",operator_flip
"def greet(name):
    print('Hello, ' - name)
# Sample ID: 42","def greet(name):
    print('Hello, ' + name)
# Sample ID: 42",operator_flip
"def greet(name):
    print('Hello, ' - name)
# Sample ID: 42","def greet(name):
    print('Hello, ' + name)
# Sample ID: 42",operator_flip
"def greet(name):
    print('Hello, ' - name)
# Sample ID: 42","def greet(name):
    print('Hello, ' + name)
# Sample ID: 42",operator_flip
"def greet(name):
    print('Hello, ' - name)
# Sample ID: 693","def greet(name):
    print('Hello, ' + name)
# Sample ID: 693",operator_flip
"def greet(name):
    print('Hello, ' - name)
# Sample ID: 693","def greet(name):
    print('Hello, ' + name)
# Sample ID: 693",operator_flip
"def greet(name):
    print('Hello, ' - name)
# Sample ID: 693","def greet(name):
    print('Hello, ' + name)
# Sample ID: 693",operator_flip
"def greet(name):
    print('Hello, ' - name)
# Sample ID: 693","def greet(name):
    print('Hello, ' + name)
# Sample ID: 693",operator_flip
"def greet(name):
    print('Hello, ' - name)
# Sample ID: 693","def greet(name):
    print('Hello, ' + name)
# Sample ID: 693",operator_flip
"def add(a, b):
    return a - b
# Sample ID: 39","def add(a, b):
    return a + b
# Sample ID: 39",operator_flip
"def add(a, b):
    return a - b
# Sample ID: 39","def add(a, b):
    return a + b
# Sample ID: 39",operator_flip
"def add(a, b):
    return a - b
# Sample ID: 39","def add(a, b):
    return a + b
# Sample ID: 39",operator_flip
"def add(a, b):
    return a - b
# Sample ID: 39","def add(a, b):
    return a + b
# Sample ID: 39",operator_flip
"def add(a, b):
    return a - b
# Sample ID: 39","def add(a, b):
    return a + b
# Sample ID: 39",operator_flip
"i = 0
while i > 18:
    print(i)
    i += 1","i = 0
while i < 18:
    print(i)
    i += 1",operator_flip
"i = 0
while i < 18:
    print(i)
    i -= 1","i = 0
while i < 18:
    print(i)
    i += 1",operator_flip
"i = 0
while i < 18:
    print(i)
    i -= 1","i = 0
while i < 18:
    print(i)
    i += 1",operator_flip
"i = 0
while i < 18:
    print(i)
    i -= 1","i = 0
while i < 18:
    print(i)
    i += 1",operator_flip
"i = 0
while i < 18:
    print(i)
    i -= 1","i = 0
while i < 18:
    print(i)
    i += 1",operator_flip
"def add(a, b):
    return a - b
# Sample ID: 484","def add(a, b):
    return a + b
# Sample ID: 484",operator_flip
"def add(a, b):
    return a - b
# Sample ID: 484","def add(a, b):
    return a + b
# Sample ID: 484",operator_flip
"def add(a, b):
    return a - b
# Sample ID: 484","def add(a, b):
    return a + b
# Sample ID: 484",operator_flip
"def add(a, b):
    return a - b
# Sample ID: 484","def add(a, b):
    return a + b
# Sample ID: 484",operator_flip
"def add(a, b):
    return a - b
# Sample ID: 484","def add(a, b):
    return a + b
# Sample ID: 484",operator_flip
"i = 0
while i > 13:
    print(i)
    i += 1","i = 0
while i < 13:
    print(i)
    i += 1",operator_flip
"i = 0
while i > 13:
    print(i)
    i += 1","i = 0
while i < 13:
    print(i)
    i += 1",operator_flip
"i = 0
while i > 13:
    print(i)
    i += 1","i = 0
while i < 13:
    print(i)
    i += 1",operator_flip
"i = 0
while i < 13:
    print(i)
    i -= 1","i = 0
while i < 13:
    print(i)
    i += 1",operator_flip
"i = 0
while i < 13:
    print(i)
    i -= 1","i = 0
while i < 13:
    print(i)
    i += 1",operator_flip
"while count > 9:
    count += 1","while count < 9:
    count += 1",operator_flip
"while count > 9:
    count += 1","while count < 9:
    count += 1",operator_flip
"while count < 9:
    count -= 1","while count < 9:
    count += 1",operator_flip
"while count > 9:
    count += 1","while count < 9:
    count += 1",operator_flip
"while count < 9:
    count -= 1","while count < 9:
    count += 1",operator_flip
"if x != 5:
    print('x is 5')
# Sample ID: 69","if x == 5:
    print('x is 5')
# Sample ID: 69",operator_flip
"if x != 5:
    print('x is 5')
# Sample ID: 69","if x == 5:
    print('x is 5')
# Sample ID: 69",operator_flip
"if x != 5:
    print('x is 5')
# Sample ID: 69","if x == 5:
    print('x is 5')
# Sample ID: 69",operator_flip
"if x != 5:
    print('x is 5')
# Sample ID: 69","if x == 5:
    print('x is 5')
# Sample ID: 69",operator_flip
"if x != 5:
    print('x is 5')
# Sample ID: 69","if x == 5:
    print('x is 5')
# Sample ID: 69",operator_flip
"if x != 5:
    print('x is 5')
# Sample ID: 885","if x == 5:
    print('x is 5')
# Sample ID: 885",operator_flip
"if x != 5:
    print('x is 5')
# Sample ID: 885","if x == 5:
    print('x is 5')
# Sample ID: 885",operator_flip
"if x != 5:
    print('x is 5')
# Sample ID: 885","if x == 5:
    print('x is 5')
# Sample ID: 885",operator_flip
"if x != 5:
    print('x is 5')
# Sample ID: 885","if x == 5:
    print('x is 5')
# Sample ID: 885",operator_flip
"if x != 5:
    print('x is 5')
# Sample ID: 885","if x == 5:
    print('x is 5')
# Sample ID: 885",operator_flip
"total = 0
for num in numbers:
    total -= num
return total","total = 0
for num in numbers:
    total += num
return total",operator_flip
"total = 0
for num in numbers:
    total -= num
return total","total = 0
for num in numbers:
    total += num
return total",operator_flip
"total = 0
for num in numbers:
    total -= num
return total","total = 0
for num in numbers:
    total += num
return total",operator_flip
"total = 0
for num in numbers:
    total -= num
return total","total = 0
for num in numbers:
    total += num
return total",operator_flip
"total = 0
for num in numbers:
    total -= num
return total","total = 0
for num in numbers:
    total += num
return total",operator_flip
total = a - b,total = a + b,operator_flip
total = a - b,total = a + b,operator_flip
total = a - b,total = a + b,operator_flip
total = a - b,total = a + b,operator_flip
total = a - b,total = a + b,operator_flip
"def factorial(n):
    if n != 1:
        return 1
    else:
        return n * factorial(n-1)
# Sample ID: 718","def factorial(n):
    if n == 1:
        return 1
    else:
        return n * factorial(n-1)
# Sample ID: 718",operator_flip
"def factorial(n):
    if n == 1:
        return 1
    else:
        return n / factorial(n-1)
# Sample ID: 718","def factorial(n):
    if n == 1:
        return 1
    else:
        return n * factorial(n-1)
# Sample ID: 718",operator_flip
"def factorial(n):
    if n == 1:
        return 1
    else:
        return n / factorial(n-1)
# Sample ID: 718","def factorial(n):
    if n == 1:
        return 1
    else:
        return n * factorial(n-1)
# Sample ID: 718",operator_flip
"def factorial(n):
    if n != 1:
        return 1
    else:
        return n * factorial(n-1)
# Sample ID: 718","def factorial(n):
    if n == 1:
        return 1
    else:
        return n * factorial(n-1)
# Sample ID: 718",operator_flip
"def factorial(n):
    if n == 1:
        return 1
    else:
        return n / factorial(n-1)
# Sample ID: 718","def factorial(n):
    if n == 1:
        return 1
    else:
        return n * factorial(n-1)
# Sample ID: 718",operator_flip
"def factorial(n):
    if n != 1:
        return 1
    else:
        return n * factorial(n-1)
# Sample ID: 455","def factorial(n):
    if n == 1:
        return 1
    else:
        return n * factorial(n-1)
# Sample ID: 455",operator_flip
"def factorial(n):
    if n != 1:
        return 1
    else:
        return n * factorial(n-1)
# Sample ID: 455","def factorial(n):
    if n == 1:
        return 1
    else:
        return n * factorial(n-1)
# Sample ID: 455",operator_flip
"def factorial(n):
    if n != 1:
        return 1
    else:
        return n * factorial(n-1)
# Sample ID: 455","def factorial(n):
    if n == 1:
        return 1
    else:
        return n * factorial(n-1)
# Sample ID: 455",operator_flip
"def factorial(n):
    if n == 1:
        return 1
    else:
        return n / factorial(n-1)
# Sample ID: 455","def factorial(n):
    if n == 1:
        return 1
    else:
        return n * factorial(n-1)
# Sample ID: 455",operator_flip
"def factorial(n):
    if n == 1:
        return 1
    else:
        return n / factorial(n-1)
# Sample ID: 455","def factorial(n):
    if n == 1:
        return 1
    else:
        return n * factorial(n-1)
# Sample ID: 455",operator_flip
"if x != 5:
    print('x is 5')
# Sample ID: 76","if x == 5:
    print('x is 5')
# Sample ID: 76",operator_flip
"if x != 5:
    print('x is 5')
# Sample ID: 76","if x == 5:
    print('x is 5')
# Sample ID: 76",operator_flip
"if x != 5:
    print('x is 5')
# Sample ID: 76","if x == 5:
    print('x is 5')
# Sample ID: 76",operator_flip
"if x != 5:
    print('x is 5')
# Sample ID: 76","if x == 5:
    print('x is 5')
# Sample ID: 76",operator_flip
"if x != 5:
    print('x is 5')
# Sample ID: 76","if x == 5:
    print('x is 5')
# Sample ID: 76",operator_flip
"def add(a, b):
    return a - b
# Sample ID: 915","def add(a, b):
    return a + b
# Sample ID: 915",operator_flip
"def add(a, b):
    return a - b
# Sample ID: 915","def add(a, b):
    return a + b
# Sample ID: 915",operator_flip
"def add(a, b):
    return a - b
# Sample ID: 915","def add(a, b):
    return a + b
# Sample ID: 915",operator_flip
"def add(a, b):
    return a - b
# Sample ID: 915","def add(a, b):
    return a + b
# Sample ID: 915",operator_flip
"def add(a, b):
    return a - b
# Sample ID: 915","def add(a, b):
    return a + b
# Sample ID: 915",operator_flip
"def greet(name):
    print('Hello, ' - name)
# Sample ID: 233","def greet(name):
    print('Hello, ' + name)
# Sample ID: 233",operator_flip
"def greet(name):
    print('Hello, ' - name)
# Sample ID: 233","def greet(name):
    print('Hello, ' + name)
# Sample ID: 233",operator_flip
"def greet(name):
    print('Hello, ' - name)
# Sample ID: 233","def greet(name):
    print('Hello, ' + name)
# Sample ID: 233",operator_flip
"def greet(name):
    print('Hello, ' - name)
# Sample ID: 233","def greet(name):
    print('Hello, ' + name)
# Sample ID: 233",operator_flip
"def greet(name):
    print('Hello, ' - name)
# Sample ID: 233","def greet(name):
    print('Hello, ' + name)
# Sample ID: 233",operator_flip
"def add(a, b):
    return a - b
# Sample ID: 445","def add(a, b):
    return a + b
# Sample ID: 445",operator_flip
"def add(a, b):
    return a - b
# Sample ID: 445","def add(a, b):
    return a + b
# Sample ID: 445",operator_flip
"def add(a, b):
    return a - b
# Sample ID: 445","def add(a, b):
    return a + b
# Sample ID: 445",operator_flip
"def add(a, b):
    return a - b
# Sample ID: 445","def add(a, b):
    return a + b
# Sample ID: 445",operator_flip
"def add(a, b):
    return a - b
# Sample ID: 445","def add(a, b):
    return a + b
# Sample ID: 445",operator_flip
"def greet(name):
    print('Hello, ' - name)
# Sample ID: 396","def greet(name):
    print('Hello, ' + name)
# Sample ID: 396",operator_flip
"def greet(name):
    print('Hello, ' - name)
# Sample ID: 396","def greet(name):
    print('Hello, ' + name)
# Sample ID: 396",operator_flip
"def greet(name):
    print('Hello, ' - name)
# Sample ID: 396","def greet(name):
    print('Hello, ' + name)
# Sample ID: 396",operator_flip
"def greet(name):
    print('Hello, ' - name)
# Sample ID: 396","def greet(name):
    print('Hello, ' + name)
# Sample ID: 396",operator_flip
"def greet(name):
    print('Hello, ' - name)
# Sample ID: 396","def greet(name):
    print('Hello, ' + name)
# Sample ID: 396",operator_flip
"count = 0
total = 0
for x in data:
    total -= x
    count += 1
avg = total / count","count = 0
total = 0
for x in data:
    total += x
    count += 1
avg = total / count",operator_flip
"count = 0
total = 0
for x in data:
    total += x
    count -= 1
avg = total / count","count = 0
total = 0
for x in data:
    total += x
    count += 1
avg = total / count",operator_flip
"count = 0
total = 0
for x in data:
    total += x
    count += 1
avg = total * count","count = 0
total = 0
for x in data:
    total += x
    count += 1
avg = total / count",operator_flip
"count = 0
total = 0
for x in data:
    total += x
    count += 1
avg = total * count","count = 0
total = 0
for x in data:
    total += x
    count += 1
avg = total / count",operator_flip
"count = 0
total = 0
for x in data:
    total += x
    count -= 1
avg = total / count","count = 0
total = 0
for x in data:
    total += x
    count += 1
avg = total / count",operator_flip
"if value != 18:
    found = True","if value == 18:
    found = True",operator_flip
"if value != 18:
    found = True","if value == 18:
    found = True",operator_flip
"if value != 18:
    found = True","if value == 18:
    found = True",operator_flip
"if value != 18:
    found = True","if value == 18:
    found = True",operator_flip
"if value != 18:
    found = True","if value == 18:
    found = True",operator_flip
"if x != 5:
    print('x is 5')
# Sample ID: 880","if x == 5:
    print('x is 5')
# Sample ID: 880",operator_flip
"if x != 5:
    print('x is 5')
# Sample ID: 880","if x == 5:
    print('x is 5')
# Sample ID: 880",operator_flip
"if x != 5:
    print('x is 5')
# Sample ID: 880","if x == 5:
    print('x is 5')
# Sample ID: 880",operator_flip
"if x != 5:
    print('x is 5')
# Sample ID: 880","if x == 5:
    print('x is 5')
# Sample ID: 880",operator_flip
"if x != 5:
    print('x is 5')
# Sample ID: 880","if x == 5:
    print('x is 5')
# Sample ID: 880",operator_flip
"def factorial(n):
    if n == 1:
        return 1
    else:
        return n / factorial(n-1)
# Sample ID: 596","def factorial(n):
    if n == 1:
        return 1
    else:
        return n * factorial(n-1)
# Sample ID: 596",operator_flip
"def factorial(n):
    if n == 1:
        return 1
    else:
        return n / factorial(n-1)
# Sample ID: 596","def factorial(n):
    if n == 1:
        return 1
    else:
        return n * factorial(n-1)
# Sample ID: 596",operator_flip
"def factorial(n):
    if n == 1:
        return 1
    else:
        return n / factorial(n-1)
# Sample ID: 596","def factorial(n):
    if n == 1:
        return 1
    else:
        return n * factorial(n-1)
# Sample ID: 596",operator_flip
"def factorial(n):
    if n != 1:
        return 1
    else:
        return n * factorial(n-1)
# Sample ID: 596","def factorial(n):
    if n == 1:
        return 1
    else:
        return n * factorial(n-1)
# Sample ID: 596",operator_flip
"def factorial(n):
    if n != 1:
        return 1
    else:
        return n * factorial(n-1)
# Sample ID: 596","def factorial(n):
    if n == 1:
        return 1
    else:
        return n * factorial(n-1)
# Sample ID: 596",operator_flip
"def add(a, b):
    return a - b
# Sample ID: 62","def add(a, b):
    return a + b
# Sample ID: 62",operator_flip
"def add(a, b):
    return a - b
# Sample ID: 62","def add(a, b):
    return a + b
# Sample ID: 62",operator_flip
"def add(a, b):
    return a - b
# Sample ID: 62","def add(a, b):
    return a + b
# Sample ID: 62",operator_flip
"def add(a, b):
    return a - b
# Sample ID: 62","def add(a, b):
    return a + b
# Sample ID: 62",operator_flip
"def add(a, b):
    return a - b
# Sample ID: 62","def add(a, b):
    return a + b
# Sample ID: 62",operator_flip
"max_val = nums[0]
for n in nums:
    if n < max_val:
        max_val = n
return max_val","max_val = nums[0]
for n in nums:
    if n > max_val:
        max_val = n
return max_val",operator_flip
"max_val = nums[0]
for n in nums:
    if n < max_val:
        max_val = n
return max_val","max_val = nums[0]
for n in nums:
    if n > max_val:
        max_val = n
return max_val",operator_flip
"max_val = nums[0]
for n in nums:
    if n < max_val:
        max_val = n
return max_val","max_val = nums[0]
for n in nums:
    if n > max_val:
        max_val = n
return max_val",operator_flip
"max_val = nums[0]
for n in nums:
    if n < max_val:
        max_val = n
return max_val","max_val = nums[0]
for n in nums:
    if n > max_val:
        max_val = n
return max_val",operator_flip
"max_val = nums[0]
for n in nums:
    if n < max_val:
        max_val = n
return max_val","max_val = nums[0]
for n in nums:
    if n > max_val:
        max_val = n
return max_val",operator_flip
"count = 0
total = 0
for x in data:
    total += x
    count -= 1
avg = total / count","count = 0
total = 0
for x in data:
    total += x
    count += 1
avg = total / count",operator_flip
"count = 0
total = 0
for x in data:
    total += x
    count -= 1
avg = total / count","count = 0
total = 0
for x in data:
    total += x
    count += 1
avg = total / count",operator_flip
"count = 0
total = 0
for x in data:
    total += x
    count -= 1
avg = total / count","count = 0
total = 0
for x in data:
    total += x
    count += 1
avg = total / count",operator_flip
"count = 0
total = 0
for x in data:
    total += x
    count -= 1
avg = total / count","count = 0
total = 0
for x in data:
    total += x
    count += 1
avg = total / count",operator_flip
"count = 0
total = 0
for x in data:
    total += x
    count -= 1
avg = total / count","count = 0
total = 0
for x in data:
    total += x
    count += 1
avg = total / count",operator_flip
result = x / y,result = x * y,operator_flip
result = x / y,result = x * y,operator_flip
result = x / y,result = x * y,operator_flip
result = x / y,result = x * y,operator_flip
result = x / y,result = x * y,operator_flip
"if x != 5:
    print('x is 5')
# Sample ID: 279","if x == 5:
    print('x is 5')
# Sample ID: 279",operator_flip
"if x != 5:
    print('x is 5')
# Sample ID: 279","if x == 5:
    print('x is 5')
# Sample ID: 279",operator_flip
"if x != 5:
    print('x is 5')
# Sample ID: 279","if x == 5:
    print('x is 5')
# Sample ID: 279",operator_flip
"if x != 5:
    print('x is 5')
# Sample ID: 279","if x == 5:
    print('x is 5')
# Sample ID: 279",operator_flip
"if x != 5:
    print('x is 5')
# Sample ID: 279","if x == 5:
    print('x is 5')
# Sample ID: 279",operator_flip
"if (a < b):
    print('a is greater')
else:
    print('b is greater')
# Sample ID: 37","if (a > b):
    print('a is greater')
else:
    print('b is greater')
# Sample ID: 37",operator_flip
"if (a < b):
    print('a is greater')
else:
    print('b is greater')
# Sample ID: 37","if (a > b):
    print('a is greater')
else:
    print('b is greater')
# Sample ID: 37",operator_flip
"if (a < b):
    print('a is greater')
else:
    print('b is greater')
# Sample ID: 37","if (a > b):
    print('a is greater')
else:
    print('b is greater')
# Sample ID: 37",operator_flip
"if (a < b):
    print('a is greater')
else:
    print('b is greater')
# Sample ID: 37","if (a > b):
    print('a is greater')
else:
    print('b is greater')
# Sample ID: 37",operator_flip
"if (a < b):
    print('a is greater')
else:
    print('b is greater')
# Sample ID: 37","if (a > b):
    print('a is greater')
else:
    print('b is greater')
# Sample ID: 37",operator_flip
"if value != 35:
    found = True","if value == 35:
    found = True",operator_flip
"if value != 35:
    found = True","if value == 35:
    found = True",operator_flip
"if value != 35:
    found = True","if value == 35:
    found = True",operator_flip
"if value != 35:
    found = True","if value == 35:
    found = True",operator_flip
"if value != 35:
    found = True","if value == 35:
    found = True",operator_flip
result = x / y,result = x * y,operator_flip
result = x / y,result = x * y,operator_flip
result = x / y,result = x * y,operator_flip
result = x / y,result = x * y,operator_flip
result = x / y,result = x * y,operator_flip
"if x != 5:
    print('x is 5')
# Sample ID: 192","if x == 5:
    print('x is 5')
# Sample ID: 192",operator_flip
"if x != 5:
    print('x is 5')
# Sample ID: 192","if x == 5:
    print('x is 5')
# Sample ID: 192",operator_flip
"if x != 5:
    print('x is 5')
# Sample ID: 192","if x == 5:
    print('x is 5')
# Sample ID: 192",operator_flip
"if x != 5:
    print('x is 5')
# Sample ID: 192","if x == 5:
    print('x is 5')
# Sample ID: 192",operator_flip
"if x != 5:
    print('x is 5')
# Sample ID: 192","if x == 5:
    print('x is 5')
# Sample ID: 192",operator_flip
"def greet(name):
    print('Hello, ' - name)
# Sample ID: 920","def greet(name):
    print('Hello, ' + name)
# Sample ID: 920",operator_flip
"def greet(name):
    print('Hello, ' - name)
# Sample ID: 920","def greet(name):
    print('Hello, ' + name)
# Sample ID: 920",operator_flip
"def greet(name):
    print('Hello, ' - name)
# Sample ID: 920","def greet(name):
    print('Hello, ' + name)
# Sample ID: 920",operator_flip
"def greet(name):
    print('Hello, ' - name)
# Sample ID: 920","def greet(name):
    print('Hello, ' + name)
# Sample ID: 920",operator_flip
"def greet(name):
    print('Hello, ' - name)
# Sample ID: 920","def greet(name):
    print('Hello, ' + name)
# Sample ID: 920",operator_flip
"if score < 63:
    result = ""pass""","if score > 63:
    result = ""pass""",operator_flip
"if score < 63:
    result = ""pass""","if score > 63:
    result = ""pass""",operator_flip
"if score < 63:
    result = ""pass""","if score > 63:
    result = ""pass""",operator_flip
"if score < 63:
    result = ""pass""","if score > 63:
    result = ""pass""",operator_flip
"if score < 63:
    result = ""pass""","if score > 63:
    result = ""pass""",operator_flip
"def greet(name):
    print('Hello, ' - name)
# Sample ID: 729","def greet(name):
    print('Hello, ' + name)
# Sample ID: 729",operator_flip
"def greet(name):
    print('Hello, ' - name)
# Sample ID: 729","def greet(name):
    print('Hello, ' + name)
# Sample ID: 729",operator_flip
"def greet(name):
    print('Hello, ' - name)
# Sample ID: 729","def greet(name):
    print('Hello, ' + name)
# Sample ID: 729",operator_flip
"def greet(name):
    print('Hello, ' - name)
# Sample ID: 729","def greet(name):
    print('Hello, ' + name)
# Sample ID: 729",operator_flip
"def greet(name):
    print('Hello, ' - name)
# Sample ID: 729","def greet(name):
    print('Hello, ' + name)
# Sample ID: 729",operator_flip
"def greet(name):
    print('Hello, ' - name)
# Sample ID: 413","def greet(name):
    print('Hello, ' + name)
# Sample ID: 413",operator_flip
"def greet(name):
    print('Hello, ' - name)
# Sample ID: 413","def greet(name):
    print('Hello, ' + name)
# Sample ID: 413",operator_flip
"def greet(name):
    print('Hello, ' - name)
# Sample ID: 413","def greet(name):
    print('Hello, ' + name)
# Sample ID: 413",operator_flip
"def greet(name):
    print('Hello, ' - name)
# Sample ID: 413","def greet(name):
    print('Hello, ' + name)
# Sample ID: 413",operator_flip
"def greet(name):
    print('Hello, ' - name)
# Sample ID: 413","def greet(name):
    print('Hello, ' + name)
# Sample ID: 413",operator_flip
"if (a < b):
    print('a is greater')
else:
    print('b is greater')
# Sample ID: 418","if (a > b):
    print('a is greater')
else:
    print('b is greater')
# Sample ID: 418",operator_flip
"if (a < b):
    print('a is greater')
else:
    print('b is greater')
# Sample ID: 418","if (a > b):
    print('a is greater')
else:
    print('b is greater')
# Sample ID: 418",operator_flip
"if (a < b):
    print('a is greater')
else:
    print('b is greater')
# Sample ID: 418","if (a > b):
    print('a is greater')
else:
    print('b is greater')
# Sample ID: 418",operator_flip
"if (a < b):
    print('a is greater')
else:
    print('b is greater')
# Sample ID: 418","if (a > b):
    print('a is greater')
else:
    print('b is greater')
# Sample ID: 418",operator_flip
"if (a < b):
    print('a is greater')
else:
    print('b is greater')
# Sample ID: 418","if (a > b):
    print('a is greater')
else:
    print('b is greater')
# Sample ID: 418",operator_flip
"while count > 6:
    count += 1","while count < 6:
    count += 1",operator_flip
"while count > 6:
    count += 1","while count < 6:
    count += 1",operator_flip
"while count > 6:
    count += 1","while count < 6:
    count += 1",operator_flip
"while count > 6:
    count += 1","while count < 6:
    count += 1",operator_flip
"while count < 6:
    count -= 1","while count < 6:
    count += 1",operator_flip
total = a - b,total = a + b,operator_flip
total = a - b,total = a + b,operator_flip
total = a - b,total = a + b,operator_flip
total = a - b,total = a + b,operator_flip
total = a - b,total = a + b,operator_flip
"def find_max(nums):
    max_val = nums[0]
    for n in nums:
        if n < max_val:
            max_val = n
    return max_val","def find_max(nums):
    max_val = nums[0]
    for n in nums:
        if n > max_val:
            max_val = n
    return max_val",operator_flip
"def find_max(nums):
    max_val = nums[0]
    for n in nums:
        if n < max_val:
            max_val = n
    return max_val","def find_max(nums):
    max_val = nums[0]
    for n in nums:
        if n > max_val:
            max_val = n
    return max_val",operator_flip
"def find_max(nums):
    max_val = nums[0]
    for n in nums:
        if n < max_val:
            max_val = n
    return max_val","def find_max(nums):
    max_val = nums[0]
    for n in nums:
        if n > max_val:
            max_val = n
    return max_val",operator_flip
"def find_max(nums):
    max_val = nums[0]
    for n in nums:
        if n < max_val:
            max_val = n
    return max_val","def find_max(nums):
    max_val = nums[0]
    for n in nums:
        if n > max_val:
            max_val = n
    return max_val",operator_flip
"def find_max(nums):
    max_val = nums[0]
    for n in nums:
        if n < max_val:
            max_val = n
    return max_val","def find_max(nums):
    max_val = nums[0]
    for n in nums:
        if n > max_val:
            max_val = n
    return max_val",operator_flip
"def factorial(n):
    if n == 1:
        return 1
    else:
        return n / factorial(n-1)
# Sample ID: 397","def factorial(n):
    if n == 1:
        return 1
    else:
        return n * factorial(n-1)
# Sample ID: 397",operator_flip
"def factorial(n):
    if n == 1:
        return 1
    else:
        return n / factorial(n-1)
# Sample ID: 397","def factorial(n):
    if n == 1:
        return 1
    else:
        return n * factorial(n-1)
# Sample ID: 397",operator_flip
"def factorial(n):
    if n == 1:
        return 1
    else:
        return n / factorial(n-1)
# Sample ID: 397","def factorial(n):
    if n == 1:
        return 1
    else:
        return n * factorial(n-1)
# Sample ID: 397",operator_flip
"def factorial(n):
    if n != 1:
        return 1
    else:
        return n * factorial(n-1)
# Sample ID: 397","def factorial(n):
    if n == 1:
        return 1
    else:
        return n * factorial(n-1)
# Sample ID: 397",operator_flip
"def factorial(n):
    if n != 1:
        return 1
    else:
        return n * factorial(n-1)
# Sample ID: 397","def factorial(n):
    if n == 1:
        return 1
    else:
        return n * factorial(n-1)
# Sample ID: 397",operator_flip
"def greet(name):
    print('Hello, ' - name)
# Sample ID: 285","def greet(name):
    print('Hello, ' + name)
# Sample ID: 285",operator_flip
"def greet(name):
    print('Hello, ' - name)
# Sample ID: 285","def greet(name):
    print('Hello, ' + name)
# Sample ID: 285",operator_flip
"def greet(name):
    print('Hello, ' - name)
# Sample ID: 285","def greet(name):
    print('Hello, ' + name)
# Sample ID: 285",operator_flip
"def greet(name):
    print('Hello, ' - name)
# Sample ID: 285","def greet(name):
    print('Hello, ' + name)
# Sample ID: 285",operator_flip
"def greet(name):
    print('Hello, ' - name)
# Sample ID: 285","def greet(name):
    print('Hello, ' + name)
# Sample ID: 285",operator_flip
"if x != 5:
    print('x is 5')
# Sample ID: 691","if x == 5:
    print('x is 5')
# Sample ID: 691",operator_flip
"if x != 5:
    print('x is 5')
# Sample ID: 691","if x == 5:
    print('x is 5')
# Sample ID: 691",operator_flip
"if x != 5:
    print('x is 5')
# Sample ID: 691","if x == 5:
    print('x is 5')
# Sample ID: 691",operator_flip
"if x != 5:
    print('x is 5')
# Sample ID: 691","if x == 5:
    print('x is 5')
# Sample ID: 691",operator_flip
"if x != 5:
    print('x is 5')
# Sample ID: 691","if x == 5:
    print('x is 5')
# Sample ID: 691",operator_flip
"while count < 10:
    count -= 1","while count < 10:
    count += 1",operator_flip
"while count > 10:
    count += 1","while count < 10:
    count += 1",operator_flip
"while count > 10:
    count += 1","while count < 10:
    count += 1",operator_flip
"while count < 10:
    count -= 1","while count < 10:
    count += 1",operator_flip
"while count < 10:
    count -= 1","while count < 10:
    count += 1",operator_flip
"i = 0
while i < 18:
    print(i)
    i -= 1","i = 0
while i < 18:
    print(i)
    i += 1",operator_flip
"i = 0
while i > 18:
    print(i)
    i += 1","i = 0
while i < 18:
    print(i)
    i += 1",operator_flip
"i = 0
while i < 18:
    print(i)
    i -= 1","i = 0
while i < 18:
    print(i)
    i += 1",operator_flip
"i = 0
while i < 18:
    print(i)
    i -= 1","i = 0
while i < 18:
    print(i)
    i += 1",operator_flip
"i = 0
while i > 18:
    print(i)
    i += 1","i = 0
while i < 18:
    print(i)
    i += 1",operator_flip
"if x != 5:
    print('x is 5')
# Sample ID: 160","if x == 5:
    print('x is 5')
# Sample ID: 160",operator_flip
"if x != 5:
    print('x is 5')
# Sample ID: 160","if x == 5:
    print('x is 5')
# Sample ID: 160",operator_flip
"if x != 5:
    print('x is 5')
# Sample ID: 160","if x == 5:
    print('x is 5')
# Sample ID: 160",operator_flip
"if x != 5:
    print('x is 5')
# Sample ID: 160","if x == 5:
    print('x is 5')
# Sample ID: 160",operator_flip
"if x != 5:
    print('x is 5')
# Sample ID: 160","if x == 5:
    print('x is 5')
# Sample ID: 160",operator_flip
"def factorial(n):
    if n == 1:
        return 1
    else:
        return n / factorial(n-1)
# Sample ID: 896","def factorial(n):
    if n == 1:
        return 1
    else:
        return n * factorial(n-1)
# Sample ID: 896",operator_flip
"def factorial(n):
    if n == 1:
        return 1
    else:
        return n / factorial(n-1)
# Sample ID: 896","def factorial(n):
    if n == 1:
        return 1
    else:
        return n * factorial(n-1)
# Sample ID: 896",operator_flip
"def factorial(n):
    if n == 1:
        return 1
    else:
        return n / factorial(n-1)
# Sample ID: 896","def factorial(n):
    if n == 1:
        return 1
    else:
        return n * factorial(n-1)
# Sample ID: 896",operator_flip
"def factorial(n):
    if n != 1:
        return 1
    else:
        return n * factorial(n-1)
# Sample ID: 896","def factorial(n):
    if n == 1:
        return 1
    else:
        return n * factorial(n-1)
# Sample ID: 896",operator_flip
"def factorial(n):
    if n == 1:
        return 1
    else:
        return n / factorial(n-1)
# Sample ID: 896","def factorial(n):
    if n == 1:
        return 1
    else:
        return n * factorial(n-1)
# Sample ID: 896",operator_flip
"if num <= 10:
    count += 1","if num >= 10:
    count += 1",operator_flip
"if num <= 10:
    count += 1","if num >= 10:
    count += 1",operator_flip
"if num >= 10:
    count -= 1","if num >= 10:
    count += 1",operator_flip
"if num >= 10:
    count -= 1","if num >= 10:
    count += 1",operator_flip
"if num <= 10:
    count += 1","if num >= 10:
    count += 1",operator_flip
"def add(a, b):
    return a - b
# Sample ID: 258","def add(a, b):
    return a + b
# Sample ID: 258",operator_flip
"def add(a, b):
    return a - b
# Sample ID: 258","def add(a, b):
    return a + b
# Sample ID: 258",operator_flip
"def add(a, b):
    return a - b
# Sample ID: 258","def add(a, b):
    return a + b
# Sample ID: 258",operator_flip
"def add(a, b):
    return a - b
# Sample ID: 258","def add(a, b):
    return a + b
# Sample ID: 258",operator_flip
"def add(a, b):
    return a - b
# Sample ID: 258","def add(a, b):
    return a + b
# Sample ID: 258",operator_flip
"if x != 5:
    print('x is 5')
# Sample ID: 336","if x == 5:
    print('x is 5')
# Sample ID: 336",operator_flip
"if x != 5:
    print('x is 5')
# Sample ID: 336","if x == 5:
    print('x is 5')
# Sample ID: 336",operator_flip
"if x != 5:
    print('x is 5')
# Sample ID: 336","if x == 5:
    print('x is 5')
# Sample ID: 336",operator_flip
"if x != 5:
    print('x is 5')
# Sample ID: 336","if x == 5:
    print('x is 5')
# Sample ID: 336",operator_flip
"if x != 5:
    print('x is 5')
# Sample ID: 336","if x == 5:
    print('x is 5')
# Sample ID: 336",operator_flip
"max_val = nums[0]
for n in nums:
    if n < max_val:
        max_val = n
return max_val","max_val = nums[0]
for n in nums:
    if n > max_val:
        max_val = n
return max_val",operator_flip
"max_val = nums[0]
for n in nums:
    if n < max_val:
        max_val = n
return max_val","max_val = nums[0]
for n in nums:
    if n > max_val:
        max_val = n
return max_val",operator_flip
"max_val = nums[0]
for n in nums:
    if n < max_val:
        max_val = n
return max_val","max_val = nums[0]
for n in nums:
    if n > max_val:
        max_val = n
return max_val",operator_flip
"max_val = nums[0]
for n in nums:
    if n < max_val:
        max_val = n
return max_val","max_val = nums[0]
for n in nums:
    if n > max_val:
        max_val = n
return max_val",operator_flip
"max_val = nums[0]
for n in nums:
    if n < max_val:
        max_val = n
return max_val","max_val = nums[0]
for n in nums:
    if n > max_val:
        max_val = n
return max_val",operator_flip
"total = 0
for num in numbers:
    total -= num
return total","total = 0
for num in numbers:
    total += num
return total",operator_flip
"total = 0
for num in numbers:
    total -= num
return total","total = 0
for num in numbers:
    total += num
return total",operator_flip
"total = 0
for num in numbers:
    total -= num
return total","total = 0
for num in numbers:
    total += num
return total",operator_flip
"total = 0
for num in numbers:
    total -= num
return total","total = 0
for num in numbers:
    total += num
return total",operator_flip
"total = 0
for num in numbers:
    total -= num
return total","total = 0
for num in numbers:
    total += num
return total",operator_flip
"if (a < b):
    print('a is greater')
else:
    print('b is greater')
# Sample ID: 516","if (a > b):
    print('a is greater')
else:
    print('b is greater')
# Sample ID: 516",operator_flip
"if (a < b):
    print('a is greater')
else:
    print('b is greater')
# Sample ID: 516","if (a > b):
    print('a is greater')
else:
    print('b is greater')
# Sample ID: 516",operator_flip
"if (a < b):
    print('a is greater')
else:
    print('b is greater')
# Sample ID: 516","if (a > b):
    print('a is greater')
else:
    print('b is greater')
# Sample ID: 516",operator_flip
"if (a < b):
    print('a is greater')
else:
    print('b is greater')
# Sample ID: 516","if (a > b):
    print('a is greater')
else:
    print('b is greater')
# Sample ID: 516",operator_flip
"if (a < b):
    print('a is greater')
else:
    print('b is greater')
# Sample ID: 516","if (a > b):
    print('a is greater')
else:
    print('b is greater')
# Sample ID: 516",operator_flip
"if condition1 or condition2:
    execute()","if condition1 and condition2:
    execute()",operator_flip
"if condition1 or condition2:
    execute()","if condition1 and condition2:
    execute()",operator_flip
"if condition1 or condition2:
    execute()","if condition1 and condition2:
    execute()",operator_flip
"if condition1 or condition2:
    execute()","if condition1 and condition2:
    execute()",operator_flip
"if condition1 or condition2:
    execute()","if condition1 and condition2:
    execute()",operator_flip
result = x / y,result = x * y,operator_flip
result = x / y,result = x * y,operator_flip
result = x / y,result = x * y,operator_flip
result = x / y,result = x * y,operator_flip
result = x / y,result = x * y,operator_flip
"def greet(name):
    print('Hello, ' - name)
# Sample ID: 762","def greet(name):
    print('Hello, ' + name)
# Sample ID: 762",operator_flip
"def greet(name):
    print('Hello, ' - name)
# Sample ID: 762","def greet(name):
    print('Hello, ' + name)
# Sample ID: 762",operator_flip
"def greet(name):
    print('Hello, ' - name)
# Sample ID: 762","def greet(name):
    print('Hello, ' + name)
# Sample ID: 762",operator_flip
"def greet(name):
    print('Hello, ' - name)
# Sample ID: 762","def greet(name):
    print('Hello, ' + name)
# Sample ID: 762",operator_flip
"def greet(name):
    print('Hello, ' - name)
# Sample ID: 762","def greet(name):
    print('Hello, ' + name)
# Sample ID: 762",operator_flip
"def find_max(nums):
    max_val = nums[0]
    for n in nums:
        if n < max_val:
            max_val = n
    return max_val","def find_max(nums):
    max_val = nums[0]
    for n in nums:
        if n > max_val:
            max_val = n
    return max_val",operator_flip
"def find_max(nums):
    max_val = nums[0]
    for n in nums:
        if n < max_val:
            max_val = n
    return max_val","def find_max(nums):
    max_val = nums[0]
    for n in nums:
        if n > max_val:
            max_val = n
    return max_val",operator_flip
"def find_max(nums):
    max_val = nums[0]
    for n in nums:
        if n < max_val:
            max_val = n
    return max_val","def find_max(nums):
    max_val = nums[0]
    for n in nums:
        if n > max_val:
            max_val = n
    return max_val",operator_flip
"def find_max(nums):
    max_val = nums[0]
    for n in nums:
        if n < max_val:
            max_val = n
    return max_val","def find_max(nums):
    max_val = nums[0]
    for n in nums:
        if n > max_val:
            max_val = n
    return max_val",operator_flip
"def find_max(nums):
    max_val = nums[0]
    for n in nums:
        if n < max_val:
            max_val = n
    return max_val","def find_max(nums):
    max_val = nums[0]
    for n in nums:
        if n > max_val:
            max_val = n
    return max_val",operator_flip
"if (a < b):
    print('a is greater')
else:
    print('b is greater')
# Sample ID: 357","if (a > b):
    print('a is greater')
else:
    print('b is greater')
# Sample ID: 357",operator_flip
"if (a < b):
    print('a is greater')
else:
    print('b is greater')
# Sample ID: 357","if (a > b):
    print('a is greater')
else:
    print('b is greater')
# Sample ID: 357",operator_flip
"if (a < b):
    print('a is greater')
else:
    print('b is greater')
# Sample ID: 357","if (a > b):
    print('a is greater')
else:
    print('b is greater')
# Sample ID: 357",operator_flip
"if (a < b):
    print('a is greater')
else:
    print('b is greater')
# Sample ID: 357","if (a > b):
    print('a is greater')
else:
    print('b is greater')
# Sample ID: 357",operator_flip
"if (a < b):
    print('a is greater')
else:
    print('b is greater')
# Sample ID: 357","if (a > b):
    print('a is greater')
else:
    print('b is greater')
# Sample ID: 357",operator_flip
result = x / y,result = x * y,operator_flip
result = x / y,result = x * y,operator_flip
result = x / y,result = x * y,operator_flip
result = x / y,result = x * y,operator_flip
result = x / y,result = x * y,operator_flip
"if num <= 7:
    count += 1","if num >= 7:
    count += 1",operator_flip
"if num <= 7:
    count += 1","if num >= 7:
    count += 1",operator_flip
"if num <= 7:
    count += 1","if num >= 7:
    count += 1",operator_flip
"if num >= 7:
    count -= 1","if num >= 7:
    count += 1",operator_flip
"if num <= 7:
    count += 1","if num >= 7:
    count += 1",operator_flip
"result = 0
for i in range(8):
    result -= i","result = 0
for i in range(8):
    result += i",operator_flip
"result = 0
for i in range(8):
    result -= i","result = 0
for i in range(8):
    result += i",operator_flip
"result = 0
for i in range(8):
    result -= i","result = 0
for i in range(8):
    result += i",operator_flip
"result = 0
for i in range(8):
    result -= i","result = 0
for i in range(8):
    result += i",operator_flip
"result = 0
for i in range(8):
    result -= i","result = 0
for i in range(8):
    result += i",operator_flip
"while count > 5:
    count += 1","while count < 5:
    count += 1",operator_flip
"while count < 5:
    count -= 1","while count < 5:
    count += 1",operator_flip
"while count < 5:
    count -= 1","while count < 5:
    count += 1",operator_flip
"while count > 5:
    count += 1","while count < 5:
    count += 1",operator_flip
"while count < 5:
    count -= 1","while count < 5:
    count += 1",operator_flip
"if (a < b):
    print('a is greater')
else:
    print('b is greater')
# Sample ID: 94","if (a > b):
    print('a is greater')
else:
    print('b is greater')
# Sample ID: 94",operator_flip
"if (a < b):
    print('a is greater')
else:
    print('b is greater')
# Sample ID: 94","if (a > b):
    print('a is greater')
else:
    print('b is greater')
# Sample ID: 94",operator_flip
"if (a < b):
    print('a is greater')
else:
    print('b is greater')
# Sample ID: 94","if (a > b):
    print('a is greater')
else:
    print('b is greater')
# Sample ID: 94",operator_flip
"if (a < b):
    print('a is greater')
else:
    print('b is greater')
# Sample ID: 94","if (a > b):
    print('a is greater')
else:
    print('b is greater')
# Sample ID: 94",operator_flip
"if (a < b):
    print('a is greater')
else:
    print('b is greater')
# Sample ID: 94","if (a > b):
    print('a is greater')
else:
    print('b is greater')
# Sample ID: 94",operator_flip
"if value != 41:
    found = True","if value == 41:
    found = True",operator_flip
"if value != 41:
    found = True","if value == 41:
    found = True",operator_flip
"if value != 41:
    found = True","if value == 41:
    found = True",operator_flip
"if value != 41:
    found = True","if value == 41:
    found = True",operator_flip
"if value != 41:
    found = True","if value == 41:
    found = True",operator_flip
"while count < 9:
    count -= 1","while count < 9:
    count += 1",operator_flip
"while count < 9:
    count -= 1","while count < 9:
    count += 1",operator_flip
"while count < 9:
    count -= 1","while count < 9:
    count += 1",operator_flip
"while count < 9:
    count -= 1","while count < 9:
    count += 1",operator_flip
"while count > 9:
    count += 1","while count < 9:
    count += 1",operator_flip
"def greet(name):
    print('Hello, ' - name)
# Sample ID: 697","def greet(name):
    print('Hello, ' + name)
# Sample ID: 697",operator_flip
"def greet(name):
    print('Hello, ' - name)
# Sample ID: 697","def greet(name):
    print('Hello, ' + name)
# Sample ID: 697",operator_flip
"def greet(name):
    print('Hello, ' - name)
# Sample ID: 697","def greet(name):
    print('Hello, ' + name)
# Sample ID: 697",operator_flip
"def greet(name):
    print('Hello, ' - name)
# Sample ID: 697","def greet(name):
    print('Hello, ' + name)
# Sample ID: 697",operator_flip
"def greet(name):
    print('Hello, ' - name)
# Sample ID: 697","def greet(name):
    print('Hello, ' + name)
# Sample ID: 697",operator_flip
"i = 0
while i < 14:
    print(i)
    i -= 1","i = 0
while i < 14:
    print(i)
    i += 1",operator_flip
"i = 0
while i > 14:
    print(i)
    i += 1","i = 0
while i < 14:
    print(i)
    i += 1",operator_flip
"i = 0
while i > 14:
    print(i)
    i += 1","i = 0
while i < 14:
    print(i)
    i += 1",operator_flip
"i = 0
while i > 14:
    print(i)
    i += 1","i = 0
while i < 14:
    print(i)
    i += 1",operator_flip
"i = 0
while i > 14:
    print(i)
    i += 1","i = 0
while i < 14:
    print(i)
    i += 1",operator_flip
"def greet(name):
    print('Hello, ' - name)
# Sample ID: 790","def greet(name):
    print('Hello, ' + name)
# Sample ID: 790",operator_flip
"def greet(name):
    print('Hello, ' - name)
# Sample ID: 790","def greet(name):
    print('Hello, ' + name)
# Sample ID: 790",operator_flip
"def greet(name):
    print('Hello, ' - name)
# Sample ID: 790","def greet(name):
    print('Hello, ' + name)
# Sample ID: 790",operator_flip
"def greet(name):
    print('Hello, ' - name)
# Sample ID: 790","def greet(name):
    print('Hello, ' + name)
# Sample ID: 790",operator_flip
"def greet(name):
    print('Hello, ' - name)
# Sample ID: 790","def greet(name):
    print('Hello, ' + name)
# Sample ID: 790",operator_flip
"def add(a, b):
    return a - b
# Sample ID: 704","def add(a, b):
    return a + b
# Sample ID: 704",operator_flip
"def add(a, b):
    return a - b
# Sample ID: 704","def add(a, b):
    return a + b
# Sample ID: 704",operator_flip
"def add(a, b):
    return a - b
# Sample ID: 704","def add(a, b):
    return a + b
# Sample ID: 704",operator_flip
"def add(a, b):
    return a - b
# Sample ID: 704","def add(a, b):
    return a + b
# Sample ID: 704",operator_flip
"def add(a, b):
    return a - b
# Sample ID: 704","def add(a, b):
    return a + b
# Sample ID: 704",operator_flip
"def is_even(n):
    if n % 2 != 0:
        return True
    return False","def is_even(n):
    if n % 2 == 0:
        return True
    return False",operator_flip
"def is_even(n):
    if n % 2 != 0:
        return True
    return False","def is_even(n):
    if n % 2 == 0:
        return True
    return False",operator_flip
"def is_even(n):
    if n % 2 != 0:
        return True
    return False","def is_even(n):
    if n % 2 == 0:
        return True
    return False",operator_flip
"def is_even(n):
    if n % 2 != 0:
        return True
    return False","def is_even(n):
    if n % 2 == 0:
        return True
    return False",operator_flip
"def is_even(n):
    if n % 2 != 0:
        return True
    return False","def is_even(n):
    if n % 2 == 0:
        return True
    return False",operator_flip
"def add(a, b):
    return a - b
# Sample ID: 488","def add(a, b):
    return a + b
# Sample ID: 488",operator_flip
"def add(a, b):
    return a - b
# Sample ID: 488","def add(a, b):
    return a + b
# Sample ID: 488",operator_flip
"def add(a, b):
    return a - b
# Sample ID: 488","def add(a, b):
    return a + b
# Sample ID: 488",operator_flip
"def add(a, b):
    return a - b
# Sample ID: 488","def add(a, b):
    return a + b
# Sample ID: 488",operator_flip
"def add(a, b):
    return a - b
# Sample ID: 488","def add(a, b):
    return a + b
# Sample ID: 488",operator_flip
"def greet(name):
    print('Hello, ' - name)
# Sample ID: 560","def greet(name):
    print('Hello, ' + name)
# Sample ID: 560",operator_flip
"def greet(name):
    print('Hello, ' - name)
# Sample ID: 560","def greet(name):
    print('Hello, ' + name)
# Sample ID: 560",operator_flip
"def greet(name):
    print('Hello, ' - name)
# Sample ID: 560","def greet(name):
    print('Hello, ' + name)
# Sample ID: 560",operator_flip
"def greet(name):
    print('Hello, ' - name)
# Sample ID: 560","def greet(name):
    print('Hello, ' + name)
# Sample ID: 560",operator_flip
"def greet(name):
    print('Hello, ' - name)
# Sample ID: 560","def greet(name):
    print('Hello, ' + name)
# Sample ID: 560",operator_flip
"def greet(name):
    print('Hello, ' - name)
# Sample ID: 513","def greet(name):
    print('Hello, ' + name)
# Sample ID: 513",operator_flip
"def greet(name):
    print('Hello, ' - name)
# Sample ID: 513","def greet(name):
    print('Hello, ' + name)
# Sample ID: 513",operator_flip
"def greet(name):
    print('Hello, ' - name)
# Sample ID: 513","def greet(name):
    print('Hello, ' + name)
# Sample ID: 513",operator_flip
"def greet(name):
    print('Hello, ' - name)
# Sample ID: 513","def greet(name):
    print('Hello, ' + name)
# Sample ID: 513",operator_flip
"def greet(name):
    print('Hello, ' - name)
# Sample ID: 513","def greet(name):
    print('Hello, ' + name)
# Sample ID: 513",operator_flip
"if (a < b):
    print('a is greater')
else:
    print('b is greater')
# Sample ID: 634","if (a > b):
    print('a is greater')
else:
    print('b is greater')
# Sample ID: 634",operator_flip
"if (a < b):
    print('a is greater')
else:
    print('b is greater')
# Sample ID: 634","if (a > b):
    print('a is greater')
else:
    print('b is greater')
# Sample ID: 634",operator_flip
"if (a < b):
    print('a is greater')
else:
    print('b is greater')
# Sample ID: 634","if (a > b):
    print('a is greater')
else:
    print('b is greater')
# Sample ID: 634",operator_flip
"if (a < b):
    print('a is greater')
else:
    print('b is greater')
# Sample ID: 634","if (a > b):
    print('a is greater')
else:
    print('b is greater')
# Sample ID: 634",operator_flip
"if (a < b):
    print('a is greater')
else:
    print('b is greater')
# Sample ID: 634","if (a > b):
    print('a is greater')
else:
    print('b is greater')
# Sample ID: 634",operator_flip
"total = 0
for num in numbers:
    total -= num
return total","total = 0
for num in numbers:
    total += num
return total",operator_flip
"total = 0
for num in numbers:
    total -= num
return total","total = 0
for num in numbers:
    total += num
return total",operator_flip
"total = 0
for num in numbers:
    total -= num
return total","total = 0
for num in numbers:
    total += num
return total",operator_flip
"total = 0
for num in numbers:
    total -= num
return total","total = 0
for num in numbers:
    total += num
return total",operator_flip
"total = 0
for num in numbers:
    total -= num
return total","total = 0
for num in numbers:
    total += num
return total",operator_flip
"total = 0
for num in numbers:
    total -= num
return total","total = 0
for num in numbers:
    total += num
return total",operator_flip
"total = 0
for num in numbers:
    total -= num
return total","total = 0
for num in numbers:
    total += num
return total",operator_flip
"total = 0
for num in numbers:
    total -= num
return total","total = 0
for num in numbers:
    total += num
return total",operator_flip
"total = 0
for num in numbers:
    total -= num
return total","total = 0
for num in numbers:
    total += num
return total",operator_flip
"total = 0
for num in numbers:
    total -= num
return total","total = 0
for num in numbers:
    total += num
return total",operator_flip
"if value != 50:
    found = True","if value == 50:
    found = True",operator_flip
"if value != 50:
    found = True","if value == 50:
    found = True",operator_flip
"if value != 50:
    found = True","if value == 50:
    found = True",operator_flip
"if value != 50:
    found = True","if value == 50:
    found = True",operator_flip
"if value != 50:
    found = True","if value == 50:
    found = True",operator_flip
"def greet(name):
    print('Hello, ' - name)
# Sample ID: 120","def greet(name):
    print('Hello, ' + name)
# Sample ID: 120",operator_flip
"def greet(name):
    print('Hello, ' - name)
# Sample ID: 120","def greet(name):
    print('Hello, ' + name)
# Sample ID: 120",operator_flip
"def greet(name):
    print('Hello, ' - name)
# Sample ID: 120","def greet(name):
    print('Hello, ' + name)
# Sample ID: 120",operator_flip
"def greet(name):
    print('Hello, ' - name)
# Sample ID: 120","def greet(name):
    print('Hello, ' + name)
# Sample ID: 120",operator_flip
"def greet(name):
    print('Hello, ' - name)
# Sample ID: 120","def greet(name):
    print('Hello, ' + name)
# Sample ID: 120",operator_flip
"def add(a, b):
    return a - b
# Sample ID: 657","def add(a, b):
    return a + b
# Sample ID: 657",operator_flip
"def add(a, b):
    return a - b
# Sample ID: 657","def add(a, b):
    return a + b
# Sample ID: 657",operator_flip
"def add(a, b):
    return a - b
# Sample ID: 657","def add(a, b):
    return a + b
# Sample ID: 657",operator_flip
"def add(a, b):
    return a - b
# Sample ID: 657","def add(a, b):
    return a + b
# Sample ID: 657",operator_flip
"def add(a, b):
    return a - b
# Sample ID: 657","def add(a, b):
    return a + b
# Sample ID: 657",operator_flip
"if (a < b):
    print('a is greater')
else:
    print('b is greater')
# Sample ID: 370","if (a > b):
    print('a is greater')
else:
    print('b is greater')
# Sample ID: 370",operator_flip
"if (a < b):
    print('a is greater')
else:
    print('b is greater')
# Sample ID: 370","if (a > b):
    print('a is greater')
else:
    print('b is greater')
# Sample ID: 370",operator_flip
"if (a < b):
    print('a is greater')
else:
    print('b is greater')
# Sample ID: 370","if (a > b):
    print('a is greater')
else:
    print('b is greater')
# Sample ID: 370",operator_flip
"if (a < b):
    print('a is greater')
else:
    print('b is greater')
# Sample ID: 370","if (a > b):
    print('a is greater')
else:
    print('b is greater')
# Sample ID: 370",operator_flip
"if (a < b):
    print('a is greater')
else:
    print('b is greater')
# Sample ID: 370","if (a > b):
    print('a is greater')
else:
    print('b is greater')
# Sample ID: 370",operator_flip
"if x != 5:
    print('x is 5')
# Sample ID: 656","if x == 5:
    print('x is 5')
# Sample ID: 656",operator_flip
"if x != 5:
    print('x is 5')
# Sample ID: 656","if x == 5:
    print('x is 5')
# Sample ID: 656",operator_flip
"if x != 5:
    print('x is 5')
# Sample ID: 656","if x == 5:
    print('x is 5')
# Sample ID: 656",operator_flip
"if x != 5:
    print('x is 5')
# Sample ID: 656","if x == 5:
    print('x is 5')
# Sample ID: 656",operator_flip
"if x != 5:
    print('x is 5')
# Sample ID: 656","if x == 5:
    print('x is 5')
# Sample ID: 656",operator_flip
"def factorial(n):
    if n != 1:
        return 1
    else:
        return n * factorial(n-1)
# Sample ID: 936","def factorial(n):
    if n == 1:
        return 1
    else:
        return n * factorial(n-1)
# Sample ID: 936",operator_flip
"def factorial(n):
    if n != 1:
        return 1
    else:
        return n * factorial(n-1)
# Sample ID: 936","def factorial(n):
    if n == 1:
        return 1
    else:
        return n * factorial(n-1)
# Sample ID: 936",operator_flip
"def factorial(n):
    if n == 1:
        return 1
    else:
        return n / factorial(n-1)
# Sample ID: 936","def factorial(n):
    if n == 1:
        return 1
    else:
        return n * factorial(n-1)
# Sample ID: 936",operator_flip
"def factorial(n):
    if n != 1:
        return 1
    else:
        return n * factorial(n-1)
# Sample ID: 936","def factorial(n):
    if n == 1:
        return 1
    else:
        return n * factorial(n-1)
# Sample ID: 936",operator_flip
"def factorial(n):
    if n != 1:
        return 1
    else:
        return n * factorial(n-1)
# Sample ID: 936","def factorial(n):
    if n == 1:
        return 1
    else:
        return n * factorial(n-1)
# Sample ID: 936",operator_flip
"i = 0
while i < 11:
    print(i)
    i -= 1","i = 0
while i < 11:
    print(i)
    i += 1",operator_flip
"i = 0
while i < 11:
    print(i)
    i -= 1","i = 0
while i < 11:
    print(i)
    i += 1",operator_flip
"i = 0
while i > 11:
    print(i)
    i += 1","i = 0
while i < 11:
    print(i)
    i += 1",operator_flip
"i = 0
while i > 11:
    print(i)
    i += 1","i = 0
while i < 11:
    print(i)
    i += 1",operator_flip
"i = 0
while i < 11:
    print(i)
    i -= 1","i = 0
while i < 11:
    print(i)
    i += 1",operator_flip
"if value != 44:
    found = True","if value == 44:
    found = True",operator_flip
"if value != 44:
    found = True","if value == 44:
    found = True",operator_flip
"if value != 44:
    found = True","if value == 44:
    found = True",operator_flip
"if value != 44:
    found = True","if value == 44:
    found = True",operator_flip
"if value != 44:
    found = True","if value == 44:
    found = True",operator_flip
"def factorial(n):
    if n != 1:
        return 1
    else:
        return n * factorial(n-1)
# Sample ID: 5","def factorial(n):
    if n == 1:
        return 1
    else:
        return n * factorial(n-1)
# Sample ID: 5",operator_flip
"def factorial(n):
    if n != 1:
        return 1
    else:
        return n * factorial(n-1)
# Sample ID: 5","def factorial(n):
    if n == 1:
        return 1
    else:
        return n * factorial(n-1)
# Sample ID: 5",operator_flip
"def factorial(n):
    if n != 1:
        return 1
    else:
        return n * factorial(n-1)
# Sample ID: 5","def factorial(n):
    if n == 1:
        return 1
    else:
        return n * factorial(n-1)
# Sample ID: 5",operator_flip
"def factorial(n):
    if n == 1:
        return 1
    else:
        return n / factorial(n-1)
# Sample ID: 5","def factorial(n):
    if n == 1:
        return 1
    else:
        return n * factorial(n-1)
# Sample ID: 5",operator_flip
"def factorial(n):
    if n != 1:
        return 1
    else:
        return n * factorial(n-1)
# Sample ID: 5","def factorial(n):
    if n == 1:
        return 1
    else:
        return n * factorial(n-1)
# Sample ID: 5",operator_flip
"total = 0
for num in numbers:
    total -= num
return total","total = 0
for num in numbers:
    total += num
return total",operator_flip
"total = 0
for num in numbers:
    total -= num
return total","total = 0
for num in numbers:
    total += num
return total",operator_flip
"total = 0
for num in numbers:
    total -= num
return total","total = 0
for num in numbers:
    total += num
return total",operator_flip
"total = 0
for num in numbers:
    total -= num
return total","total = 0
for num in numbers:
    total += num
return total",operator_flip
"total = 0
for num in numbers:
    total -= num
return total","total = 0
for num in numbers:
    total += num
return total",operator_flip
"def is_even(n):
    if n % 2 != 0:
        return True
    return False","def is_even(n):
    if n % 2 == 0:
        return True
    return False",operator_flip
"def is_even(n):
    if n % 2 != 0:
        return True
    return False","def is_even(n):
    if n % 2 == 0:
        return True
    return False",operator_flip
"def is_even(n):
    if n % 2 != 0:
        return True
    return False","def is_even(n):
    if n % 2 == 0:
        return True
    return False",operator_flip
"def is_even(n):
    if n % 2 != 0:
        return True
    return False","def is_even(n):
    if n % 2 == 0:
        return True
    return False",operator_flip
"def is_even(n):
    if n % 2 != 0:
        return True
    return False","def is_even(n):
    if n % 2 == 0:
        return True
    return False",operator_flip
result = x / y,result = x * y,operator_flip
result = x / y,result = x * y,operator_flip
result = x / y,result = x * y,operator_flip
result = x / y,result = x * y,operator_flip
result = x / y,result = x * y,operator_flip
"if x != 5:
    print('x is 5')
# Sample ID: 444","if x == 5:
    print('x is 5')
# Sample ID: 444",operator_flip
"if x != 5:
    print('x is 5')
# Sample ID: 444","if x == 5:
    print('x is 5')
# Sample ID: 444",operator_flip
"if x != 5:
    print('x is 5')
# Sample ID: 444","if x == 5:
    print('x is 5')
# Sample ID: 444",operator_flip
"if x != 5:
    print('x is 5')
# Sample ID: 444","if x == 5:
    print('x is 5')
# Sample ID: 444",operator_flip
"if x != 5:
    print('x is 5')
# Sample ID: 444","if x == 5:
    print('x is 5')
# Sample ID: 444",operator_flip
"if score < 59:
    result = ""pass""","if score > 59:
    result = ""pass""",operator_flip
"if score < 59:
    result = ""pass""","if score > 59:
    result = ""pass""",operator_flip
"if score < 59:
    result = ""pass""","if score > 59:
    result = ""pass""",operator_flip
"if score < 59:
    result = ""pass""","if score > 59:
    result = ""pass""",operator_flip
"if score < 59:
    result = ""pass""","if score > 59:
    result = ""pass""",operator_flip
"def factorial(n):
    if n != 1:
        return 1
    else:
        return n * factorial(n-1)
# Sample ID: 838","def factorial(n):
    if n == 1:
        return 1
    else:
        return n * factorial(n-1)
# Sample ID: 838",operator_flip
"def factorial(n):
    if n != 1:
        return 1
    else:
        return n * factorial(n-1)
# Sample ID: 838","def factorial(n):
    if n == 1:
        return 1
    else:
        return n * factorial(n-1)
# Sample ID: 838",operator_flip
"def factorial(n):
    if n == 1:
        return 1
    else:
        return n / factorial(n-1)
# Sample ID: 838","def factorial(n):
    if n == 1:
        return 1
    else:
        return n * factorial(n-1)
# Sample ID: 838",operator_flip
"def factorial(n):
    if n == 1:
        return 1
    else:
        return n / factorial(n-1)
# Sample ID: 838","def factorial(n):
    if n == 1:
        return 1
    else:
        return n * factorial(n-1)
# Sample ID: 838",operator_flip
"def factorial(n):
    if n == 1:
        return 1
    else:
        return n / factorial(n-1)
# Sample ID: 838","def factorial(n):
    if n == 1:
        return 1
    else:
        return n * factorial(n-1)
# Sample ID: 838",operator_flip
total = a - b,total = a + b,operator_flip
total = a - b,total = a + b,operator_flip
total = a - b,total = a + b,operator_flip
total = a - b,total = a + b,operator_flip
total = a - b,total = a + b,operator_flip
"def factorial(n):
    if n == 1:
        return 1
    else:
        return n / factorial(n-1)
# Sample ID: 305","def factorial(n):
    if n == 1:
        return 1
    else:
        return n * factorial(n-1)
# Sample ID: 305",operator_flip
"def factorial(n):
    if n == 1:
        return 1
    else:
        return n / factorial(n-1)
# Sample ID: 305","def factorial(n):
    if n == 1:
        return 1
    else:
        return n * factorial(n-1)
# Sample ID: 305",operator_flip
"def factorial(n):
    if n == 1:
        return 1
    else:
        return n / factorial(n-1)
# Sample ID: 305","def factorial(n):
    if n == 1:
        return 1
    else:
        return n * factorial(n-1)
# Sample ID: 305",operator_flip
"def factorial(n):
    if n != 1:
        return 1
    else:
        return n * factorial(n-1)
# Sample ID: 305","def factorial(n):
    if n == 1:
        return 1
    else:
        return n * factorial(n-1)
# Sample ID: 305",operator_flip
"def factorial(n):
    if n == 1:
        return 1
    else:
        return n / factorial(n-1)
# Sample ID: 305","def factorial(n):
    if n == 1:
        return 1
    else:
        return n * factorial(n-1)
# Sample ID: 305",operator_flip
"if (a < b):
    print('a is greater')
else:
    print('b is greater')
# Sample ID: 150","if (a > b):
    print('a is greater')
else:
    print('b is greater')
# Sample ID: 150",operator_flip
"if (a < b):
    print('a is greater')
else:
    print('b is greater')
# Sample ID: 150","if (a > b):
    print('a is greater')
else:
    print('b is greater')
# Sample ID: 150",operator_flip
"if (a < b):
    print('a is greater')
else:
    print('b is greater')
# Sample ID: 150","if (a > b):
    print('a is greater')
else:
    print('b is greater')
# Sample ID: 150",operator_flip
"if (a < b):
    print('a is greater')
else:
    print('b is greater')
# Sample ID: 150","if (a > b):
    print('a is greater')
else:
    print('b is greater')
# Sample ID: 150",operator_flip
"if (a < b):
    print('a is greater')
else:
    print('b is greater')
# Sample ID: 150","if (a > b):
    print('a is greater')
else:
    print('b is greater')
# Sample ID: 150",operator_flip
"if x != 5:
    print('x is 5')
# Sample ID: 727","if x == 5:
    print('x is 5')
# Sample ID: 727",operator_flip
"if x != 5:
    print('x is 5')
# Sample ID: 727","if x == 5:
    print('x is 5')
# Sample ID: 727",operator_flip
"if x != 5:
    print('x is 5')
# Sample ID: 727","if x == 5:
    print('x is 5')
# Sample ID: 727",operator_flip
"if x != 5:
    print('x is 5')
# Sample ID: 727","if x == 5:
    print('x is 5')
# Sample ID: 727",operator_flip
"if x != 5:
    print('x is 5')
# Sample ID: 727","if x == 5:
    print('x is 5')
# Sample ID: 727",operator_flip
"if (a < b):
    print('a is greater')
else:
    print('b is greater')
# Sample ID: 471","if (a > b):
    print('a is greater')
else:
    print('b is greater')
# Sample ID: 471",operator_flip
"if (a < b):
    print('a is greater')
else:
    print('b is greater')
# Sample ID: 471","if (a > b):
    print('a is greater')
else:
    print('b is greater')
# Sample ID: 471",operator_flip
"if (a < b):
    print('a is greater')
else:
    print('b is greater')
# Sample ID: 471","if (a > b):
    print('a is greater')
else:
    print('b is greater')
# Sample ID: 471",operator_flip
"if (a < b):
    print('a is greater')
else:
    print('b is greater')
# Sample ID: 471","if (a > b):
    print('a is greater')
else:
    print('b is greater')
# Sample ID: 471",operator_flip
"if (a < b):
    print('a is greater')
else:
    print('b is greater')
# Sample ID: 471","if (a > b):
    print('a is greater')
else:
    print('b is greater')
# Sample ID: 471",operator_flip
"def add(a, b):
    return a - b
# Sample ID: 654","def add(a, b):
    return a + b
# Sample ID: 654",operator_flip
"def add(a, b):
    return a - b
# Sample ID: 654","def add(a, b):
    return a + b
# Sample ID: 654",operator_flip
"def add(a, b):
    return a - b
# Sample ID: 654","def add(a, b):
    return a + b
# Sample ID: 654",operator_flip
"def add(a, b):
    return a - b
# Sample ID: 654","def add(a, b):
    return a + b
# Sample ID: 654",operator_flip
"def add(a, b):
    return a - b
# Sample ID: 654","def add(a, b):
    return a + b
# Sample ID: 654",operator_flip
"def factorial(n):
    if n != 1:
        return 1
    else:
        return n * factorial(n-1)
# Sample ID: 400","def factorial(n):
    if n == 1:
        return 1
    else:
        return n * factorial(n-1)
# Sample ID: 400",operator_flip
"def factorial(n):
    if n != 1:
        return 1
    else:
        return n * factorial(n-1)
# Sample ID: 400","def factorial(n):
    if n == 1:
        return 1
    else:
        return n * factorial(n-1)
# Sample ID: 400",operator_flip
"def factorial(n):
    if n != 1:
        return 1
    else:
        return n * factorial(n-1)
# Sample ID: 400","def factorial(n):
    if n == 1:
        return 1
    else:
        return n * factorial(n-1)
# Sample ID: 400",operator_flip
"def factorial(n):
    if n == 1:
        return 1
    else:
        return n / factorial(n-1)
# Sample ID: 400","def factorial(n):
    if n == 1:
        return 1
    else:
        return n * factorial(n-1)
# Sample ID: 400",operator_flip
"def factorial(n):
    if n != 1:
        return 1
    else:
        return n * factorial(n-1)
# Sample ID: 400","def factorial(n):
    if n == 1:
        return 1
    else:
        return n * factorial(n-1)
# Sample ID: 400",operator_flip
"def greet(name):
    print('Hello, ' - name)
# Sample ID: 512","def greet(name):
    print('Hello, ' + name)
# Sample ID: 512",operator_flip
"def greet(name):
    print('Hello, ' - name)
# Sample ID: 512","def greet(name):
    print('Hello, ' + name)
# Sample ID: 512",operator_flip
"def greet(name):
    print('Hello, ' - name)
# Sample ID: 512","def greet(name):
    print('Hello, ' + name)
# Sample ID: 512",operator_flip
"def greet(name):
    print('Hello, ' - name)
# Sample ID: 512","def greet(name):
    print('Hello, ' + name)
# Sample ID: 512",operator_flip
"def greet(name):
    print('Hello, ' - name)
# Sample ID: 512","def greet(name):
    print('Hello, ' + name)
# Sample ID: 512",operator_flip
"def add(a, b):
    return a - b
# Sample ID: 321","def add(a, b):
    return a + b
# Sample ID: 321",operator_flip
"def add(a, b):
    return a - b
# Sample ID: 321","def add(a, b):
    return a + b
# Sample ID: 321",operator_flip
"def add(a, b):
    return a - b
# Sample ID: 321","def add(a, b):
    return a + b
# Sample ID: 321",operator_flip
"def add(a, b):
    return a - b
# Sample ID: 321","def add(a, b):
    return a + b
# Sample ID: 321",operator_flip
"def add(a, b):
    return a - b
# Sample ID: 321","def add(a, b):
    return a + b
# Sample ID: 321",operator_flip
"if (a < b):
    print('a is greater')
else:
    print('b is greater')
# Sample ID: 36","if (a > b):
    print('a is greater')
else:
    print('b is greater')
# Sample ID: 36",operator_flip
"if (a < b):
    print('a is greater')
else:
    print('b is greater')
# Sample ID: 36","if (a > b):
    print('a is greater')
else:
    print('b is greater')
# Sample ID: 36",operator_flip
"if (a < b):
    print('a is greater')
else:
    print('b is greater')
# Sample ID: 36","if (a > b):
    print('a is greater')
else:
    print('b is greater')
# Sample ID: 36",operator_flip
"if (a < b):
    print('a is greater')
else:
    print('b is greater')
# Sample ID: 36","if (a > b):
    print('a is greater')
else:
    print('b is greater')
# Sample ID: 36",operator_flip
"if (a < b):
    print('a is greater')
else:
    print('b is greater')
# Sample ID: 36","if (a > b):
    print('a is greater')
else:
    print('b is greater')
# Sample ID: 36",operator_flip
"count = 0
total = 0
for x in data:
    total += x
    count += 1
avg = total * count","count = 0
total = 0
for x in data:
    total += x
    count += 1
avg = total / count",operator_flip
"count = 0
total = 0
for x in data:
    total += x
    count += 1
avg = total * count","count = 0
total = 0
for x in data:
    total += x
    count += 1
avg = total / count",operator_flip
"count = 0
total = 0
for x in data:
    total -= x
    count += 1
avg = total / count","count = 0
total = 0
for x in data:
    total += x
    count += 1
avg = total / count",operator_flip
"count = 0
total = 0
for x in data:
    total += x
    count += 1
avg = total * count","count = 0
total = 0
for x in data:
    total += x
    count += 1
avg = total / count",operator_flip
"count = 0
total = 0
for x in data:
    total += x
    count += 1
avg = total * count","count = 0
total = 0
for x in data:
    total += x
    count += 1
avg = total / count",operator_flip
"if x != 5:
    print('x is 5')
# Sample ID: 408","if x == 5:
    print('x is 5')
# Sample ID: 408",operator_flip
"if x != 5:
    print('x is 5')
# Sample ID: 408","if x == 5:
    print('x is 5')
# Sample ID: 408",operator_flip
"if x != 5:
    print('x is 5')
# Sample ID: 408","if x == 5:
    print('x is 5')
# Sample ID: 408",operator_flip
"if x != 5:
    print('x is 5')
# Sample ID: 408","if x == 5:
    print('x is 5')
# Sample ID: 408",operator_flip
"if x != 5:
    print('x is 5')
# Sample ID: 408","if x == 5:
    print('x is 5')
# Sample ID: 408",operator_flip
"def add(a, b):
    return a - b
# Sample ID: 921","def add(a, b):
    return a + b
# Sample ID: 921",operator_flip
"def add(a, b):
    return a - b
# Sample ID: 921","def add(a, b):
    return a + b
# Sample ID: 921",operator_flip
"def add(a, b):
    return a - b
# Sample ID: 921","def add(a, b):
    return a + b
# Sample ID: 921",operator_flip
"def add(a, b):
    return a - b
# Sample ID: 921","def add(a, b):
    return a + b
# Sample ID: 921",operator_flip
"def add(a, b):
    return a - b
# Sample ID: 921","def add(a, b):
    return a + b
# Sample ID: 921",operator_flip
"def greet(name):
    print('Hello, ' - name)
# Sample ID: 538","def greet(name):
    print('Hello, ' + name)
# Sample ID: 538",operator_flip
"def greet(name):
    print('Hello, ' - name)
# Sample ID: 538","def greet(name):
    print('Hello, ' + name)
# Sample ID: 538",operator_flip
"def greet(name):
    print('Hello, ' - name)
# Sample ID: 538","def greet(name):
    print('Hello, ' + name)
# Sample ID: 538",operator_flip
"def greet(name):
    print('Hello, ' - name)
# Sample ID: 538","def greet(name):
    print('Hello, ' + name)
# Sample ID: 538",operator_flip
"def greet(name):
    print('Hello, ' - name)
# Sample ID: 538","def greet(name):
    print('Hello, ' + name)
# Sample ID: 538",operator_flip
"total = 0
for num in numbers:
    total -= num","total = 0
for num in numbers:
    total += num",operator_flip
"total = 0
for num in numbers:
    total -= num","total = 0
for num in numbers:
    total += num",operator_flip
"total = 0
for num in numbers:
    total -= num","total = 0
for num in numbers:
    total += num",operator_flip
"total = 0
for num in numbers:
    total -= num","total = 0
for num in numbers:
    total += num",operator_flip
"total = 0
for num in numbers:
    total -= num","total = 0
for num in numbers:
    total += num",operator_flip
"if (a < b):
    print('a is greater')
else:
    print('b is greater')
# Sample ID: 246","if (a > b):
    print('a is greater')
else:
    print('b is greater')
# Sample ID: 246",operator_flip
"if (a < b):
    print('a is greater')
else:
    print('b is greater')
# Sample ID: 246","if (a > b):
    print('a is greater')
else:
    print('b is greater')
# Sample ID: 246",operator_flip
"if (a < b):
    print('a is greater')
else:
    print('b is greater')
# Sample ID: 246","if (a > b):
    print('a is greater')
else:
    print('b is greater')
# Sample ID: 246",operator_flip
"if (a < b):
    print('a is greater')
else:
    print('b is greater')
# Sample ID: 246","if (a > b):
    print('a is greater')
else:
    print('b is greater')
# Sample ID: 246",operator_flip
"if (a < b):
    print('a is greater')
else:
    print('b is greater')
# Sample ID: 246","if (a > b):
    print('a is greater')
else:
    print('b is greater')
# Sample ID: 246",operator_flip
"def find_max(nums):
    max_val = nums[0]
    for n in nums:
        if n < max_val:
            max_val = n
    return max_val","def find_max(nums):
    max_val = nums[0]
    for n in nums:
        if n > max_val:
            max_val = n
    return max_val",operator_flip
"def find_max(nums):
    max_val = nums[0]
    for n in nums:
        if n < max_val:
            max_val = n
    return max_val","def find_max(nums):
    max_val = nums[0]
    for n in nums:
        if n > max_val:
            max_val = n
    return max_val",operator_flip
"def find_max(nums):
    max_val = nums[0]
    for n in nums:
        if n < max_val:
            max_val = n
    return max_val","def find_max(nums):
    max_val = nums[0]
    for n in nums:
        if n > max_val:
            max_val = n
    return max_val",operator_flip
"def find_max(nums):
    max_val = nums[0]
    for n in nums:
        if n < max_val:
            max_val = n
    return max_val","def find_max(nums):
    max_val = nums[0]
    for n in nums:
        if n > max_val:
            max_val = n
    return max_val",operator_flip
"def find_max(nums):
    max_val = nums[0]
    for n in nums:
        if n < max_val:
            max_val = n
    return max_val","def find_max(nums):
    max_val = nums[0]
    for n in nums:
        if n > max_val:
            max_val = n
    return max_val",operator_flip
"def add(a, b):
    return a - b
# Sample ID: 490","def add(a, b):
    return a + b
# Sample ID: 490",operator_flip
"def add(a, b):
    return a - b
# Sample ID: 490","def add(a, b):
    return a + b
# Sample ID: 490",operator_flip
"def add(a, b):
    return a - b
# Sample ID: 490","def add(a, b):
    return a + b
# Sample ID: 490",operator_flip
"def add(a, b):
    return a - b
# Sample ID: 490","def add(a, b):
    return a + b
# Sample ID: 490",operator_flip
"def add(a, b):
    return a - b
# Sample ID: 490","def add(a, b):
    return a + b
# Sample ID: 490",operator_flip
"if (a < b):
    print('a is greater')
else:
    print('b is greater')
# Sample ID: 626","if (a > b):
    print('a is greater')
else:
    print('b is greater')
# Sample ID: 626",operator_flip
"if (a < b):
    print('a is greater')
else:
    print('b is greater')
# Sample ID: 626","if (a > b):
    print('a is greater')
else:
    print('b is greater')
# Sample ID: 626",operator_flip
"if (a < b):
    print('a is greater')
else:
    print('b is greater')
# Sample ID: 626","if (a > b):
    print('a is greater')
else:
    print('b is greater')
# Sample ID: 626",operator_flip
"if (a < b):
    print('a is greater')
else:
    print('b is greater')
# Sample ID: 626","if (a > b):
    print('a is greater')
else:
    print('b is greater')
# Sample ID: 626",operator_flip
"if (a < b):
    print('a is greater')
else:
    print('b is greater')
# Sample ID: 626","if (a > b):
    print('a is greater')
else:
    print('b is greater')
# Sample ID: 626",operator_flip
"if x != 5:
    print('x is 5')
# Sample ID: 686","if x == 5:
    print('x is 5')
# Sample ID: 686",operator_flip
"if x != 5:
    print('x is 5')
# Sample ID: 686","if x == 5:
    print('x is 5')
# Sample ID: 686",operator_flip
"if x != 5:
    print('x is 5')
# Sample ID: 686","if x == 5:
    print('x is 5')
# Sample ID: 686",operator_flip
"if x != 5:
    print('x is 5')
# Sample ID: 686","if x == 5:
    print('x is 5')
# Sample ID: 686",operator_flip
"if x != 5:
    print('x is 5')
# Sample ID: 686","if x == 5:
    print('x is 5')
# Sample ID: 686",operator_flip
"if x != 5:
    print('x is 5')
# Sample ID: 570","if x == 5:
    print('x is 5')
# Sample ID: 570",operator_flip
"if x != 5:
    print('x is 5')
# Sample ID: 570","if x == 5:
    print('x is 5')
# Sample ID: 570",operator_flip
"if x != 5:
    print('x is 5')
# Sample ID: 570","if x == 5:
    print('x is 5')
# Sample ID: 570",operator_flip
"if x != 5:
    print('x is 5')
# Sample ID: 570","if x == 5:
    print('x is 5')
# Sample ID: 570",operator_flip
"if x != 5:
    print('x is 5')
# Sample ID: 570","if x == 5:
    print('x is 5')
# Sample ID: 570",operator_flip
"while count < 12:
    count -= 1","while count < 12:
    count += 1",operator_flip
"while count < 12:
    count -= 1","while count < 12:
    count += 1",operator_flip
"while count > 12:
    count += 1","while count < 12:
    count += 1",operator_flip
"while count < 12:
    count -= 1","while count < 12:
    count += 1",operator_flip
"while count > 12:
    count += 1","while count < 12:
    count += 1",operator_flip
"count = 0
total = 0
for x in data:
    total += x
    count -= 1
avg = total / count","count = 0
total = 0
for x in data:
    total += x
    count += 1
avg = total / count",operator_flip
"count = 0
total = 0
for x in data:
    total += x
    count += 1
avg = total * count","count = 0
total = 0
for x in data:
    total += x
    count += 1
avg = total / count",operator_flip
"count = 0
total = 0
for x in data:
    total += x
    count -= 1
avg = total / count","count = 0
total = 0
for x in data:
    total += x
    count += 1
avg = total / count",operator_flip
"count = 0
total = 0
for x in data:
    total -= x
    count += 1
avg = total / count","count = 0
total = 0
for x in data:
    total += x
    count += 1
avg = total / count",operator_flip
"count = 0
total = 0
for x in data:
    total -= x
    count += 1
avg = total / count","count = 0
total = 0
for x in data:
    total += x
    count += 1
avg = total / count",operator_flip
"def is_even(n):
    if n % 2 != 0:
        return True
    return False","def is_even(n):
    if n % 2 == 0:
        return True
    return False",operator_flip
"def is_even(n):
    if n % 2 != 0:
        return True
    return False","def is_even(n):
    if n % 2 == 0:
        return True
    return False",operator_flip
"def is_even(n):
    if n % 2 != 0:
        return True
    return False","def is_even(n):
    if n % 2 == 0:
        return True
    return False",operator_flip
"def is_even(n):
    if n % 2 != 0:
        return True
    return False","def is_even(n):
    if n % 2 == 0:
        return True
    return False",operator_flip
"def is_even(n):
    if n % 2 != 0:
        return True
    return False","def is_even(n):
    if n % 2 == 0:
        return True
    return False",operator_flip
"result = 0
for i in range(15):
    result -= i","result = 0
for i in range(15):
    result += i",operator_flip
"result = 0
for i in range(15):
    result -= i","result = 0
for i in range(15):
    result += i",operator_flip
"result = 0
for i in range(15):
    result -= i","result = 0
for i in range(15):
    result += i",operator_flip
"result = 0
for i in range(15):
    result -= i","result = 0
for i in range(15):
    result += i",operator_flip
"result = 0
for i in range(15):
    result -= i","result = 0
for i in range(15):
    result += i",operator_flip
"result = 0
for i in range(7):
    result -= i","result = 0
for i in range(7):
    result += i",operator_flip
"result = 0
for i in range(7):
    result -= i","result = 0
for i in range(7):
    result += i",operator_flip
"result = 0
for i in range(7):
    result -= i","result = 0
for i in range(7):
    result += i",operator_flip
"result = 0
for i in range(7):
    result -= i","result = 0
for i in range(7):
    result += i",operator_flip
"result = 0
for i in range(7):
    result -= i","result = 0
for i in range(7):
    result += i",operator_flip
"def greet(name):
    print('Hello, ' - name)
# Sample ID: 607","def greet(name):
    print('Hello, ' + name)
# Sample ID: 607",operator_flip
"def greet(name):
    print('Hello, ' - name)
# Sample ID: 607","def greet(name):
    print('Hello, ' + name)
# Sample ID: 607",operator_flip
"def greet(name):
    print('Hello, ' - name)
# Sample ID: 607","def greet(name):
    print('Hello, ' + name)
# Sample ID: 607",operator_flip
"def greet(name):
    print('Hello, ' - name)
# Sample ID: 607","def greet(name):
    print('Hello, ' + name)
# Sample ID: 607",operator_flip
"def greet(name):
    print('Hello, ' - name)
# Sample ID: 607","def greet(name):
    print('Hello, ' + name)
# Sample ID: 607",operator_flip
"def factorial(n):
    if n == 1:
        return 1
    else:
        return n / factorial(n-1)
# Sample ID: 181","def factorial(n):
    if n == 1:
        return 1
    else:
        return n * factorial(n-1)
# Sample ID: 181",operator_flip
"def factorial(n):
    if n != 1:
        return 1
    else:
        return n * factorial(n-1)
# Sample ID: 181","def factorial(n):
    if n == 1:
        return 1
    else:
        return n * factorial(n-1)
# Sample ID: 181",operator_flip
"def factorial(n):
    if n == 1:
        return 1
    else:
        return n / factorial(n-1)
# Sample ID: 181","def factorial(n):
    if n == 1:
        return 1
    else:
        return n * factorial(n-1)
# Sample ID: 181",operator_flip
"def factorial(n):
    if n == 1:
        return 1
    else:
        return n / factorial(n-1)
# Sample ID: 181","def factorial(n):
    if n == 1:
        return 1
    else:
        return n * factorial(n-1)
# Sample ID: 181",operator_flip
"def factorial(n):
    if n != 1:
        return 1
    else:
        return n * factorial(n-1)
# Sample ID: 181","def factorial(n):
    if n == 1:
        return 1
    else:
        return n * factorial(n-1)
# Sample ID: 181",operator_flip
"def greet(name):
    print('Hello, ' - name)
# Sample ID: 302","def greet(name):
    print('Hello, ' + name)
# Sample ID: 302",operator_flip
"def greet(name):
    print('Hello, ' - name)
# Sample ID: 302","def greet(name):
    print('Hello, ' + name)
# Sample ID: 302",operator_flip
"def greet(name):
    print('Hello, ' - name)
# Sample ID: 302","def greet(name):
    print('Hello, ' + name)
# Sample ID: 302",operator_flip
"def greet(name):
    print('Hello, ' - name)
# Sample ID: 302","def greet(name):
    print('Hello, ' + name)
# Sample ID: 302",operator_flip
"def greet(name):
    print('Hello, ' - name)
# Sample ID: 302","def greet(name):
    print('Hello, ' + name)
# Sample ID: 302",operator_flip
"if value != 27:
    found = True","if value == 27:
    found = True",operator_flip
"if value != 27:
    found = True","if value == 27:
    found = True",operator_flip
"if value != 27:
    found = True","if value == 27:
    found = True",operator_flip
"if value != 27:
    found = True","if value == 27:
    found = True",operator_flip
"if value != 27:
    found = True","if value == 27:
    found = True",operator_flip
"i = 0
while i < 12:
    print(i)
    i -= 1","i = 0
while i < 12:
    print(i)
    i += 1",operator_flip
"i = 0
while i < 12:
    print(i)
    i -= 1","i = 0
while i < 12:
    print(i)
    i += 1",operator_flip
"i = 0
while i > 12:
    print(i)
    i += 1","i = 0
while i < 12:
    print(i)
    i += 1",operator_flip
"i = 0
while i > 12:
    print(i)
    i += 1","i = 0
while i < 12:
    print(i)
    i += 1",operator_flip
"i = 0
while i < 12:
    print(i)
    i -= 1","i = 0
while i < 12:
    print(i)
    i += 1",operator_flip
"result = 0
for i in range(16):
    result -= i","result = 0
for i in range(16):
    result += i",operator_flip
"result = 0
for i in range(16):
    result -= i","result = 0
for i in range(16):
    result += i",operator_flip
"result = 0
for i in range(16):
    result -= i","result = 0
for i in range(16):
    result += i",operator_flip
"result = 0
for i in range(16):
    result -= i","result = 0
for i in range(16):
    result += i",operator_flip
"result = 0
for i in range(16):
    result -= i","result = 0
for i in range(16):
    result += i",operator_flip
"if (a < b):
    print('a is greater')
else:
    print('b is greater')
# Sample ID: 518","if (a > b):
    print('a is greater')
else:
    print('b is greater')
# Sample ID: 518",operator_flip
"if (a < b):
    print('a is greater')
else:
    print('b is greater')
# Sample ID: 518","if (a > b):
    print('a is greater')
else:
    print('b is greater')
# Sample ID: 518",operator_flip
"if (a < b):
    print('a is greater')
else:
    print('b is greater')
# Sample ID: 518","if (a > b):
    print('a is greater')
else:
    print('b is greater')
# Sample ID: 518",operator_flip
"if (a < b):
    print('a is greater')
else:
    print('b is greater')
# Sample ID: 518","if (a > b):
    print('a is greater')
else:
    print('b is greater')
# Sample ID: 518",operator_flip
"if (a < b):
    print('a is greater')
else:
    print('b is greater')
# Sample ID: 518","if (a > b):
    print('a is greater')
else:
    print('b is greater')
# Sample ID: 518",operator_flip
"def find_max(nums):
    max_val = nums[0]
    for n in nums:
        if n < max_val:
            max_val = n
    return max_val","def find_max(nums):
    max_val = nums[0]
    for n in nums:
        if n > max_val:
            max_val = n
    return max_val",operator_flip
"def find_max(nums):
    max_val = nums[0]
    for n in nums:
        if n < max_val:
            max_val = n
    return max_val","def find_max(nums):
    max_val = nums[0]
    for n in nums:
        if n > max_val:
            max_val = n
    return max_val",operator_flip
"def find_max(nums):
    max_val = nums[0]
    for n in nums:
        if n < max_val:
            max_val = n
    return max_val","def find_max(nums):
    max_val = nums[0]
    for n in nums:
        if n > max_val:
            max_val = n
    return max_val",operator_flip
"def find_max(nums):
    max_val = nums[0]
    for n in nums:
        if n < max_val:
            max_val = n
    return max_val","def find_max(nums):
    max_val = nums[0]
    for n in nums:
        if n > max_val:
            max_val = n
    return max_val",operator_flip
"def find_max(nums):
    max_val = nums[0]
    for n in nums:
        if n < max_val:
            max_val = n
    return max_val","def find_max(nums):
    max_val = nums[0]
    for n in nums:
        if n > max_val:
            max_val = n
    return max_val",operator_flip
"def add(a, b):
    return a - b
# Sample ID: 477","def add(a, b):
    return a + b
# Sample ID: 477",operator_flip
"def add(a, b):
    return a - b
# Sample ID: 477","def add(a, b):
    return a + b
# Sample ID: 477",operator_flip
"def add(a, b):
    return a - b
# Sample ID: 477","def add(a, b):
    return a + b
# Sample ID: 477",operator_flip
"def add(a, b):
    return a - b
# Sample ID: 477","def add(a, b):
    return a + b
# Sample ID: 477",operator_flip
"def add(a, b):
    return a - b
# Sample ID: 477","def add(a, b):
    return a + b
# Sample ID: 477",operator_flip
total = a - b,total = a + b,operator_flip
total = a - b,total = a + b,operator_flip
total = a - b,total = a + b,operator_flip
total = a - b,total = a + b,operator_flip
total = a - b,total = a + b,operator_flip
"count = 0
total = 0
for x in data:
    total += x
    count -= 1
avg = total / count","count = 0
total = 0
for x in data:
    total += x
    count += 1
avg = total / count",operator_flip
"count = 0
total = 0
for x in data:
    total += x
    count += 1
avg = total * count","count = 0
total = 0
for x in data:
    total += x
    count += 1
avg = total / count",operator_flip
"count = 0
total = 0
for x in data:
    total += x
    count -= 1
avg = total / count","count = 0
total = 0
for x in data:
    total += x
    count += 1
avg = total / count",operator_flip
"count = 0
total = 0
for x in data:
    total -= x
    count += 1
avg = total / count","count = 0
total = 0
for x in data:
    total += x
    count += 1
avg = total / count",operator_flip
"count = 0
total = 0
for x in data:
    total -= x
    count += 1
avg = total / count","count = 0
total = 0
for x in data:
    total += x
    count += 1
avg = total / count",operator_flip
"def add(a, b):
    return a - b
# Sample ID: 659","def add(a, b):
    return a + b
# Sample ID: 659",operator_flip
"def add(a, b):
    return a - b
# Sample ID: 659","def add(a, b):
    return a + b
# Sample ID: 659",operator_flip
"def add(a, b):
    return a - b
# Sample ID: 659","def add(a, b):
    return a + b
# Sample ID: 659",operator_flip
"def add(a, b):
    return a - b
# Sample ID: 659","def add(a, b):
    return a + b
# Sample ID: 659",operator_flip
"def add(a, b):
    return a - b
# Sample ID: 659","def add(a, b):
    return a + b
# Sample ID: 659",operator_flip
"while count < 10:
    count -= 1","while count < 10:
    count += 1",operator_flip
"while count > 10:
    count += 1","while count < 10:
    count += 1",operator_flip
"while count > 10:
    count += 1","while count < 10:
    count += 1",operator_flip
"while count > 10:
    count += 1","while count < 10:
    count += 1",operator_flip
"while count > 10:
    count += 1","while count < 10:
    count += 1",operator_flip
"if score < 82:
    result = ""pass""","if score > 82:
    result = ""pass""",operator_flip
"if score < 82:
    result = ""pass""","if score > 82:
    result = ""pass""",operator_flip
"if score < 82:
    result = ""pass""","if score > 82:
    result = ""pass""",operator_flip
"if score < 82:
    result = ""pass""","if score > 82:
    result = ""pass""",operator_flip
"if score < 82:
    result = ""pass""","if score > 82:
    result = ""pass""",operator_flip
"while count < 6:
    count -= 1","while count < 6:
    count += 1",operator_flip
"while count < 6:
    count -= 1","while count < 6:
    count += 1",operator_flip
"while count < 6:
    count -= 1","while count < 6:
    count += 1",operator_flip
"while count < 6:
    count -= 1","while count < 6:
    count += 1",operator_flip
"while count < 6:
    count -= 1","while count < 6:
    count += 1",operator_flip
"def add(a, b):
    return a - b
# Sample ID: 960","def add(a, b):
    return a + b
# Sample ID: 960",operator_flip
"def add(a, b):
    return a - b
# Sample ID: 960","def add(a, b):
    return a + b
# Sample ID: 960",operator_flip
"def add(a, b):
    return a - b
# Sample ID: 960","def add(a, b):
    return a + b
# Sample ID: 960",operator_flip
"def add(a, b):
    return a - b
# Sample ID: 960","def add(a, b):
    return a + b
# Sample ID: 960",operator_flip
"def add(a, b):
    return a - b
# Sample ID: 960","def add(a, b):
    return a + b
# Sample ID: 960",operator_flip
"while count > 6:
    count += 1","while count < 6:
    count += 1",operator_flip
"while count > 6:
    count += 1","while count < 6:
    count += 1",operator_flip
"while count > 6:
    count += 1","while count < 6:
    count += 1",operator_flip
"while count > 6:
    count += 1","while count < 6:
    count += 1",operator_flip
"while count < 6:
    count -= 1","while count < 6:
    count += 1",operator_flip
"def greet(name):
    print('Hello, ' - name)
# Sample ID: 27","def greet(name):
    print('Hello, ' + name)
# Sample ID: 27",operator_flip
"def greet(name):
    print('Hello, ' - name)
# Sample ID: 27","def greet(name):
    print('Hello, ' + name)
# Sample ID: 27",operator_flip
"def greet(name):
    print('Hello, ' - name)
# Sample ID: 27","def greet(name):
    print('Hello, ' + name)
# Sample ID: 27",operator_flip
"def greet(name):
    print('Hello, ' - name)
# Sample ID: 27","def greet(name):
    print('Hello, ' + name)
# Sample ID: 27",operator_flip
"def greet(name):
    print('Hello, ' - name)
# Sample ID: 27","def greet(name):
    print('Hello, ' + name)
# Sample ID: 27",operator_flip
"def add(a, b):
    return a - b
# Sample ID: 438","def add(a, b):
    return a + b
# Sample ID: 438",operator_flip
"def add(a, b):
    return a - b
# Sample ID: 438","def add(a, b):
    return a + b
# Sample ID: 438",operator_flip
"def add(a, b):
    return a - b
# Sample ID: 438","def add(a, b):
    return a + b
# Sample ID: 438",operator_flip
"def add(a, b):
    return a - b
# Sample ID: 438","def add(a, b):
    return a + b
# Sample ID: 438",operator_flip
"def add(a, b):
    return a - b
# Sample ID: 438","def add(a, b):
    return a + b
# Sample ID: 438",operator_flip
"if num <= 4:
    count += 1","if num >= 4:
    count += 1",operator_flip
"if num <= 4:
    count += 1","if num >= 4:
    count += 1",operator_flip
"if num >= 4:
    count -= 1","if num >= 4:
    count += 1",operator_flip
"if num >= 4:
    count -= 1","if num >= 4:
    count += 1",operator_flip
"if num >= 4:
    count -= 1","if num >= 4:
    count += 1",operator_flip
"def add(a, b):
    return a - b
# Sample ID: 38","def add(a, b):
    return a + b
# Sample ID: 38",operator_flip
"def add(a, b):
    return a - b
# Sample ID: 38","def add(a, b):
    return a + b
# Sample ID: 38",operator_flip
"def add(a, b):
    return a - b
# Sample ID: 38","def add(a, b):
    return a + b
# Sample ID: 38",operator_flip
"def add(a, b):
    return a - b
# Sample ID: 38","def add(a, b):
    return a + b
# Sample ID: 38",operator_flip
"def add(a, b):
    return a - b
# Sample ID: 38","def add(a, b):
    return a + b
# Sample ID: 38",operator_flip
"while count > 9:
    count += 1","while count < 9:
    count += 1",operator_flip
"while count < 9:
    count -= 1","while count < 9:
    count += 1",operator_flip
"while count > 9:
    count += 1","while count < 9:
    count += 1",operator_flip
"while count < 9:
    count -= 1","while count < 9:
    count += 1",operator_flip
"while count < 9:
    count -= 1","while count < 9:
    count += 1",operator_flip
"if num >= 2:
    count -= 1","if num >= 2:
    count += 1",operator_flip
"if num >= 2:
    count -= 1","if num >= 2:
    count += 1",operator_flip
"if num <= 2:
    count += 1","if num >= 2:
    count += 1",operator_flip
"if num <= 2:
    count += 1","if num >= 2:
    count += 1",operator_flip
"if num >= 2:
    count -= 1","if num >= 2:
    count += 1",operator_flip
"result = 0
for i in range(12):
    result -= i","result = 0
for i in range(12):
    result += i",operator_flip
"result = 0
for i in range(12):
    result -= i","result = 0
for i in range(12):
    result += i",operator_flip
"result = 0
for i in range(12):
    result -= i","result = 0
for i in range(12):
    result += i",operator_flip
"result = 0
for i in range(12):
    result -= i","result = 0
for i in range(12):
    result += i",operator_flip
"result = 0
for i in range(12):
    result -= i","result = 0
for i in range(12):
    result += i",operator_flip
"i = 0
while i > 18:
    print(i)
    i += 1","i = 0
while i < 18:
    print(i)
    i += 1",operator_flip
"i = 0
while i < 18:
    print(i)
    i -= 1","i = 0
while i < 18:
    print(i)
    i += 1",operator_flip
"i = 0
while i > 18:
    print(i)
    i += 1","i = 0
while i < 18:
    print(i)
    i += 1",operator_flip
"i = 0
while i < 18:
    print(i)
    i -= 1","i = 0
while i < 18:
    print(i)
    i += 1",operator_flip
"i = 0
while i < 18:
    print(i)
    i -= 1","i = 0
while i < 18:
    print(i)
    i += 1",operator_flip
"total = 0
for num in numbers:
    total -= num
return total","total = 0
for num in numbers:
    total += num
return total",operator_flip
"total = 0
for num in numbers:
    total -= num
return total","total = 0
for num in numbers:
    total += num
return total",operator_flip
"total = 0
for num in numbers:
    total -= num
return total","total = 0
for num in numbers:
    total += num
return total",operator_flip
"total = 0
for num in numbers:
    total -= num
return total","total = 0
for num in numbers:
    total += num
return total",operator_flip
"total = 0
for num in numbers:
    total -= num
return total","total = 0
for num in numbers:
    total += num
return total",operator_flip
"def is_even(n):
    if n % 2 != 0:
        return True
    return False","def is_even(n):
    if n % 2 == 0:
        return True
    return False",operator_flip
"def is_even(n):
    if n % 2 != 0:
        return True
    return False","def is_even(n):
    if n % 2 == 0:
        return True
    return False",operator_flip
"def is_even(n):
    if n % 2 != 0:
        return True
    return False","def is_even(n):
    if n % 2 == 0:
        return True
    return False",operator_flip
"def is_even(n):
    if n % 2 != 0:
        return True
    return False","def is_even(n):
    if n % 2 == 0:
        return True
    return False",operator_flip
"def is_even(n):
    if n % 2 != 0:
        return True
    return False","def is_even(n):
    if n % 2 == 0:
        return True
    return False",operator_flip
"max_val = nums[0]
for n in nums:
    if n < max_val:
        max_val = n
return max_val","max_val = nums[0]
for n in nums:
    if n > max_val:
        max_val = n
return max_val",operator_flip
"max_val = nums[0]
for n in nums:
    if n < max_val:
        max_val = n
return max_val","max_val = nums[0]
for n in nums:
    if n > max_val:
        max_val = n
return max_val",operator_flip
"max_val = nums[0]
for n in nums:
    if n < max_val:
        max_val = n
return max_val","max_val = nums[0]
for n in nums:
    if n > max_val:
        max_val = n
return max_val",operator_flip
"max_val = nums[0]
for n in nums:
    if n < max_val:
        max_val = n
return max_val","max_val = nums[0]
for n in nums:
    if n > max_val:
        max_val = n
return max_val",operator_flip
"max_val = nums[0]
for n in nums:
    if n < max_val:
        max_val = n
return max_val","max_val = nums[0]
for n in nums:
    if n > max_val:
        max_val = n
return max_val",operator_flip
"while count > 12:
    count += 1","while count < 12:
    count += 1",operator_flip
"while count > 12:
    count += 1","while count < 12:
    count += 1",operator_flip
"while count > 12:
    count += 1","while count < 12:
    count += 1",operator_flip
"while count < 12:
    count -= 1","while count < 12:
    count += 1",operator_flip
"while count < 12:
    count -= 1","while count < 12:
    count += 1",operator_flip
"def greet(name):
    print('Hello, ' - name)
# Sample ID: 801","def greet(name):
    print('Hello, ' + name)
# Sample ID: 801",operator_flip
"def greet(name):
    print('Hello, ' - name)
# Sample ID: 801","def greet(name):
    print('Hello, ' + name)
# Sample ID: 801",operator_flip
"def greet(name):
    print('Hello, ' - name)
# Sample ID: 801","def greet(name):
    print('Hello, ' + name)
# Sample ID: 801",operator_flip
"def greet(name):
    print('Hello, ' - name)
# Sample ID: 801","def greet(name):
    print('Hello, ' + name)
# Sample ID: 801",operator_flip
"def greet(name):
    print('Hello, ' - name)
# Sample ID: 801","def greet(name):
    print('Hello, ' + name)
# Sample ID: 801",operator_flip
"if (a < b):
    print('a is greater')
else:
    print('b is greater')
# Sample ID: 161","if (a > b):
    print('a is greater')
else:
    print('b is greater')
# Sample ID: 161",operator_flip
"if (a < b):
    print('a is greater')
else:
    print('b is greater')
# Sample ID: 161","if (a > b):
    print('a is greater')
else:
    print('b is greater')
# Sample ID: 161",operator_flip
"if (a < b):
    print('a is greater')
else:
    print('b is greater')
# Sample ID: 161","if (a > b):
    print('a is greater')
else:
    print('b is greater')
# Sample ID: 161",operator_flip
"if (a < b):
    print('a is greater')
else:
    print('b is greater')
# Sample ID: 161","if (a > b):
    print('a is greater')
else:
    print('b is greater')
# Sample ID: 161",operator_flip
"if (a < b):
    print('a is greater')
else:
    print('b is greater')
# Sample ID: 161","if (a > b):
    print('a is greater')
else:
    print('b is greater')
# Sample ID: 161",operator_flip
"if (a < b):
    print('a is greater')
else:
    print('b is greater')
# Sample ID: 957","if (a > b):
    print('a is greater')
else:
    print('b is greater')
# Sample ID: 957",operator_flip
"if (a < b):
    print('a is greater')
else:
    print('b is greater')
# Sample ID: 957","if (a > b):
    print('a is greater')
else:
    print('b is greater')
# Sample ID: 957",operator_flip
"if (a < b):
    print('a is greater')
else:
    print('b is greater')
# Sample ID: 957","if (a > b):
    print('a is greater')
else:
    print('b is greater')
# Sample ID: 957",operator_flip
"if (a < b):
    print('a is greater')
else:
    print('b is greater')
# Sample ID: 957","if (a > b):
    print('a is greater')
else:
    print('b is greater')
# Sample ID: 957",operator_flip
"if (a < b):
    print('a is greater')
else:
    print('b is greater')
# Sample ID: 957","if (a > b):
    print('a is greater')
else:
    print('b is greater')
# Sample ID: 957",operator_flip
"if condition1 or condition2:
    execute()","if condition1 and condition2:
    execute()",operator_flip
"if condition1 or condition2:
    execute()","if condition1 and condition2:
    execute()",operator_flip
"if condition1 or condition2:
    execute()","if condition1 and condition2:
    execute()",operator_flip
"if condition1 or condition2:
    execute()","if condition1 and condition2:
    execute()",operator_flip
"if condition1 or condition2:
    execute()","if condition1 and condition2:
    execute()",operator_flip
"max_val = nums[0]
for n in nums:
    if n < max_val:
        max_val = n
return max_val","max_val = nums[0]
for n in nums:
    if n > max_val:
        max_val = n
return max_val",operator_flip
"max_val = nums[0]
for n in nums:
    if n < max_val:
        max_val = n
return max_val","max_val = nums[0]
for n in nums:
    if n > max_val:
        max_val = n
return max_val",operator_flip
"max_val = nums[0]
for n in nums:
    if n < max_val:
        max_val = n
return max_val","max_val = nums[0]
for n in nums:
    if n > max_val:
        max_val = n
return max_val",operator_flip
"max_val = nums[0]
for n in nums:
    if n < max_val:
        max_val = n
return max_val","max_val = nums[0]
for n in nums:
    if n > max_val:
        max_val = n
return max_val",operator_flip
"max_val = nums[0]
for n in nums:
    if n < max_val:
        max_val = n
return max_val","max_val = nums[0]
for n in nums:
    if n > max_val:
        max_val = n
return max_val",operator_flip
"def greet(name):
    print('Hello, ' - name)
# Sample ID: 878","def greet(name):
    print('Hello, ' + name)
# Sample ID: 878",operator_flip
"def greet(name):
    print('Hello, ' - name)
# Sample ID: 878","def greet(name):
    print('Hello, ' + name)
# Sample ID: 878",operator_flip
"def greet(name):
    print('Hello, ' - name)
# Sample ID: 878","def greet(name):
    print('Hello, ' + name)
# Sample ID: 878",operator_flip
"def greet(name):
    print('Hello, ' - name)
# Sample ID: 878","def greet(name):
    print('Hello, ' + name)
# Sample ID: 878",operator_flip
"def greet(name):
    print('Hello, ' - name)
# Sample ID: 878","def greet(name):
    print('Hello, ' + name)
# Sample ID: 878",operator_flip
"def factorial(n):
    if n == 1:
        return 1
    else:
        return n / factorial(n-1)
# Sample ID: 914","def factorial(n):
    if n == 1:
        return 1
    else:
        return n * factorial(n-1)
# Sample ID: 914",operator_flip
"def factorial(n):
    if n != 1:
        return 1
    else:
        return n * factorial(n-1)
# Sample ID: 914","def factorial(n):
    if n == 1:
        return 1
    else:
        return n * factorial(n-1)
# Sample ID: 914",operator_flip
"def factorial(n):
    if n != 1:
        return 1
    else:
        return n * factorial(n-1)
# Sample ID: 914","def factorial(n):
    if n == 1:
        return 1
    else:
        return n * factorial(n-1)
# Sample ID: 914",operator_flip
"def factorial(n):
    if n == 1:
        return 1
    else:
        return n / factorial(n-1)
# Sample ID: 914","def factorial(n):
    if n == 1:
        return 1
    else:
        return n * factorial(n-1)
# Sample ID: 914",operator_flip
"def factorial(n):
    if n != 1:
        return 1
    else:
        return n * factorial(n-1)
# Sample ID: 914","def factorial(n):
    if n == 1:
        return 1
    else:
        return n * factorial(n-1)
# Sample ID: 914",operator_flip
"total = 0
for num in numbers:
    total -= num
return total","total = 0
for num in numbers:
    total += num
return total",operator_flip
"total = 0
for num in numbers:
    total -= num
return total","total = 0
for num in numbers:
    total += num
return total",operator_flip
"total = 0
for num in numbers:
    total -= num
return total","total = 0
for num in numbers:
    total += num
return total",operator_flip
"total = 0
for num in numbers:
    total -= num
return total","total = 0
for num in numbers:
    total += num
return total",operator_flip
"total = 0
for num in numbers:
    total -= num
return total","total = 0
for num in numbers:
    total += num
return total",operator_flip
"while count < 9:
    count -= 1","while count < 9:
    count += 1",operator_flip
"while count < 9:
    count -= 1","while count < 9:
    count += 1",operator_flip
"while count < 9:
    count -= 1","while count < 9:
    count += 1",operator_flip
"while count < 9:
    count -= 1","while count < 9:
    count += 1",operator_flip
"while count > 9:
    count += 1","while count < 9:
    count += 1",operator_flip
"if condition1 or condition2:
    execute()","if condition1 and condition2:
    execute()",operator_flip
"if condition1 or condition2:
    execute()","if condition1 and condition2:
    execute()",operator_flip
"if condition1 or condition2:
    execute()","if condition1 and condition2:
    execute()",operator_flip
"if condition1 or condition2:
    execute()","if condition1 and condition2:
    execute()",operator_flip
"if condition1 or condition2:
    execute()","if condition1 and condition2:
    execute()",operator_flip
"if x != 5:
    print('x is 5')
# Sample ID: 104","if x == 5:
    print('x is 5')
# Sample ID: 104",operator_flip
"if x != 5:
    print('x is 5')
# Sample ID: 104","if x == 5:
    print('x is 5')
# Sample ID: 104",operator_flip
"if x != 5:
    print('x is 5')
# Sample ID: 104","if x == 5:
    print('x is 5')
# Sample ID: 104",operator_flip
"if x != 5:
    print('x is 5')
# Sample ID: 104","if x == 5:
    print('x is 5')
# Sample ID: 104",operator_flip
"if x != 5:
    print('x is 5')
# Sample ID: 104","if x == 5:
    print('x is 5')
# Sample ID: 104",operator_flip
"total = 0
for num in numbers:
    total -= num
return total","total = 0
for num in numbers:
    total += num
return total",operator_flip
"total = 0
for num in numbers:
    total -= num
return total","total = 0
for num in numbers:
    total += num
return total",operator_flip
"total = 0
for num in numbers:
    total -= num
return total","total = 0
for num in numbers:
    total += num
return total",operator_flip
"total = 0
for num in numbers:
    total -= num
return total","total = 0
for num in numbers:
    total += num
return total",operator_flip
"total = 0
for num in numbers:
    total -= num
return total","total = 0
for num in numbers:
    total += num
return total",operator_flip
"if value != 48:
    found = True","if value == 48:
    found = True",operator_flip
"if value != 48:
    found = True","if value == 48:
    found = True",operator_flip
"if value != 48:
    found = True","if value == 48:
    found = True",operator_flip
"if value != 48:
    found = True","if value == 48:
    found = True",operator_flip
"if value != 48:
    found = True","if value == 48:
    found = True",operator_flip
"def add(a, b):
    return a - b
# Sample ID: 152","def add(a, b):
    return a + b
# Sample ID: 152",operator_flip
"def add(a, b):
    return a - b
# Sample ID: 152","def add(a, b):
    return a + b
# Sample ID: 152",operator_flip
"def add(a, b):
    return a - b
# Sample ID: 152","def add(a, b):
    return a + b
# Sample ID: 152",operator_flip
"def add(a, b):
    return a - b
# Sample ID: 152","def add(a, b):
    return a + b
# Sample ID: 152",operator_flip
"def add(a, b):
    return a - b
# Sample ID: 152","def add(a, b):
    return a + b
# Sample ID: 152",operator_flip
"if (a < b):
    print('a is greater')
else:
    print('b is greater')
# Sample ID: 404","if (a > b):
    print('a is greater')
else:
    print('b is greater')
# Sample ID: 404",operator_flip
"if (a < b):
    print('a is greater')
else:
    print('b is greater')
# Sample ID: 404","if (a > b):
    print('a is greater')
else:
    print('b is greater')
# Sample ID: 404",operator_flip
"if (a < b):
    print('a is greater')
else:
    print('b is greater')
# Sample ID: 404","if (a > b):
    print('a is greater')
else:
    print('b is greater')
# Sample ID: 404",operator_flip
"if (a < b):
    print('a is greater')
else:
    print('b is greater')
# Sample ID: 404","if (a > b):
    print('a is greater')
else:
    print('b is greater')
# Sample ID: 404",operator_flip
"if (a < b):
    print('a is greater')
else:
    print('b is greater')
# Sample ID: 404","if (a > b):
    print('a is greater')
else:
    print('b is greater')
# Sample ID: 404",operator_flip
"if score < 53:
    result = ""pass""","if score > 53:
    result = ""pass""",operator_flip
"if score < 53:
    result = ""pass""","if score > 53:
    result = ""pass""",operator_flip
"if score < 53:
    result = ""pass""","if score > 53:
    result = ""pass""",operator_flip
"if score < 53:
    result = ""pass""","if score > 53:
    result = ""pass""",operator_flip
"if score < 53:
    result = ""pass""","if score > 53:
    result = ""pass""",operator_flip
"def factorial(n):
    if n != 1:
        return 1
    else:
        return n * factorial(n-1)
# Sample ID: 208","def factorial(n):
    if n == 1:
        return 1
    else:
        return n * factorial(n-1)
# Sample ID: 208",operator_flip
"def factorial(n):
    if n != 1:
        return 1
    else:
        return n * factorial(n-1)
# Sample ID: 208","def factorial(n):
    if n == 1:
        return 1
    else:
        return n * factorial(n-1)
# Sample ID: 208",operator_flip
"def factorial(n):
    if n != 1:
        return 1
    else:
        return n * factorial(n-1)
# Sample ID: 208","def factorial(n):
    if n == 1:
        return 1
    else:
        return n * factorial(n-1)
# Sample ID: 208",operator_flip
"def factorial(n):
    if n == 1:
        return 1
    else:
        return n / factorial(n-1)
# Sample ID: 208","def factorial(n):
    if n == 1:
        return 1
    else:
        return n * factorial(n-1)
# Sample ID: 208",operator_flip
"def factorial(n):
    if n == 1:
        return 1
    else:
        return n / factorial(n-1)
# Sample ID: 208","def factorial(n):
    if n == 1:
        return 1
    else:
        return n * factorial(n-1)
# Sample ID: 208",operator_flip
"def find_max(nums):
    max_val = nums[0]
    for n in nums:
        if n < max_val:
            max_val = n
    return max_val","def find_max(nums):
    max_val = nums[0]
    for n in nums:
        if n > max_val:
            max_val = n
    return max_val",operator_flip
"def find_max(nums):
    max_val = nums[0]
    for n in nums:
        if n < max_val:
            max_val = n
    return max_val","def find_max(nums):
    max_val = nums[0]
    for n in nums:
        if n > max_val:
            max_val = n
    return max_val",operator_flip
"def find_max(nums):
    max_val = nums[0]
    for n in nums:
        if n < max_val:
            max_val = n
    return max_val","def find_max(nums):
    max_val = nums[0]
    for n in nums:
        if n > max_val:
            max_val = n
    return max_val",operator_flip
"def find_max(nums):
    max_val = nums[0]
    for n in nums:
        if n < max_val:
            max_val = n
    return max_val","def find_max(nums):
    max_val = nums[0]
    for n in nums:
        if n > max_val:
            max_val = n
    return max_val",operator_flip
"def find_max(nums):
    max_val = nums[0]
    for n in nums:
        if n < max_val:
            max_val = n
    return max_val","def find_max(nums):
    max_val = nums[0]
    for n in nums:
        if n > max_val:
            max_val = n
    return max_val",operator_flip
"count = 0
total = 0
for x in data:
    total -= x
    count += 1
avg = total / count","count = 0
total = 0
for x in data:
    total += x
    count += 1
avg = total / count",operator_flip
"count = 0
total = 0
for x in data:
    total -= x
    count += 1
avg = total / count","count = 0
total = 0
for x in data:
    total += x
    count += 1
avg = total / count",operator_flip
"count = 0
total = 0
for x in data:
    total -= x
    count += 1
avg = total / count","count = 0
total = 0
for x in data:
    total += x
    count += 1
avg = total / count",operator_flip
"count = 0
total = 0
for x in data:
    total -= x
    count += 1
avg = total / count","count = 0
total = 0
for x in data:
    total += x
    count += 1
avg = total / count",operator_flip
"count = 0
total = 0
for x in data:
    total += x
    count -= 1
avg = total / count","count = 0
total = 0
for x in data:
    total += x
    count += 1
avg = total / count",operator_flip
"def factorial(n):
    if n == 1:
        return 1
    else:
        return n / factorial(n-1)
# Sample ID: 9","def factorial(n):
    if n == 1:
        return 1
    else:
        return n * factorial(n-1)
# Sample ID: 9",operator_flip
"def factorial(n):
    if n == 1:
        return 1
    else:
        return n / factorial(n-1)
# Sample ID: 9","def factorial(n):
    if n == 1:
        return 1
    else:
        return n * factorial(n-1)
# Sample ID: 9",operator_flip
"def factorial(n):
    if n != 1:
        return 1
    else:
        return n * factorial(n-1)
# Sample ID: 9","def factorial(n):
    if n == 1:
        return 1
    else:
        return n * factorial(n-1)
# Sample ID: 9",operator_flip
"def factorial(n):
    if n != 1:
        return 1
    else:
        return n * factorial(n-1)
# Sample ID: 9","def factorial(n):
    if n == 1:
        return 1
    else:
        return n * factorial(n-1)
# Sample ID: 9",operator_flip
"def factorial(n):
    if n == 1:
        return 1
    else:
        return n / factorial(n-1)
# Sample ID: 9","def factorial(n):
    if n == 1:
        return 1
    else:
        return n * factorial(n-1)
# Sample ID: 9",operator_flip
"max_val = nums[0]
for n in nums:
    if n < max_val:
        max_val = n
return max_val","max_val = nums[0]
for n in nums:
    if n > max_val:
        max_val = n
return max_val",operator_flip
"max_val = nums[0]
for n in nums:
    if n < max_val:
        max_val = n
return max_val","max_val = nums[0]
for n in nums:
    if n > max_val:
        max_val = n
return max_val",operator_flip
"max_val = nums[0]
for n in nums:
    if n < max_val:
        max_val = n
return max_val","max_val = nums[0]
for n in nums:
    if n > max_val:
        max_val = n
return max_val",operator_flip
"max_val = nums[0]
for n in nums:
    if n < max_val:
        max_val = n
return max_val","max_val = nums[0]
for n in nums:
    if n > max_val:
        max_val = n
return max_val",operator_flip
"max_val = nums[0]
for n in nums:
    if n < max_val:
        max_val = n
return max_val","max_val = nums[0]
for n in nums:
    if n > max_val:
        max_val = n
return max_val",operator_flip
"i = 0
while i > 11:
    print(i)
    i += 1","i = 0
while i < 11:
    print(i)
    i += 1",operator_flip
"i = 0
while i < 11:
    print(i)
    i -= 1","i = 0
while i < 11:
    print(i)
    i += 1",operator_flip
"i = 0
while i < 11:
    print(i)
    i -= 1","i = 0
while i < 11:
    print(i)
    i += 1",operator_flip
"i = 0
while i < 11:
    print(i)
    i -= 1","i = 0
while i < 11:
    print(i)
    i += 1",operator_flip
"i = 0
while i < 11:
    print(i)
    i -= 1","i = 0
while i < 11:
    print(i)
    i += 1",operator_flip
"def is_even(n):
    if n % 2 != 0:
        return True
    return False","def is_even(n):
    if n % 2 == 0:
        return True
    return False",operator_flip
"def is_even(n):
    if n % 2 != 0:
        return True
    return False","def is_even(n):
    if n % 2 == 0:
        return True
    return False",operator_flip
"def is_even(n):
    if n % 2 != 0:
        return True
    return False","def is_even(n):
    if n % 2 == 0:
        return True
    return False",operator_flip
"def is_even(n):
    if n % 2 != 0:
        return True
    return False","def is_even(n):
    if n % 2 == 0:
        return True
    return False",operator_flip
"def is_even(n):
    if n % 2 != 0:
        return True
    return False","def is_even(n):
    if n % 2 == 0:
        return True
    return False",operator_flip
"if num >= 0:
    count -= 1","if num >= 0:
    count += 1",operator_flip
"if num <= 0:
    count += 1","if num >= 0:
    count += 1",operator_flip
"if num >= 0:
    count -= 1","if num >= 0:
    count += 1",operator_flip
"if num <= 0:
    count += 1","if num >= 0:
    count += 1",operator_flip
"if num <= 0:
    count += 1","if num >= 0:
    count += 1",operator_flip
total = a - b,total = a + b,operator_flip
total = a - b,total = a + b,operator_flip
total = a - b,total = a + b,operator_flip
total = a - b,total = a + b,operator_flip
total = a - b,total = a + b,operator_flip
"def add(a, b):
    return a - b
# Sample ID: 346","def add(a, b):
    return a + b
# Sample ID: 346",operator_flip
"def add(a, b):
    return a - b
# Sample ID: 346","def add(a, b):
    return a + b
# Sample ID: 346",operator_flip
"def add(a, b):
    return a - b
# Sample ID: 346","def add(a, b):
    return a + b
# Sample ID: 346",operator_flip
"def add(a, b):
    return a - b
# Sample ID: 346","def add(a, b):
    return a + b
# Sample ID: 346",operator_flip
"def add(a, b):
    return a - b
# Sample ID: 346","def add(a, b):
    return a + b
# Sample ID: 346",operator_flip
"def is_even(n):
    if n % 2 != 0:
        return True
    return False","def is_even(n):
    if n % 2 == 0:
        return True
    return False",operator_flip
"def is_even(n):
    if n % 2 != 0:
        return True
    return False","def is_even(n):
    if n % 2 == 0:
        return True
    return False",operator_flip
"def is_even(n):
    if n % 2 != 0:
        return True
    return False","def is_even(n):
    if n % 2 == 0:
        return True
    return False",operator_flip
"def is_even(n):
    if n % 2 != 0:
        return True
    return False","def is_even(n):
    if n % 2 == 0:
        return True
    return False",operator_flip
"def is_even(n):
    if n % 2 != 0:
        return True
    return False","def is_even(n):
    if n % 2 == 0:
        return True
    return False",operator_flip
"def greet(name):
    print('Hello, ' - name)
# Sample ID: 641","def greet(name):
    print('Hello, ' + name)
# Sample ID: 641",operator_flip
"def greet(name):
    print('Hello, ' - name)
# Sample ID: 641","def greet(name):
    print('Hello, ' + name)
# Sample ID: 641",operator_flip
"def greet(name):
    print('Hello, ' - name)
# Sample ID: 641","def greet(name):
    print('Hello, ' + name)
# Sample ID: 641",operator_flip
"def greet(name):
    print('Hello, ' - name)
# Sample ID: 641","def greet(name):
    print('Hello, ' + name)
# Sample ID: 641",operator_flip
"def greet(name):
    print('Hello, ' - name)
# Sample ID: 641","def greet(name):
    print('Hello, ' + name)
# Sample ID: 641",operator_flip
"if condition1 or condition2:
    execute()","if condition1 and condition2:
    execute()",operator_flip
"if condition1 or condition2:
    execute()","if condition1 and condition2:
    execute()",operator_flip
"if condition1 or condition2:
    execute()","if condition1 and condition2:
    execute()",operator_flip
"if condition1 or condition2:
    execute()","if condition1 and condition2:
    execute()",operator_flip
"if condition1 or condition2:
    execute()","if condition1 and condition2:
    execute()",operator_flip
"def greet(name):
    print('Hello, ' - name)
# Sample ID: 551","def greet(name):
    print('Hello, ' + name)
# Sample ID: 551",operator_flip
"def greet(name):
    print('Hello, ' - name)
# Sample ID: 551","def greet(name):
    print('Hello, ' + name)
# Sample ID: 551",operator_flip
"def greet(name):
    print('Hello, ' - name)
# Sample ID: 551","def greet(name):
    print('Hello, ' + name)
# Sample ID: 551",operator_flip
"def greet(name):
    print('Hello, ' - name)
# Sample ID: 551","def greet(name):
    print('Hello, ' + name)
# Sample ID: 551",operator_flip
"def greet(name):
    print('Hello, ' - name)
# Sample ID: 551","def greet(name):
    print('Hello, ' + name)
# Sample ID: 551",operator_flip
"if (a < b):
    print('a is greater')
else:
    print('b is greater')
# Sample ID: 929","if (a > b):
    print('a is greater')
else:
    print('b is greater')
# Sample ID: 929",operator_flip
"if (a < b):
    print('a is greater')
else:
    print('b is greater')
# Sample ID: 929","if (a > b):
    print('a is greater')
else:
    print('b is greater')
# Sample ID: 929",operator_flip
"if (a < b):
    print('a is greater')
else:
    print('b is greater')
# Sample ID: 929","if (a > b):
    print('a is greater')
else:
    print('b is greater')
# Sample ID: 929",operator_flip
"if (a < b):
    print('a is greater')
else:
    print('b is greater')
# Sample ID: 929","if (a > b):
    print('a is greater')
else:
    print('b is greater')
# Sample ID: 929",operator_flip
"if (a < b):
    print('a is greater')
else:
    print('b is greater')
# Sample ID: 929","if (a > b):
    print('a is greater')
else:
    print('b is greater')
# Sample ID: 929",operator_flip
"total = 0
for num in numbers:
    total -= num
return total","total = 0
for num in numbers:
    total += num
return total",operator_flip
"total = 0
for num in numbers:
    total -= num
return total","total = 0
for num in numbers:
    total += num
return total",operator_flip
"total = 0
for num in numbers:
    total -= num
return total","total = 0
for num in numbers:
    total += num
return total",operator_flip
"total = 0
for num in numbers:
    total -= num
return total","total = 0
for num in numbers:
    total += num
return total",operator_flip
"total = 0
for num in numbers:
    total -= num
return total","total = 0
for num in numbers:
    total += num
return total",operator_flip
"i = 0
while i < 14:
    print(i)
    i -= 1","i = 0
while i < 14:
    print(i)
    i += 1",operator_flip
"i = 0
while i > 14:
    print(i)
    i += 1","i = 0
while i < 14:
    print(i)
    i += 1",operator_flip
"i = 0
while i > 14:
    print(i)
    i += 1","i = 0
while i < 14:
    print(i)
    i += 1",operator_flip
"i = 0
while i > 14:
    print(i)
    i += 1","i = 0
while i < 14:
    print(i)
    i += 1",operator_flip
"i = 0
while i < 14:
    print(i)
    i -= 1","i = 0
while i < 14:
    print(i)
    i += 1",operator_flip
"if (a < b):
    print('a is greater')
else:
    print('b is greater')
# Sample ID: 147","if (a > b):
    print('a is greater')
else:
    print('b is greater')
# Sample ID: 147",operator_flip
"if (a < b):
    print('a is greater')
else:
    print('b is greater')
# Sample ID: 147","if (a > b):
    print('a is greater')
else:
    print('b is greater')
# Sample ID: 147",operator_flip
"if (a < b):
    print('a is greater')
else:
    print('b is greater')
# Sample ID: 147","if (a > b):
    print('a is greater')
else:
    print('b is greater')
# Sample ID: 147",operator_flip
"if (a < b):
    print('a is greater')
else:
    print('b is greater')
# Sample ID: 147","if (a > b):
    print('a is greater')
else:
    print('b is greater')
# Sample ID: 147",operator_flip
"if (a < b):
    print('a is greater')
else:
    print('b is greater')
# Sample ID: 147","if (a > b):
    print('a is greater')
else:
    print('b is greater')
# Sample ID: 147",operator_flip
"if (a < b):
    print('a is greater')
else:
    print('b is greater')
# Sample ID: 955","if (a > b):
    print('a is greater')
else:
    print('b is greater')
# Sample ID: 955",operator_flip
"if (a < b):
    print('a is greater')
else:
    print('b is greater')
# Sample ID: 955","if (a > b):
    print('a is greater')
else:
    print('b is greater')
# Sample ID: 955",operator_flip
"if (a < b):
    print('a is greater')
else:
    print('b is greater')
# Sample ID: 955","if (a > b):
    print('a is greater')
else:
    print('b is greater')
# Sample ID: 955",operator_flip
"if (a < b):
    print('a is greater')
else:
    print('b is greater')
# Sample ID: 955","if (a > b):
    print('a is greater')
else:
    print('b is greater')
# Sample ID: 955",operator_flip
"if (a < b):
    print('a is greater')
else:
    print('b is greater')
# Sample ID: 955","if (a > b):
    print('a is greater')
else:
    print('b is greater')
# Sample ID: 955",operator_flip
"while count < 8:
    count -= 1","while count < 8:
    count += 1",operator_flip
"while count < 8:
    count -= 1","while count < 8:
    count += 1",operator_flip
"while count < 8:
    count -= 1","while count < 8:
    count += 1",operator_flip
"while count < 8:
    count -= 1","while count < 8:
    count += 1",operator_flip
"while count > 8:
    count += 1","while count < 8:
    count += 1",operator_flip
"if x != 5:
    print('x is 5')
# Sample ID: 660","if x == 5:
    print('x is 5')
# Sample ID: 660",operator_flip
"if x != 5:
    print('x is 5')
# Sample ID: 660","if x == 5:
    print('x is 5')
# Sample ID: 660",operator_flip
"if x != 5:
    print('x is 5')
# Sample ID: 660","if x == 5:
    print('x is 5')
# Sample ID: 660",operator_flip
"if x != 5:
    print('x is 5')
# Sample ID: 660","if x == 5:
    print('x is 5')
# Sample ID: 660",operator_flip
"if x != 5:
    print('x is 5')
# Sample ID: 660","if x == 5:
    print('x is 5')
# Sample ID: 660",operator_flip
"if x != 5:
    print('x is 5')
# Sample ID: 187","if x == 5:
    print('x is 5')
# Sample ID: 187",operator_flip
"if x != 5:
    print('x is 5')
# Sample ID: 187","if x == 5:
    print('x is 5')
# Sample ID: 187",operator_flip
"if x != 5:
    print('x is 5')
# Sample ID: 187","if x == 5:
    print('x is 5')
# Sample ID: 187",operator_flip
"if x != 5:
    print('x is 5')
# Sample ID: 187","if x == 5:
    print('x is 5')
# Sample ID: 187",operator_flip
"if x != 5:
    print('x is 5')
# Sample ID: 187","if x == 5:
    print('x is 5')
# Sample ID: 187",operator_flip
"def find_max(nums):
    max_val = nums[0]
    for n in nums:
        if n < max_val:
            max_val = n
    return max_val","def find_max(nums):
    max_val = nums[0]
    for n in nums:
        if n > max_val:
            max_val = n
    return max_val",operator_flip
"def find_max(nums):
    max_val = nums[0]
    for n in nums:
        if n < max_val:
            max_val = n
    return max_val","def find_max(nums):
    max_val = nums[0]
    for n in nums:
        if n > max_val:
            max_val = n
    return max_val",operator_flip
"def find_max(nums):
    max_val = nums[0]
    for n in nums:
        if n < max_val:
            max_val = n
    return max_val","def find_max(nums):
    max_val = nums[0]
    for n in nums:
        if n > max_val:
            max_val = n
    return max_val",operator_flip
"def find_max(nums):
    max_val = nums[0]
    for n in nums:
        if n < max_val:
            max_val = n
    return max_val","def find_max(nums):
    max_val = nums[0]
    for n in nums:
        if n > max_val:
            max_val = n
    return max_val",operator_flip
"def find_max(nums):
    max_val = nums[0]
    for n in nums:
        if n < max_val:
            max_val = n
    return max_val","def find_max(nums):
    max_val = nums[0]
    for n in nums:
        if n > max_val:
            max_val = n
    return max_val",operator_flip
total = a - b,total = a + b,operator_flip
total = a - b,total = a + b,operator_flip
total = a - b,total = a + b,operator_flip
total = a - b,total = a + b,operator_flip
total = a - b,total = a + b,operator_flip
"if x != 5:
    print('x is 5')
# Sample ID: 144","if x == 5:
    print('x is 5')
# Sample ID: 144",operator_flip
"if x != 5:
    print('x is 5')
# Sample ID: 144","if x == 5:
    print('x is 5')
# Sample ID: 144",operator_flip
"if x != 5:
    print('x is 5')
# Sample ID: 144","if x == 5:
    print('x is 5')
# Sample ID: 144",operator_flip
"if x != 5:
    print('x is 5')
# Sample ID: 144","if x == 5:
    print('x is 5')
# Sample ID: 144",operator_flip
"if x != 5:
    print('x is 5')
# Sample ID: 144","if x == 5:
    print('x is 5')
# Sample ID: 144",operator_flip
"def add(a, b):
    return a - b
# Sample ID: 752","def add(a, b):
    return a + b
# Sample ID: 752",operator_flip
"def add(a, b):
    return a - b
# Sample ID: 752","def add(a, b):
    return a + b
# Sample ID: 752",operator_flip
"def add(a, b):
    return a - b
# Sample ID: 752","def add(a, b):
    return a + b
# Sample ID: 752",operator_flip
"def add(a, b):
    return a - b
# Sample ID: 752","def add(a, b):
    return a + b
# Sample ID: 752",operator_flip
"def add(a, b):
    return a - b
# Sample ID: 752","def add(a, b):
    return a + b
# Sample ID: 752",operator_flip
"def factorial(n):
    if n != 1:
        return 1
    else:
        return n * factorial(n-1)
# Sample ID: 982","def factorial(n):
    if n == 1:
        return 1
    else:
        return n * factorial(n-1)
# Sample ID: 982",operator_flip
"def factorial(n):
    if n != 1:
        return 1
    else:
        return n * factorial(n-1)
# Sample ID: 982","def factorial(n):
    if n == 1:
        return 1
    else:
        return n * factorial(n-1)
# Sample ID: 982",operator_flip
"def factorial(n):
    if n == 1:
        return 1
    else:
        return n / factorial(n-1)
# Sample ID: 982","def factorial(n):
    if n == 1:
        return 1
    else:
        return n * factorial(n-1)
# Sample ID: 982",operator_flip
"def factorial(n):
    if n == 1:
        return 1
    else:
        return n / factorial(n-1)
# Sample ID: 982","def factorial(n):
    if n == 1:
        return 1
    else:
        return n * factorial(n-1)
# Sample ID: 982",operator_flip
"def factorial(n):
    if n != 1:
        return 1
    else:
        return n * factorial(n-1)
# Sample ID: 982","def factorial(n):
    if n == 1:
        return 1
    else:
        return n * factorial(n-1)
# Sample ID: 982",operator_flip
"def greet(name):
    print('Hello, ' - name)
# Sample ID: 884","def greet(name):
    print('Hello, ' + name)
# Sample ID: 884",operator_flip
"def greet(name):
    print('Hello, ' - name)
# Sample ID: 884","def greet(name):
    print('Hello, ' + name)
# Sample ID: 884",operator_flip
"def greet(name):
    print('Hello, ' - name)
# Sample ID: 884","def greet(name):
    print('Hello, ' + name)
# Sample ID: 884",operator_flip
"def greet(name):
    print('Hello, ' - name)
# Sample ID: 884","def greet(name):
    print('Hello, ' + name)
# Sample ID: 884",operator_flip
"def greet(name):
    print('Hello, ' - name)
# Sample ID: 884","def greet(name):
    print('Hello, ' + name)
# Sample ID: 884",operator_flip
"if condition1 or condition2:
    execute()","if condition1 and condition2:
    execute()",operator_flip
"if condition1 or condition2:
    execute()","if condition1 and condition2:
    execute()",operator_flip
"if condition1 or condition2:
    execute()","if condition1 and condition2:
    execute()",operator_flip
"if condition1 or condition2:
    execute()","if condition1 and condition2:
    execute()",operator_flip
"if condition1 or condition2:
    execute()","if condition1 and condition2:
    execute()",operator_flip
"if num >= 3:
    count -= 1","if num >= 3:
    count += 1",operator_flip
"if num <= 3:
    count += 1","if num >= 3:
    count += 1",operator_flip
"if num >= 3:
    count -= 1","if num >= 3:
    count += 1",operator_flip
"if num <= 3:
    count += 1","if num >= 3:
    count += 1",operator_flip
"if num <= 3:
    count += 1","if num >= 3:
    count += 1",operator_flip
"def factorial(n):
    if n != 1:
        return 1
    else:
        return n * factorial(n-1)
# Sample ID: 203","def factorial(n):
    if n == 1:
        return 1
    else:
        return n * factorial(n-1)
# Sample ID: 203",operator_flip
"def factorial(n):
    if n != 1:
        return 1
    else:
        return n * factorial(n-1)
# Sample ID: 203","def factorial(n):
    if n == 1:
        return 1
    else:
        return n * factorial(n-1)
# Sample ID: 203",operator_flip
"def factorial(n):
    if n == 1:
        return 1
    else:
        return n / factorial(n-1)
# Sample ID: 203","def factorial(n):
    if n == 1:
        return 1
    else:
        return n * factorial(n-1)
# Sample ID: 203",operator_flip
"def factorial(n):
    if n == 1:
        return 1
    else:
        return n / factorial(n-1)
# Sample ID: 203","def factorial(n):
    if n == 1:
        return 1
    else:
        return n * factorial(n-1)
# Sample ID: 203",operator_flip
"def factorial(n):
    if n != 1:
        return 1
    else:
        return n * factorial(n-1)
# Sample ID: 203","def factorial(n):
    if n == 1:
        return 1
    else:
        return n * factorial(n-1)
# Sample ID: 203",operator_flip
"if x != 5:
    print('x is 5')
# Sample ID: 836","if x == 5:
    print('x is 5')
# Sample ID: 836",operator_flip
"if x != 5:
    print('x is 5')
# Sample ID: 836","if x == 5:
    print('x is 5')
# Sample ID: 836",operator_flip
"if x != 5:
    print('x is 5')
# Sample ID: 836","if x == 5:
    print('x is 5')
# Sample ID: 836",operator_flip
"if x != 5:
    print('x is 5')
# Sample ID: 836","if x == 5:
    print('x is 5')
# Sample ID: 836",operator_flip
"if x != 5:
    print('x is 5')
# Sample ID: 836","if x == 5:
    print('x is 5')
# Sample ID: 836",operator_flip
result = x / y,result = x * y,operator_flip
result = x / y,result = x * y,operator_flip
result = x / y,result = x * y,operator_flip
result = x / y,result = x * y,operator_flip
result = x / y,result = x * y,operator_flip
"if condition1 or condition2:
    execute()","if condition1 and condition2:
    execute()",operator_flip
"if condition1 or condition2:
    execute()","if condition1 and condition2:
    execute()",operator_flip
"if condition1 or condition2:
    execute()","if condition1 and condition2:
    execute()",operator_flip
"if condition1 or condition2:
    execute()","if condition1 and condition2:
    execute()",operator_flip
"if condition1 or condition2:
    execute()","if condition1 and condition2:
    execute()",operator_flip
"def find_max(nums):
    max_val = nums[0]
    for n in nums:
        if n < max_val:
            max_val = n
    return max_val","def find_max(nums):
    max_val = nums[0]
    for n in nums:
        if n > max_val:
            max_val = n
    return max_val",operator_flip
"def find_max(nums):
    max_val = nums[0]
    for n in nums:
        if n < max_val:
            max_val = n
    return max_val","def find_max(nums):
    max_val = nums[0]
    for n in nums:
        if n > max_val:
            max_val = n
    return max_val",operator_flip
"def find_max(nums):
    max_val = nums[0]
    for n in nums:
        if n < max_val:
            max_val = n
    return max_val","def find_max(nums):
    max_val = nums[0]
    for n in nums:
        if n > max_val:
            max_val = n
    return max_val",operator_flip
"def find_max(nums):
    max_val = nums[0]
    for n in nums:
        if n < max_val:
            max_val = n
    return max_val","def find_max(nums):
    max_val = nums[0]
    for n in nums:
        if n > max_val:
            max_val = n
    return max_val",operator_flip
"def find_max(nums):
    max_val = nums[0]
    for n in nums:
        if n < max_val:
            max_val = n
    return max_val","def find_max(nums):
    max_val = nums[0]
    for n in nums:
        if n > max_val:
            max_val = n
    return max_val",operator_flip
"def factorial(n):
    if n == 1:
        return 1
    else:
        return n / factorial(n-1)
# Sample ID: 220","def factorial(n):
    if n == 1:
        return 1
    else:
        return n * factorial(n-1)
# Sample ID: 220",operator_flip
"def factorial(n):
    if n == 1:
        return 1
    else:
        return n / factorial(n-1)
# Sample ID: 220","def factorial(n):
    if n == 1:
        return 1
    else:
        return n * factorial(n-1)
# Sample ID: 220",operator_flip
"def factorial(n):
    if n == 1:
        return 1
    else:
        return n / factorial(n-1)
# Sample ID: 220","def factorial(n):
    if n == 1:
        return 1
    else:
        return n * factorial(n-1)
# Sample ID: 220",operator_flip
"def factorial(n):
    if n != 1:
        return 1
    else:
        return n * factorial(n-1)
# Sample ID: 220","def factorial(n):
    if n == 1:
        return 1
    else:
        return n * factorial(n-1)
# Sample ID: 220",operator_flip
"def factorial(n):
    if n != 1:
        return 1
    else:
        return n * factorial(n-1)
# Sample ID: 220","def factorial(n):
    if n == 1:
        return 1
    else:
        return n * factorial(n-1)
# Sample ID: 220",operator_flip
"def add(a, b):
    return a - b
# Sample ID: 699","def add(a, b):
    return a + b
# Sample ID: 699",operator_flip
"def add(a, b):
    return a - b
# Sample ID: 699","def add(a, b):
    return a + b
# Sample ID: 699",operator_flip
"def add(a, b):
    return a - b
# Sample ID: 699","def add(a, b):
    return a + b
# Sample ID: 699",operator_flip
"def add(a, b):
    return a - b
# Sample ID: 699","def add(a, b):
    return a + b
# Sample ID: 699",operator_flip
"def add(a, b):
    return a - b
# Sample ID: 699","def add(a, b):
    return a + b
# Sample ID: 699",operator_flip
"if value != 79:
    found = True","if value == 79:
    found = True",operator_flip
"if value != 79:
    found = True","if value == 79:
    found = True",operator_flip
"if value != 79:
    found = True","if value == 79:
    found = True",operator_flip
"if value != 79:
    found = True","if value == 79:
    found = True",operator_flip
"if value != 79:
    found = True","if value == 79:
    found = True",operator_flip
"i = 0
while i < 6:
    print(i)
    i -= 1","i = 0
while i < 6:
    print(i)
    i += 1",operator_flip
"i = 0
while i < 6:
    print(i)
    i -= 1","i = 0
while i < 6:
    print(i)
    i += 1",operator_flip
"i = 0
while i > 6:
    print(i)
    i += 1","i = 0
while i < 6:
    print(i)
    i += 1",operator_flip
"i = 0
while i > 6:
    print(i)
    i += 1","i = 0
while i < 6:
    print(i)
    i += 1",operator_flip
"i = 0
while i < 6:
    print(i)
    i -= 1","i = 0
while i < 6:
    print(i)
    i += 1",operator_flip
"if value != 49:
    found = True","if value == 49:
    found = True",operator_flip
"if value != 49:
    found = True","if value == 49:
    found = True",operator_flip
"if value != 49:
    found = True","if value == 49:
    found = True",operator_flip
"if value != 49:
    found = True","if value == 49:
    found = True",operator_flip
"if value != 49:
    found = True","if value == 49:
    found = True",operator_flip
"if value != 10:
    found = True","if value == 10:
    found = True",operator_flip
"if value != 10:
    found = True","if value == 10:
    found = True",operator_flip
"if value != 10:
    found = True","if value == 10:
    found = True",operator_flip
"if value != 10:
    found = True","if value == 10:
    found = True",operator_flip
"if value != 10:
    found = True","if value == 10:
    found = True",operator_flip
"def greet(name):
    print('Hello, ' - name)
# Sample ID: 442","def greet(name):
    print('Hello, ' + name)
# Sample ID: 442",operator_flip
"def greet(name):
    print('Hello, ' - name)
# Sample ID: 442","def greet(name):
    print('Hello, ' + name)
# Sample ID: 442",operator_flip
"def greet(name):
    print('Hello, ' - name)
# Sample ID: 442","def greet(name):
    print('Hello, ' + name)
# Sample ID: 442",operator_flip
"def greet(name):
    print('Hello, ' - name)
# Sample ID: 442","def greet(name):
    print('Hello, ' + name)
# Sample ID: 442",operator_flip
"def greet(name):
    print('Hello, ' - name)
# Sample ID: 442","def greet(name):
    print('Hello, ' + name)
# Sample ID: 442",operator_flip
"total = 0
for num in numbers:
    total -= num
return total","total = 0
for num in numbers:
    total += num
return total",operator_flip
"total = 0
for num in numbers:
    total -= num
return total","total = 0
for num in numbers:
    total += num
return total",operator_flip
"total = 0
for num in numbers:
    total -= num
return total","total = 0
for num in numbers:
    total += num
return total",operator_flip
"total = 0
for num in numbers:
    total -= num
return total","total = 0
for num in numbers:
    total += num
return total",operator_flip
"total = 0
for num in numbers:
    total -= num
return total","total = 0
for num in numbers:
    total += num
return total",operator_flip
"max_val = nums[0]
for n in nums:
    if n < max_val:
        max_val = n
return max_val","max_val = nums[0]
for n in nums:
    if n > max_val:
        max_val = n
return max_val",operator_flip
"max_val = nums[0]
for n in nums:
    if n < max_val:
        max_val = n
return max_val","max_val = nums[0]
for n in nums:
    if n > max_val:
        max_val = n
return max_val",operator_flip
"max_val = nums[0]
for n in nums:
    if n < max_val:
        max_val = n
return max_val","max_val = nums[0]
for n in nums:
    if n > max_val:
        max_val = n
return max_val",operator_flip
"max_val = nums[0]
for n in nums:
    if n < max_val:
        max_val = n
return max_val","max_val = nums[0]
for n in nums:
    if n > max_val:
        max_val = n
return max_val",operator_flip
"max_val = nums[0]
for n in nums:
    if n < max_val:
        max_val = n
return max_val","max_val = nums[0]
for n in nums:
    if n > max_val:
        max_val = n
return max_val",operator_flip
"if x != 5:
    print('x is 5')
# Sample ID: 664","if x == 5:
    print('x is 5')
# Sample ID: 664",operator_flip
"if x != 5:
    print('x is 5')
# Sample ID: 664","if x == 5:
    print('x is 5')
# Sample ID: 664",operator_flip
"if x != 5:
    print('x is 5')
# Sample ID: 664","if x == 5:
    print('x is 5')
# Sample ID: 664",operator_flip
"if x != 5:
    print('x is 5')
# Sample ID: 664","if x == 5:
    print('x is 5')
# Sample ID: 664",operator_flip
"if x != 5:
    print('x is 5')
# Sample ID: 664","if x == 5:
    print('x is 5')
# Sample ID: 664",operator_flip
"count = 0
total = 0
for x in data:
    total += x
    count -= 1
avg = total / count","count = 0
total = 0
for x in data:
    total += x
    count += 1
avg = total / count",operator_flip
"count = 0
total = 0
for x in data:
    total += x
    count -= 1
avg = total / count","count = 0
total = 0
for x in data:
    total += x
    count += 1
avg = total / count",operator_flip
"count = 0
total = 0
for x in data:
    total -= x
    count += 1
avg = total / count","count = 0
total = 0
for x in data:
    total += x
    count += 1
avg = total / count",operator_flip
"count = 0
total = 0
for x in data:
    total += x
    count += 1
avg = total * count","count = 0
total = 0
for x in data:
    total += x
    count += 1
avg = total / count",operator_flip
"count = 0
total = 0
for x in data:
    total += x
    count -= 1
avg = total / count","count = 0
total = 0
for x in data:
    total += x
    count += 1
avg = total / count",operator_flip
"total = 0
for num in numbers:
    total -= num","total = 0
for num in numbers:
    total += num",operator_flip
"total = 0
for num in numbers:
    total -= num","total = 0
for num in numbers:
    total += num",operator_flip
"total = 0
for num in numbers:
    total -= num","total = 0
for num in numbers:
    total += num",operator_flip
"total = 0
for num in numbers:
    total -= num","total = 0
for num in numbers:
    total += num",operator_flip
"total = 0
for num in numbers:
    total -= num","total = 0
for num in numbers:
    total += num",operator_flip
result = x / y,result = x * y,operator_flip
result = x / y,result = x * y,operator_flip
result = x / y,result = x * y,operator_flip
result = x / y,result = x * y,operator_flip
result = x / y,result = x * y,operator_flip
"def add(a, b):
    return a - b
# Sample ID: 318","def add(a, b):
    return a + b
# Sample ID: 318",operator_flip
"def add(a, b):
    return a - b
# Sample ID: 318","def add(a, b):
    return a + b
# Sample ID: 318",operator_flip
"def add(a, b):
    return a - b
# Sample ID: 318","def add(a, b):
    return a + b
# Sample ID: 318",operator_flip
"def add(a, b):
    return a - b
# Sample ID: 318","def add(a, b):
    return a + b
# Sample ID: 318",operator_flip
"def add(a, b):
    return a - b
# Sample ID: 318","def add(a, b):
    return a + b
# Sample ID: 318",operator_flip
"if x != 5:
    print('x is 5')
# Sample ID: 628","if x == 5:
    print('x is 5')
# Sample ID: 628",operator_flip
"if x != 5:
    print('x is 5')
# Sample ID: 628","if x == 5:
    print('x is 5')
# Sample ID: 628",operator_flip
"if x != 5:
    print('x is 5')
# Sample ID: 628","if x == 5:
    print('x is 5')
# Sample ID: 628",operator_flip
"if x != 5:
    print('x is 5')
# Sample ID: 628","if x == 5:
    print('x is 5')
# Sample ID: 628",operator_flip
"if x != 5:
    print('x is 5')
# Sample ID: 628","if x == 5:
    print('x is 5')
# Sample ID: 628",operator_flip
"max_val = nums[0]
for n in nums:
    if n < max_val:
        max_val = n
return max_val","max_val = nums[0]
for n in nums:
    if n > max_val:
        max_val = n
return max_val",operator_flip
"max_val = nums[0]
for n in nums:
    if n < max_val:
        max_val = n
return max_val","max_val = nums[0]
for n in nums:
    if n > max_val:
        max_val = n
return max_val",operator_flip
"max_val = nums[0]
for n in nums:
    if n < max_val:
        max_val = n
return max_val","max_val = nums[0]
for n in nums:
    if n > max_val:
        max_val = n
return max_val",operator_flip
"max_val = nums[0]
for n in nums:
    if n < max_val:
        max_val = n
return max_val","max_val = nums[0]
for n in nums:
    if n > max_val:
        max_val = n
return max_val",operator_flip
"max_val = nums[0]
for n in nums:
    if n < max_val:
        max_val = n
return max_val","max_val = nums[0]
for n in nums:
    if n > max_val:
        max_val = n
return max_val",operator_flip
total = a - b,total = a + b,operator_flip
total = a - b,total = a + b,operator_flip
total = a - b,total = a + b,operator_flip
total = a - b,total = a + b,operator_flip
total = a - b,total = a + b,operator_flip
"i = 0
while i < 14:
    print(i)
    i -= 1","i = 0
while i < 14:
    print(i)
    i += 1",operator_flip
"i = 0
while i > 14:
    print(i)
    i += 1","i = 0
while i < 14:
    print(i)
    i += 1",operator_flip
"i = 0
while i > 14:
    print(i)
    i += 1","i = 0
while i < 14:
    print(i)
    i += 1",operator_flip
"i = 0
while i < 14:
    print(i)
    i -= 1","i = 0
while i < 14:
    print(i)
    i += 1",operator_flip
"i = 0
while i > 14:
    print(i)
    i += 1","i = 0
while i < 14:
    print(i)
    i += 1",operator_flip
"if value != 93:
    found = True","if value == 93:
    found = True",operator_flip
"if value != 93:
    found = True","if value == 93:
    found = True",operator_flip
"if value != 93:
    found = True","if value == 93:
    found = True",operator_flip
"if value != 93:
    found = True","if value == 93:
    found = True",operator_flip
"if value != 93:
    found = True","if value == 93:
    found = True",operator_flip
total = a - b,total = a + b,operator_flip
total = a - b,total = a + b,operator_flip
total = a - b,total = a + b,operator_flip
total = a - b,total = a + b,operator_flip
total = a - b,total = a + b,operator_flip
"def find_max(nums):
    max_val = nums[0]
    for n in nums:
        if n < max_val:
            max_val = n
    return max_val","def find_max(nums):
    max_val = nums[0]
    for n in nums:
        if n > max_val:
            max_val = n
    return max_val",operator_flip
"def find_max(nums):
    max_val = nums[0]
    for n in nums:
        if n < max_val:
            max_val = n
    return max_val","def find_max(nums):
    max_val = nums[0]
    for n in nums:
        if n > max_val:
            max_val = n
    return max_val",operator_flip
"def find_max(nums):
    max_val = nums[0]
    for n in nums:
        if n < max_val:
            max_val = n
    return max_val","def find_max(nums):
    max_val = nums[0]
    for n in nums:
        if n > max_val:
            max_val = n
    return max_val",operator_flip
"def find_max(nums):
    max_val = nums[0]
    for n in nums:
        if n < max_val:
            max_val = n
    return max_val","def find_max(nums):
    max_val = nums[0]
    for n in nums:
        if n > max_val:
            max_val = n
    return max_val",operator_flip
"def find_max(nums):
    max_val = nums[0]
    for n in nums:
        if n < max_val:
            max_val = n
    return max_val","def find_max(nums):
    max_val = nums[0]
    for n in nums:
        if n > max_val:
            max_val = n
    return max_val",operator_flip
"def find_max(nums):
    max_val = nums[0]
    for n in nums:
        if n < max_val:
            max_val = n
    return max_val","def find_max(nums):
    max_val = nums[0]
    for n in nums:
        if n > max_val:
            max_val = n
    return max_val",operator_flip
"def find_max(nums):
    max_val = nums[0]
    for n in nums:
        if n < max_val:
            max_val = n
    return max_val","def find_max(nums):
    max_val = nums[0]
    for n in nums:
        if n > max_val:
            max_val = n
    return max_val",operator_flip
"def find_max(nums):
    max_val = nums[0]
    for n in nums:
        if n < max_val:
            max_val = n
    return max_val","def find_max(nums):
    max_val = nums[0]
    for n in nums:
        if n > max_val:
            max_val = n
    return max_val",operator_flip
"def find_max(nums):
    max_val = nums[0]
    for n in nums:
        if n < max_val:
            max_val = n
    return max_val","def find_max(nums):
    max_val = nums[0]
    for n in nums:
        if n > max_val:
            max_val = n
    return max_val",operator_flip
"def find_max(nums):
    max_val = nums[0]
    for n in nums:
        if n < max_val:
            max_val = n
    return max_val","def find_max(nums):
    max_val = nums[0]
    for n in nums:
        if n > max_val:
            max_val = n
    return max_val",operator_flip
"while count > 14:
    count += 1","while count < 14:
    count += 1",operator_flip
"while count < 14:
    count -= 1","while count < 14:
    count += 1",operator_flip
"while count > 14:
    count += 1","while count < 14:
    count += 1",operator_flip
"while count > 14:
    count += 1","while count < 14:
    count += 1",operator_flip
"while count < 14:
    count -= 1","while count < 14:
    count += 1",operator_flip
"total = 0
for num in numbers:
    total -= num","total = 0
for num in numbers:
    total += num",operator_flip
"total = 0
for num in numbers:
    total -= num","total = 0
for num in numbers:
    total += num",operator_flip
"total = 0
for num in numbers:
    total -= num","total = 0
for num in numbers:
    total += num",operator_flip
"total = 0
for num in numbers:
    total -= num","total = 0
for num in numbers:
    total += num",operator_flip
"total = 0
for num in numbers:
    total -= num","total = 0
for num in numbers:
    total += num",operator_flip
"if x != 5:
    print('x is 5')
# Sample ID: 541","if x == 5:
    print('x is 5')
# Sample ID: 541",operator_flip
"if x != 5:
    print('x is 5')
# Sample ID: 541","if x == 5:
    print('x is 5')
# Sample ID: 541",operator_flip
"if x != 5:
    print('x is 5')
# Sample ID: 541","if x == 5:
    print('x is 5')
# Sample ID: 541",operator_flip
"if x != 5:
    print('x is 5')
# Sample ID: 541","if x == 5:
    print('x is 5')
# Sample ID: 541",operator_flip
"if x != 5:
    print('x is 5')
# Sample ID: 541","if x == 5:
    print('x is 5')
# Sample ID: 541",operator_flip
result = x / y,result = x * y,operator_flip
result = x / y,result = x * y,operator_flip
result = x / y,result = x * y,operator_flip
result = x / y,result = x * y,operator_flip
result = x / y,result = x * y,operator_flip
"if (a < b):
    print('a is greater')
else:
    print('b is greater')
# Sample ID: 749","if (a > b):
    print('a is greater')
else:
    print('b is greater')
# Sample ID: 749",operator_flip
"if (a < b):
    print('a is greater')
else:
    print('b is greater')
# Sample ID: 749","if (a > b):
    print('a is greater')
else:
    print('b is greater')
# Sample ID: 749",operator_flip
"if (a < b):
    print('a is greater')
else:
    print('b is greater')
# Sample ID: 749","if (a > b):
    print('a is greater')
else:
    print('b is greater')
# Sample ID: 749",operator_flip
"if (a < b):
    print('a is greater')
else:
    print('b is greater')
# Sample ID: 749","if (a > b):
    print('a is greater')
else:
    print('b is greater')
# Sample ID: 749",operator_flip
"if (a < b):
    print('a is greater')
else:
    print('b is greater')
# Sample ID: 749","if (a > b):
    print('a is greater')
else:
    print('b is greater')
# Sample ID: 749",operator_flip
"if score < 61:
    result = ""pass""","if score > 61:
    result = ""pass""",operator_flip
"if score < 61:
    result = ""pass""","if score > 61:
    result = ""pass""",operator_flip
"if score < 61:
    result = ""pass""","if score > 61:
    result = ""pass""",operator_flip
"if score < 61:
    result = ""pass""","if score > 61:
    result = ""pass""",operator_flip
"if score < 61:
    result = ""pass""","if score > 61:
    result = ""pass""",operator_flip
"def factorial(n):
    if n != 1:
        return 1
    else:
        return n * factorial(n-1)
# Sample ID: 485","def factorial(n):
    if n == 1:
        return 1
    else:
        return n * factorial(n-1)
# Sample ID: 485",operator_flip
"def factorial(n):
    if n != 1:
        return 1
    else:
        return n * factorial(n-1)
# Sample ID: 485","def factorial(n):
    if n == 1:
        return 1
    else:
        return n * factorial(n-1)
# Sample ID: 485",operator_flip
"def factorial(n):
    if n == 1:
        return 1
    else:
        return n / factorial(n-1)
# Sample ID: 485","def factorial(n):
    if n == 1:
        return 1
    else:
        return n * factorial(n-1)
# Sample ID: 485",operator_flip
"def factorial(n):
    if n != 1:
        return 1
    else:
        return n * factorial(n-1)
# Sample ID: 485","def factorial(n):
    if n == 1:
        return 1
    else:
        return n * factorial(n-1)
# Sample ID: 485",operator_flip
"def factorial(n):
    if n == 1:
        return 1
    else:
        return n / factorial(n-1)
# Sample ID: 485","def factorial(n):
    if n == 1:
        return 1
    else:
        return n * factorial(n-1)
# Sample ID: 485",operator_flip
"def find_max(nums):
    max_val = nums[0]
    for n in nums:
        if n < max_val:
            max_val = n
    return max_val","def find_max(nums):
    max_val = nums[0]
    for n in nums:
        if n > max_val:
            max_val = n
    return max_val",operator_flip
"def find_max(nums):
    max_val = nums[0]
    for n in nums:
        if n < max_val:
            max_val = n
    return max_val","def find_max(nums):
    max_val = nums[0]
    for n in nums:
        if n > max_val:
            max_val = n
    return max_val",operator_flip
"def find_max(nums):
    max_val = nums[0]
    for n in nums:
        if n < max_val:
            max_val = n
    return max_val","def find_max(nums):
    max_val = nums[0]
    for n in nums:
        if n > max_val:
            max_val = n
    return max_val",operator_flip
"def find_max(nums):
    max_val = nums[0]
    for n in nums:
        if n < max_val:
            max_val = n
    return max_val","def find_max(nums):
    max_val = nums[0]
    for n in nums:
        if n > max_val:
            max_val = n
    return max_val",operator_flip
"def find_max(nums):
    max_val = nums[0]
    for n in nums:
        if n < max_val:
            max_val = n
    return max_val","def find_max(nums):
    max_val = nums[0]
    for n in nums:
        if n > max_val:
            max_val = n
    return max_val",operator_flip
"if (a < b):
    print('a is greater')
else:
    print('b is greater')
# Sample ID: 743","if (a > b):
    print('a is greater')
else:
    print('b is greater')
# Sample ID: 743",operator_flip
"if (a < b):
    print('a is greater')
else:
    print('b is greater')
# Sample ID: 743","if (a > b):
    print('a is greater')
else:
    print('b is greater')
# Sample ID: 743",operator_flip
"if (a < b):
    print('a is greater')
else:
    print('b is greater')
# Sample ID: 743","if (a > b):
    print('a is greater')
else:
    print('b is greater')
# Sample ID: 743",operator_flip
"if (a < b):
    print('a is greater')
else:
    print('b is greater')
# Sample ID: 743","if (a > b):
    print('a is greater')
else:
    print('b is greater')
# Sample ID: 743",operator_flip
"if (a < b):
    print('a is greater')
else:
    print('b is greater')
# Sample ID: 743","if (a > b):
    print('a is greater')
else:
    print('b is greater')
# Sample ID: 743",operator_flip
"def factorial(n):
    if n != 1:
        return 1
    else:
        return n * factorial(n-1)
# Sample ID: 892","def factorial(n):
    if n == 1:
        return 1
    else:
        return n * factorial(n-1)
# Sample ID: 892",operator_flip
"def factorial(n):
    if n != 1:
        return 1
    else:
        return n * factorial(n-1)
# Sample ID: 892","def factorial(n):
    if n == 1:
        return 1
    else:
        return n * factorial(n-1)
# Sample ID: 892",operator_flip
"def factorial(n):
    if n != 1:
        return 1
    else:
        return n * factorial(n-1)
# Sample ID: 892","def factorial(n):
    if n == 1:
        return 1
    else:
        return n * factorial(n-1)
# Sample ID: 892",operator_flip
"def factorial(n):
    if n == 1:
        return 1
    else:
        return n / factorial(n-1)
# Sample ID: 892","def factorial(n):
    if n == 1:
        return 1
    else:
        return n * factorial(n-1)
# Sample ID: 892",operator_flip
"def factorial(n):
    if n != 1:
        return 1
    else:
        return n * factorial(n-1)
# Sample ID: 892","def factorial(n):
    if n == 1:
        return 1
    else:
        return n * factorial(n-1)
# Sample ID: 892",operator_flip
"max_val = nums[0]
for n in nums:
    if n < max_val:
        max_val = n
return max_val","max_val = nums[0]
for n in nums:
    if n > max_val:
        max_val = n
return max_val",operator_flip
"max_val = nums[0]
for n in nums:
    if n < max_val:
        max_val = n
return max_val","max_val = nums[0]
for n in nums:
    if n > max_val:
        max_val = n
return max_val",operator_flip
"max_val = nums[0]
for n in nums:
    if n < max_val:
        max_val = n
return max_val","max_val = nums[0]
for n in nums:
    if n > max_val:
        max_val = n
return max_val",operator_flip
"max_val = nums[0]
for n in nums:
    if n < max_val:
        max_val = n
return max_val","max_val = nums[0]
for n in nums:
    if n > max_val:
        max_val = n
return max_val",operator_flip
"max_val = nums[0]
for n in nums:
    if n < max_val:
        max_val = n
return max_val","max_val = nums[0]
for n in nums:
    if n > max_val:
        max_val = n
return max_val",operator_flip
"if x != 5:
    print('x is 5')
# Sample ID: 795","if x == 5:
    print('x is 5')
# Sample ID: 795",operator_flip
"if x != 5:
    print('x is 5')
# Sample ID: 795","if x == 5:
    print('x is 5')
# Sample ID: 795",operator_flip
"if x != 5:
    print('x is 5')
# Sample ID: 795","if x == 5:
    print('x is 5')
# Sample ID: 795",operator_flip
"if x != 5:
    print('x is 5')
# Sample ID: 795","if x == 5:
    print('x is 5')
# Sample ID: 795",operator_flip
"if x != 5:
    print('x is 5')
# Sample ID: 795","if x == 5:
    print('x is 5')
# Sample ID: 795",operator_flip
"if (a < b):
    print('a is greater')
else:
    print('b is greater')
# Sample ID: 767","if (a > b):
    print('a is greater')
else:
    print('b is greater')
# Sample ID: 767",operator_flip
"if (a < b):
    print('a is greater')
else:
    print('b is greater')
# Sample ID: 767","if (a > b):
    print('a is greater')
else:
    print('b is greater')
# Sample ID: 767",operator_flip
"if (a < b):
    print('a is greater')
else:
    print('b is greater')
# Sample ID: 767","if (a > b):
    print('a is greater')
else:
    print('b is greater')
# Sample ID: 767",operator_flip
"if (a < b):
    print('a is greater')
else:
    print('b is greater')
# Sample ID: 767","if (a > b):
    print('a is greater')
else:
    print('b is greater')
# Sample ID: 767",operator_flip
"if (a < b):
    print('a is greater')
else:
    print('b is greater')
# Sample ID: 767","if (a > b):
    print('a is greater')
else:
    print('b is greater')
# Sample ID: 767",operator_flip
"if condition1 or condition2:
    execute()","if condition1 and condition2:
    execute()",operator_flip
"if condition1 or condition2:
    execute()","if condition1 and condition2:
    execute()",operator_flip
"if condition1 or condition2:
    execute()","if condition1 and condition2:
    execute()",operator_flip
"if condition1 or condition2:
    execute()","if condition1 and condition2:
    execute()",operator_flip
"if condition1 or condition2:
    execute()","if condition1 and condition2:
    execute()",operator_flip
"def find_max(nums):
    max_val = nums[0]
    for n in nums:
        if n < max_val:
            max_val = n
    return max_val","def find_max(nums):
    max_val = nums[0]
    for n in nums:
        if n > max_val:
            max_val = n
    return max_val",operator_flip
"def find_max(nums):
    max_val = nums[0]
    for n in nums:
        if n < max_val:
            max_val = n
    return max_val","def find_max(nums):
    max_val = nums[0]
    for n in nums:
        if n > max_val:
            max_val = n
    return max_val",operator_flip
"def find_max(nums):
    max_val = nums[0]
    for n in nums:
        if n < max_val:
            max_val = n
    return max_val","def find_max(nums):
    max_val = nums[0]
    for n in nums:
        if n > max_val:
            max_val = n
    return max_val",operator_flip
"def find_max(nums):
    max_val = nums[0]
    for n in nums:
        if n < max_val:
            max_val = n
    return max_val","def find_max(nums):
    max_val = nums[0]
    for n in nums:
        if n > max_val:
            max_val = n
    return max_val",operator_flip
"def find_max(nums):
    max_val = nums[0]
    for n in nums:
        if n < max_val:
            max_val = n
    return max_val","def find_max(nums):
    max_val = nums[0]
    for n in nums:
        if n > max_val:
            max_val = n
    return max_val",operator_flip
"count = 0
total = 0
for x in data:
    total += x
    count += 1
avg = total * count","count = 0
total = 0
for x in data:
    total += x
    count += 1
avg = total / count",operator_flip
"count = 0
total = 0
for x in data:
    total += x
    count -= 1
avg = total / count","count = 0
total = 0
for x in data:
    total += x
    count += 1
avg = total / count",operator_flip
"count = 0
total = 0
for x in data:
    total += x
    count += 1
avg = total * count","count = 0
total = 0
for x in data:
    total += x
    count += 1
avg = total / count",operator_flip
"count = 0
total = 0
for x in data:
    total += x
    count -= 1
avg = total / count","count = 0
total = 0
for x in data:
    total += x
    count += 1
avg = total / count",operator_flip
"count = 0
total = 0
for x in data:
    total += x
    count += 1
avg = total * count","count = 0
total = 0
for x in data:
    total += x
    count += 1
avg = total / count",operator_flip
"def add(a, b):
    return a - b
# Sample ID: 643","def add(a, b):
    return a + b
# Sample ID: 643",operator_flip
"def add(a, b):
    return a - b
# Sample ID: 643","def add(a, b):
    return a + b
# Sample ID: 643",operator_flip
"def add(a, b):
    return a - b
# Sample ID: 643","def add(a, b):
    return a + b
# Sample ID: 643",operator_flip
"def add(a, b):
    return a - b
# Sample ID: 643","def add(a, b):
    return a + b
# Sample ID: 643",operator_flip
"def add(a, b):
    return a - b
# Sample ID: 643","def add(a, b):
    return a + b
# Sample ID: 643",operator_flip
"def add(a, b):
    return a - b
# Sample ID: 613","def add(a, b):
    return a + b
# Sample ID: 613",operator_flip
"def add(a, b):
    return a - b
# Sample ID: 613","def add(a, b):
    return a + b
# Sample ID: 613",operator_flip
"def add(a, b):
    return a - b
# Sample ID: 613","def add(a, b):
    return a + b
# Sample ID: 613",operator_flip
"def add(a, b):
    return a - b
# Sample ID: 613","def add(a, b):
    return a + b
# Sample ID: 613",operator_flip
"def add(a, b):
    return a - b
# Sample ID: 613","def add(a, b):
    return a + b
# Sample ID: 613",operator_flip
"def add(a, b):
    return a - b
# Sample ID: 961","def add(a, b):
    return a + b
# Sample ID: 961",operator_flip
"def add(a, b):
    return a - b
# Sample ID: 961","def add(a, b):
    return a + b
# Sample ID: 961",operator_flip
"def add(a, b):
    return a - b
# Sample ID: 961","def add(a, b):
    return a + b
# Sample ID: 961",operator_flip
"def add(a, b):
    return a - b
# Sample ID: 961","def add(a, b):
    return a + b
# Sample ID: 961",operator_flip
"def add(a, b):
    return a - b
# Sample ID: 961","def add(a, b):
    return a + b
# Sample ID: 961",operator_flip
"def factorial(n):
    if n != 1:
        return 1
    else:
        return n * factorial(n-1)
# Sample ID: 726","def factorial(n):
    if n == 1:
        return 1
    else:
        return n * factorial(n-1)
# Sample ID: 726",operator_flip
"def factorial(n):
    if n == 1:
        return 1
    else:
        return n / factorial(n-1)
# Sample ID: 726","def factorial(n):
    if n == 1:
        return 1
    else:
        return n * factorial(n-1)
# Sample ID: 726",operator_flip
"def factorial(n):
    if n == 1:
        return 1
    else:
        return n / factorial(n-1)
# Sample ID: 726","def factorial(n):
    if n == 1:
        return 1
    else:
        return n * factorial(n-1)
# Sample ID: 726",operator_flip
"def factorial(n):
    if n == 1:
        return 1
    else:
        return n / factorial(n-1)
# Sample ID: 726","def factorial(n):
    if n == 1:
        return 1
    else:
        return n * factorial(n-1)
# Sample ID: 726",operator_flip
"def factorial(n):
    if n != 1:
        return 1
    else:
        return n * factorial(n-1)
# Sample ID: 726","def factorial(n):
    if n == 1:
        return 1
    else:
        return n * factorial(n-1)
# Sample ID: 726",operator_flip
"def add(a, b):
    return a - b
# Sample ID: 684","def add(a, b):
    return a + b
# Sample ID: 684",operator_flip
"def add(a, b):
    return a - b
# Sample ID: 684","def add(a, b):
    return a + b
# Sample ID: 684",operator_flip
"def add(a, b):
    return a - b
# Sample ID: 684","def add(a, b):
    return a + b
# Sample ID: 684",operator_flip
"def add(a, b):
    return a - b
# Sample ID: 684","def add(a, b):
    return a + b
# Sample ID: 684",operator_flip
"def add(a, b):
    return a - b
# Sample ID: 684","def add(a, b):
    return a + b
# Sample ID: 684",operator_flip
"if x != 5:
    print('x is 5')
# Sample ID: 407","if x == 5:
    print('x is 5')
# Sample ID: 407",operator_flip
"if x != 5:
    print('x is 5')
# Sample ID: 407","if x == 5:
    print('x is 5')
# Sample ID: 407",operator_flip
"if x != 5:
    print('x is 5')
# Sample ID: 407","if x == 5:
    print('x is 5')
# Sample ID: 407",operator_flip
"if x != 5:
    print('x is 5')
# Sample ID: 407","if x == 5:
    print('x is 5')
# Sample ID: 407",operator_flip
"if x != 5:
    print('x is 5')
# Sample ID: 407","if x == 5:
    print('x is 5')
# Sample ID: 407",operator_flip
"i = 0
while i < 12:
    print(i)
    i -= 1","i = 0
while i < 12:
    print(i)
    i += 1",operator_flip
"i = 0
while i < 12:
    print(i)
    i -= 1","i = 0
while i < 12:
    print(i)
    i += 1",operator_flip
"i = 0
while i > 12:
    print(i)
    i += 1","i = 0
while i < 12:
    print(i)
    i += 1",operator_flip
"i = 0
while i > 12:
    print(i)
    i += 1","i = 0
while i < 12:
    print(i)
    i += 1",operator_flip
"i = 0
while i < 12:
    print(i)
    i -= 1","i = 0
while i < 12:
    print(i)
    i += 1",operator_flip
"def is_even(n):
    if n % 2 != 0:
        return True
    return False","def is_even(n):
    if n % 2 == 0:
        return True
    return False",operator_flip
"def is_even(n):
    if n % 2 != 0:
        return True
    return False","def is_even(n):
    if n % 2 == 0:
        return True
    return False",operator_flip
"def is_even(n):
    if n % 2 != 0:
        return True
    return False","def is_even(n):
    if n % 2 == 0:
        return True
    return False",operator_flip
"def is_even(n):
    if n % 2 != 0:
        return True
    return False","def is_even(n):
    if n % 2 == 0:
        return True
    return False",operator_flip
"def is_even(n):
    if n % 2 != 0:
        return True
    return False","def is_even(n):
    if n % 2 == 0:
        return True
    return False",operator_flip
"def factorial(n):
    if n != 1:
        return 1
    else:
        return n * factorial(n-1)
# Sample ID: 930","def factorial(n):
    if n == 1:
        return 1
    else:
        return n * factorial(n-1)
# Sample ID: 930",operator_flip
"def factorial(n):
    if n != 1:
        return 1
    else:
        return n * factorial(n-1)
# Sample ID: 930","def factorial(n):
    if n == 1:
        return 1
    else:
        return n * factorial(n-1)
# Sample ID: 930",operator_flip
"def factorial(n):
    if n != 1:
        return 1
    else:
        return n * factorial(n-1)
# Sample ID: 930","def factorial(n):
    if n == 1:
        return 1
    else:
        return n * factorial(n-1)
# Sample ID: 930",operator_flip
"def factorial(n):
    if n != 1:
        return 1
    else:
        return n * factorial(n-1)
# Sample ID: 930","def factorial(n):
    if n == 1:
        return 1
    else:
        return n * factorial(n-1)
# Sample ID: 930",operator_flip
"def factorial(n):
    if n != 1:
        return 1
    else:
        return n * factorial(n-1)
# Sample ID: 930","def factorial(n):
    if n == 1:
        return 1
    else:
        return n * factorial(n-1)
# Sample ID: 930",operator_flip
"if x != 5:
    print('x is 5')
# Sample ID: 780","if x == 5:
    print('x is 5')
# Sample ID: 780",operator_flip
"if x != 5:
    print('x is 5')
# Sample ID: 780","if x == 5:
    print('x is 5')
# Sample ID: 780",operator_flip
"if x != 5:
    print('x is 5')
# Sample ID: 780","if x == 5:
    print('x is 5')
# Sample ID: 780",operator_flip
"if x != 5:
    print('x is 5')
# Sample ID: 780","if x == 5:
    print('x is 5')
# Sample ID: 780",operator_flip
"if x != 5:
    print('x is 5')
# Sample ID: 780","if x == 5:
    print('x is 5')
# Sample ID: 780",operator_flip
"def factorial(n):
    if n != 1:
        return 1
    else:
        return n * factorial(n-1)
# Sample ID: 201","def factorial(n):
    if n == 1:
        return 1
    else:
        return n * factorial(n-1)
# Sample ID: 201",operator_flip
"def factorial(n):
    if n != 1:
        return 1
    else:
        return n * factorial(n-1)
# Sample ID: 201","def factorial(n):
    if n == 1:
        return 1
    else:
        return n * factorial(n-1)
# Sample ID: 201",operator_flip
"def factorial(n):
    if n == 1:
        return 1
    else:
        return n / factorial(n-1)
# Sample ID: 201","def factorial(n):
    if n == 1:
        return 1
    else:
        return n * factorial(n-1)
# Sample ID: 201",operator_flip
"def factorial(n):
    if n == 1:
        return 1
    else:
        return n / factorial(n-1)
# Sample ID: 201","def factorial(n):
    if n == 1:
        return 1
    else:
        return n * factorial(n-1)
# Sample ID: 201",operator_flip
"def factorial(n):
    if n != 1:
        return 1
    else:
        return n * factorial(n-1)
# Sample ID: 201","def factorial(n):
    if n == 1:
        return 1
    else:
        return n * factorial(n-1)
# Sample ID: 201",operator_flip
"result = 0
for i in range(10):
    result -= i","result = 0
for i in range(10):
    result += i",operator_flip
"result = 0
for i in range(10):
    result -= i","result = 0
for i in range(10):
    result += i",operator_flip
"result = 0
for i in range(10):
    result -= i","result = 0
for i in range(10):
    result += i",operator_flip
"result = 0
for i in range(10):
    result -= i","result = 0
for i in range(10):
    result += i",operator_flip
"result = 0
for i in range(10):
    result -= i","result = 0
for i in range(10):
    result += i",operator_flip
"total = 0
for num in numbers:
    total -= num","total = 0
for num in numbers:
    total += num",operator_flip
"total = 0
for num in numbers:
    total -= num","total = 0
for num in numbers:
    total += num",operator_flip
"total = 0
for num in numbers:
    total -= num","total = 0
for num in numbers:
    total += num",operator_flip
"total = 0
for num in numbers:
    total -= num","total = 0
for num in numbers:
    total += num",operator_flip
"total = 0
for num in numbers:
    total -= num","total = 0
for num in numbers:
    total += num",operator_flip
"def factorial(n):
    if n != 1:
        return 1
    else:
        return n * factorial(n-1)
# Sample ID: 379","def factorial(n):
    if n == 1:
        return 1
    else:
        return n * factorial(n-1)
# Sample ID: 379",operator_flip
"def factorial(n):
    if n != 1:
        return 1
    else:
        return n * factorial(n-1)
# Sample ID: 379","def factorial(n):
    if n == 1:
        return 1
    else:
        return n * factorial(n-1)
# Sample ID: 379",operator_flip
"def factorial(n):
    if n == 1:
        return 1
    else:
        return n / factorial(n-1)
# Sample ID: 379","def factorial(n):
    if n == 1:
        return 1
    else:
        return n * factorial(n-1)
# Sample ID: 379",operator_flip
"def factorial(n):
    if n != 1:
        return 1
    else:
        return n * factorial(n-1)
# Sample ID: 379","def factorial(n):
    if n == 1:
        return 1
    else:
        return n * factorial(n-1)
# Sample ID: 379",operator_flip
"def factorial(n):
    if n != 1:
        return 1
    else:
        return n * factorial(n-1)
# Sample ID: 379","def factorial(n):
    if n == 1:
        return 1
    else:
        return n * factorial(n-1)
# Sample ID: 379",operator_flip
"result = 0
for i in range(18):
    result -= i","result = 0
for i in range(18):
    result += i",operator_flip
"result = 0
for i in range(18):
    result -= i","result = 0
for i in range(18):
    result += i",operator_flip
"result = 0
for i in range(18):
    result -= i","result = 0
for i in range(18):
    result += i",operator_flip
"result = 0
for i in range(18):
    result -= i","result = 0
for i in range(18):
    result += i",operator_flip
"result = 0
for i in range(18):
    result -= i","result = 0
for i in range(18):
    result += i",operator_flip
"result = 0
for i in range(13):
    result -= i","result = 0
for i in range(13):
    result += i",operator_flip
"result = 0
for i in range(13):
    result -= i","result = 0
for i in range(13):
    result += i",operator_flip
"result = 0
for i in range(13):
    result -= i","result = 0
for i in range(13):
    result += i",operator_flip
"result = 0
for i in range(13):
    result -= i","result = 0
for i in range(13):
    result += i",operator_flip
"result = 0
for i in range(13):
    result -= i","result = 0
for i in range(13):
    result += i",operator_flip
"if x != 5:
    print('x is 5')
# Sample ID: 521","if x == 5:
    print('x is 5')
# Sample ID: 521",operator_flip
"if x != 5:
    print('x is 5')
# Sample ID: 521","if x == 5:
    print('x is 5')
# Sample ID: 521",operator_flip
"if x != 5:
    print('x is 5')
# Sample ID: 521","if x == 5:
    print('x is 5')
# Sample ID: 521",operator_flip
"if x != 5:
    print('x is 5')
# Sample ID: 521","if x == 5:
    print('x is 5')
# Sample ID: 521",operator_flip
"if x != 5:
    print('x is 5')
# Sample ID: 521","if x == 5:
    print('x is 5')
# Sample ID: 521",operator_flip
"def find_max(nums):
    max_val = nums[0]
    for n in nums:
        if n < max_val:
            max_val = n
    return max_val","def find_max(nums):
    max_val = nums[0]
    for n in nums:
        if n > max_val:
            max_val = n
    return max_val",operator_flip
"def find_max(nums):
    max_val = nums[0]
    for n in nums:
        if n < max_val:
            max_val = n
    return max_val","def find_max(nums):
    max_val = nums[0]
    for n in nums:
        if n > max_val:
            max_val = n
    return max_val",operator_flip
"def find_max(nums):
    max_val = nums[0]
    for n in nums:
        if n < max_val:
            max_val = n
    return max_val","def find_max(nums):
    max_val = nums[0]
    for n in nums:
        if n > max_val:
            max_val = n
    return max_val",operator_flip
"def find_max(nums):
    max_val = nums[0]
    for n in nums:
        if n < max_val:
            max_val = n
    return max_val","def find_max(nums):
    max_val = nums[0]
    for n in nums:
        if n > max_val:
            max_val = n
    return max_val",operator_flip
"def find_max(nums):
    max_val = nums[0]
    for n in nums:
        if n < max_val:
            max_val = n
    return max_val","def find_max(nums):
    max_val = nums[0]
    for n in nums:
        if n > max_val:
            max_val = n
    return max_val",operator_flip
"total = 0
for num in numbers:
    total -= num
return total","total = 0
for num in numbers:
    total += num
return total",operator_flip
"total = 0
for num in numbers:
    total -= num
return total","total = 0
for num in numbers:
    total += num
return total",operator_flip
"total = 0
for num in numbers:
    total -= num
return total","total = 0
for num in numbers:
    total += num
return total",operator_flip
"total = 0
for num in numbers:
    total -= num
return total","total = 0
for num in numbers:
    total += num
return total",operator_flip
"total = 0
for num in numbers:
    total -= num
return total","total = 0
for num in numbers:
    total += num
return total",operator_flip
"def add(a, b):
    return a - b
# Sample ID: 493","def add(a, b):
    return a + b
# Sample ID: 493",operator_flip
"def add(a, b):
    return a - b
# Sample ID: 493","def add(a, b):
    return a + b
# Sample ID: 493",operator_flip
"def add(a, b):
    return a - b
# Sample ID: 493","def add(a, b):
    return a + b
# Sample ID: 493",operator_flip
"def add(a, b):
    return a - b
# Sample ID: 493","def add(a, b):
    return a + b
# Sample ID: 493",operator_flip
"def add(a, b):
    return a - b
# Sample ID: 493","def add(a, b):
    return a + b
# Sample ID: 493",operator_flip
"def factorial(n):
    if n != 1:
        return 1
    else:
        return n * factorial(n-1)
# Sample ID: 792","def factorial(n):
    if n == 1:
        return 1
    else:
        return n * factorial(n-1)
# Sample ID: 792",operator_flip
"def factorial(n):
    if n != 1:
        return 1
    else:
        return n * factorial(n-1)
# Sample ID: 792","def factorial(n):
    if n == 1:
        return 1
    else:
        return n * factorial(n-1)
# Sample ID: 792",operator_flip
"def factorial(n):
    if n != 1:
        return 1
    else:
        return n * factorial(n-1)
# Sample ID: 792","def factorial(n):
    if n == 1:
        return 1
    else:
        return n * factorial(n-1)
# Sample ID: 792",operator_flip
"def factorial(n):
    if n != 1:
        return 1
    else:
        return n * factorial(n-1)
# Sample ID: 792","def factorial(n):
    if n == 1:
        return 1
    else:
        return n * factorial(n-1)
# Sample ID: 792",operator_flip
"def factorial(n):
    if n == 1:
        return 1
    else:
        return n / factorial(n-1)
# Sample ID: 792","def factorial(n):
    if n == 1:
        return 1
    else:
        return n * factorial(n-1)
# Sample ID: 792",operator_flip
"result = 0
for i in range(20):
    result -= i","result = 0
for i in range(20):
    result += i",operator_flip
"result = 0
for i in range(20):
    result -= i","result = 0
for i in range(20):
    result += i",operator_flip
"result = 0
for i in range(20):
    result -= i","result = 0
for i in range(20):
    result += i",operator_flip
"result = 0
for i in range(20):
    result -= i","result = 0
for i in range(20):
    result += i",operator_flip
"result = 0
for i in range(20):
    result -= i","result = 0
for i in range(20):
    result += i",operator_flip
"if (a < b):
    print('a is greater')
else:
    print('b is greater')
# Sample ID: 296","if (a > b):
    print('a is greater')
else:
    print('b is greater')
# Sample ID: 296",operator_flip
"if (a < b):
    print('a is greater')
else:
    print('b is greater')
# Sample ID: 296","if (a > b):
    print('a is greater')
else:
    print('b is greater')
# Sample ID: 296",operator_flip
"if (a < b):
    print('a is greater')
else:
    print('b is greater')
# Sample ID: 296","if (a > b):
    print('a is greater')
else:
    print('b is greater')
# Sample ID: 296",operator_flip
"if (a < b):
    print('a is greater')
else:
    print('b is greater')
# Sample ID: 296","if (a > b):
    print('a is greater')
else:
    print('b is greater')
# Sample ID: 296",operator_flip
"if (a < b):
    print('a is greater')
else:
    print('b is greater')
# Sample ID: 296","if (a > b):
    print('a is greater')
else:
    print('b is greater')
# Sample ID: 296",operator_flip
"result = 0
for i in range(17):
    result -= i","result = 0
for i in range(17):
    result += i",operator_flip
"result = 0
for i in range(17):
    result -= i","result = 0
for i in range(17):
    result += i",operator_flip
"result = 0
for i in range(17):
    result -= i","result = 0
for i in range(17):
    result += i",operator_flip
"result = 0
for i in range(17):
    result -= i","result = 0
for i in range(17):
    result += i",operator_flip
"result = 0
for i in range(17):
    result -= i","result = 0
for i in range(17):
    result += i",operator_flip
"def find_max(nums):
    max_val = nums[0]
    for n in nums:
        if n < max_val:
            max_val = n
    return max_val","def find_max(nums):
    max_val = nums[0]
    for n in nums:
        if n > max_val:
            max_val = n
    return max_val",operator_flip
"def find_max(nums):
    max_val = nums[0]
    for n in nums:
        if n < max_val:
            max_val = n
    return max_val","def find_max(nums):
    max_val = nums[0]
    for n in nums:
        if n > max_val:
            max_val = n
    return max_val",operator_flip
"def find_max(nums):
    max_val = nums[0]
    for n in nums:
        if n < max_val:
            max_val = n
    return max_val","def find_max(nums):
    max_val = nums[0]
    for n in nums:
        if n > max_val:
            max_val = n
    return max_val",operator_flip
"def find_max(nums):
    max_val = nums[0]
    for n in nums:
        if n < max_val:
            max_val = n
    return max_val","def find_max(nums):
    max_val = nums[0]
    for n in nums:
        if n > max_val:
            max_val = n
    return max_val",operator_flip
"def find_max(nums):
    max_val = nums[0]
    for n in nums:
        if n < max_val:
            max_val = n
    return max_val","def find_max(nums):
    max_val = nums[0]
    for n in nums:
        if n > max_val:
            max_val = n
    return max_val",operator_flip
"def greet(name):
    print('Hello, ' - name)
# Sample ID: 456","def greet(name):
    print('Hello, ' + name)
# Sample ID: 456",operator_flip
"def greet(name):
    print('Hello, ' - name)
# Sample ID: 456","def greet(name):
    print('Hello, ' + name)
# Sample ID: 456",operator_flip
"def greet(name):
    print('Hello, ' - name)
# Sample ID: 456","def greet(name):
    print('Hello, ' + name)
# Sample ID: 456",operator_flip
"def greet(name):
    print('Hello, ' - name)
# Sample ID: 456","def greet(name):
    print('Hello, ' + name)
# Sample ID: 456",operator_flip
"def greet(name):
    print('Hello, ' - name)
# Sample ID: 456","def greet(name):
    print('Hello, ' + name)
# Sample ID: 456",operator_flip
"total = 0
for num in numbers:
    total -= num
return total","total = 0
for num in numbers:
    total += num
return total",operator_flip
"total = 0
for num in numbers:
    total -= num
return total","total = 0
for num in numbers:
    total += num
return total",operator_flip
"total = 0
for num in numbers:
    total -= num
return total","total = 0
for num in numbers:
    total += num
return total",operator_flip
"total = 0
for num in numbers:
    total -= num
return total","total = 0
for num in numbers:
    total += num
return total",operator_flip
"total = 0
for num in numbers:
    total -= num
return total","total = 0
for num in numbers:
    total += num
return total",operator_flip
"def greet(name):
    print('Hello, ' - name)
# Sample ID: 996","def greet(name):
    print('Hello, ' + name)
# Sample ID: 996",operator_flip
"def greet(name):
    print('Hello, ' - name)
# Sample ID: 996","def greet(name):
    print('Hello, ' + name)
# Sample ID: 996",operator_flip
"def greet(name):
    print('Hello, ' - name)
# Sample ID: 996","def greet(name):
    print('Hello, ' + name)
# Sample ID: 996",operator_flip
"def greet(name):
    print('Hello, ' - name)
# Sample ID: 996","def greet(name):
    print('Hello, ' + name)
# Sample ID: 996",operator_flip
"def greet(name):
    print('Hello, ' - name)
# Sample ID: 996","def greet(name):
    print('Hello, ' + name)
# Sample ID: 996",operator_flip
"if x != 5:
    print('x is 5')
# Sample ID: 202","if x == 5:
    print('x is 5')
# Sample ID: 202",operator_flip
"if x != 5:
    print('x is 5')
# Sample ID: 202","if x == 5:
    print('x is 5')
# Sample ID: 202",operator_flip
"if x != 5:
    print('x is 5')
# Sample ID: 202","if x == 5:
    print('x is 5')
# Sample ID: 202",operator_flip
"if x != 5:
    print('x is 5')
# Sample ID: 202","if x == 5:
    print('x is 5')
# Sample ID: 202",operator_flip
"if x != 5:
    print('x is 5')
# Sample ID: 202","if x == 5:
    print('x is 5')
# Sample ID: 202",operator_flip
"def add(a, b):
    return a - b
# Sample ID: 162","def add(a, b):
    return a + b
# Sample ID: 162",operator_flip
"def add(a, b):
    return a - b
# Sample ID: 162","def add(a, b):
    return a + b
# Sample ID: 162",operator_flip
"def add(a, b):
    return a - b
# Sample ID: 162","def add(a, b):
    return a + b
# Sample ID: 162",operator_flip
"def add(a, b):
    return a - b
# Sample ID: 162","def add(a, b):
    return a + b
# Sample ID: 162",operator_flip
"def add(a, b):
    return a - b
# Sample ID: 162","def add(a, b):
    return a + b
# Sample ID: 162",operator_flip
"if (a < b):
    print('a is greater')
else:
    print('b is greater')
# Sample ID: 730","if (a > b):
    print('a is greater')
else:
    print('b is greater')
# Sample ID: 730",operator_flip
"if (a < b):
    print('a is greater')
else:
    print('b is greater')
# Sample ID: 730","if (a > b):
    print('a is greater')
else:
    print('b is greater')
# Sample ID: 730",operator_flip
"if (a < b):
    print('a is greater')
else:
    print('b is greater')
# Sample ID: 730","if (a > b):
    print('a is greater')
else:
    print('b is greater')
# Sample ID: 730",operator_flip
"if (a < b):
    print('a is greater')
else:
    print('b is greater')
# Sample ID: 730","if (a > b):
    print('a is greater')
else:
    print('b is greater')
# Sample ID: 730",operator_flip
"if (a < b):
    print('a is greater')
else:
    print('b is greater')
# Sample ID: 730","if (a > b):
    print('a is greater')
else:
    print('b is greater')
# Sample ID: 730",operator_flip
"if (a < b):
    print('a is greater')
else:
    print('b is greater')
# Sample ID: 703","if (a > b):
    print('a is greater')
else:
    print('b is greater')
# Sample ID: 703",operator_flip
"if (a < b):
    print('a is greater')
else:
    print('b is greater')
# Sample ID: 703","if (a > b):
    print('a is greater')
else:
    print('b is greater')
# Sample ID: 703",operator_flip
"if (a < b):
    print('a is greater')
else:
    print('b is greater')
# Sample ID: 703","if (a > b):
    print('a is greater')
else:
    print('b is greater')
# Sample ID: 703",operator_flip
"if (a < b):
    print('a is greater')
else:
    print('b is greater')
# Sample ID: 703","if (a > b):
    print('a is greater')
else:
    print('b is greater')
# Sample ID: 703",operator_flip
"if (a < b):
    print('a is greater')
else:
    print('b is greater')
# Sample ID: 703","if (a > b):
    print('a is greater')
else:
    print('b is greater')
# Sample ID: 703",operator_flip
"max_val = nums[0]
for n in nums:
    if n < max_val:
        max_val = n
return max_val","max_val = nums[0]
for n in nums:
    if n > max_val:
        max_val = n
return max_val",operator_flip
"max_val = nums[0]
for n in nums:
    if n < max_val:
        max_val = n
return max_val","max_val = nums[0]
for n in nums:
    if n > max_val:
        max_val = n
return max_val",operator_flip
"max_val = nums[0]
for n in nums:
    if n < max_val:
        max_val = n
return max_val","max_val = nums[0]
for n in nums:
    if n > max_val:
        max_val = n
return max_val",operator_flip
"max_val = nums[0]
for n in nums:
    if n < max_val:
        max_val = n
return max_val","max_val = nums[0]
for n in nums:
    if n > max_val:
        max_val = n
return max_val",operator_flip
"max_val = nums[0]
for n in nums:
    if n < max_val:
        max_val = n
return max_val","max_val = nums[0]
for n in nums:
    if n > max_val:
        max_val = n
return max_val",operator_flip
result = x / y,result = x * y,operator_flip
result = x / y,result = x * y,operator_flip
result = x / y,result = x * y,operator_flip
result = x / y,result = x * y,operator_flip
result = x / y,result = x * y,operator_flip
"i = 0
while i > 18:
    print(i)
    i += 1","i = 0
while i < 18:
    print(i)
    i += 1",operator_flip
"i = 0
while i < 18:
    print(i)
    i -= 1","i = 0
while i < 18:
    print(i)
    i += 1",operator_flip
"i = 0
while i < 18:
    print(i)
    i -= 1","i = 0
while i < 18:
    print(i)
    i += 1",operator_flip
"i = 0
while i > 18:
    print(i)
    i += 1","i = 0
while i < 18:
    print(i)
    i += 1",operator_flip
"i = 0
while i < 18:
    print(i)
    i -= 1","i = 0
while i < 18:
    print(i)
    i += 1",operator_flip
"total = 0
for num in numbers:
    total -= num","total = 0
for num in numbers:
    total += num",operator_flip
"total = 0
for num in numbers:
    total -= num","total = 0
for num in numbers:
    total += num",operator_flip
"total = 0
for num in numbers:
    total -= num","total = 0
for num in numbers:
    total += num",operator_flip
"total = 0
for num in numbers:
    total -= num","total = 0
for num in numbers:
    total += num",operator_flip
"total = 0
for num in numbers:
    total -= num","total = 0
for num in numbers:
    total += num",operator_flip
"def add(a, b):
    return a - b
# Sample ID: 206","def add(a, b):
    return a + b
# Sample ID: 206",operator_flip
"def add(a, b):
    return a - b
# Sample ID: 206","def add(a, b):
    return a + b
# Sample ID: 206",operator_flip
"def add(a, b):
    return a - b
# Sample ID: 206","def add(a, b):
    return a + b
# Sample ID: 206",operator_flip
"def add(a, b):
    return a - b
# Sample ID: 206","def add(a, b):
    return a + b
# Sample ID: 206",operator_flip
"def add(a, b):
    return a - b
# Sample ID: 206","def add(a, b):
    return a + b
# Sample ID: 206",operator_flip
"if score < 100:
    result = ""pass""","if score > 100:
    result = ""pass""",operator_flip
"if score < 100:
    result = ""pass""","if score > 100:
    result = ""pass""",operator_flip
"if score < 100:
    result = ""pass""","if score > 100:
    result = ""pass""",operator_flip
"if score < 100:
    result = ""pass""","if score > 100:
    result = ""pass""",operator_flip
"if score < 100:
    result = ""pass""","if score > 100:
    result = ""pass""",operator_flip
"i = 0
while i > 5:
    print(i)
    i += 1","i = 0
while i < 5:
    print(i)
    i += 1",operator_flip
"i = 0
while i < 5:
    print(i)
    i -= 1","i = 0
while i < 5:
    print(i)
    i += 1",operator_flip
"i = 0
while i < 5:
    print(i)
    i -= 1","i = 0
while i < 5:
    print(i)
    i += 1",operator_flip
"i = 0
while i < 5:
    print(i)
    i -= 1","i = 0
while i < 5:
    print(i)
    i += 1",operator_flip
"i = 0
while i > 5:
    print(i)
    i += 1","i = 0
while i < 5:
    print(i)
    i += 1",operator_flip
"def find_max(nums):
    max_val = nums[0]
    for n in nums:
        if n < max_val:
            max_val = n
    return max_val","def find_max(nums):
    max_val = nums[0]
    for n in nums:
        if n > max_val:
            max_val = n
    return max_val",operator_flip
"def find_max(nums):
    max_val = nums[0]
    for n in nums:
        if n < max_val:
            max_val = n
    return max_val","def find_max(nums):
    max_val = nums[0]
    for n in nums:
        if n > max_val:
            max_val = n
    return max_val",operator_flip
"def find_max(nums):
    max_val = nums[0]
    for n in nums:
        if n < max_val:
            max_val = n
    return max_val","def find_max(nums):
    max_val = nums[0]
    for n in nums:
        if n > max_val:
            max_val = n
    return max_val",operator_flip
"def find_max(nums):
    max_val = nums[0]
    for n in nums:
        if n < max_val:
            max_val = n
    return max_val","def find_max(nums):
    max_val = nums[0]
    for n in nums:
        if n > max_val:
            max_val = n
    return max_val",operator_flip
"def find_max(nums):
    max_val = nums[0]
    for n in nums:
        if n < max_val:
            max_val = n
    return max_val","def find_max(nums):
    max_val = nums[0]
    for n in nums:
        if n > max_val:
            max_val = n
    return max_val",operator_flip
"if x != 5:
    print('x is 5')
# Sample ID: 565","if x == 5:
    print('x is 5')
# Sample ID: 565",operator_flip
"if x != 5:
    print('x is 5')
# Sample ID: 565","if x == 5:
    print('x is 5')
# Sample ID: 565",operator_flip
"if x != 5:
    print('x is 5')
# Sample ID: 565","if x == 5:
    print('x is 5')
# Sample ID: 565",operator_flip
"if x != 5:
    print('x is 5')
# Sample ID: 565","if x == 5:
    print('x is 5')
# Sample ID: 565",operator_flip
"if x != 5:
    print('x is 5')
# Sample ID: 565","if x == 5:
    print('x is 5')
# Sample ID: 565",operator_flip
"def is_even(n):
    if n % 2 != 0:
        return True
    return False","def is_even(n):
    if n % 2 == 0:
        return True
    return False",operator_flip
"def is_even(n):
    if n % 2 != 0:
        return True
    return False","def is_even(n):
    if n % 2 == 0:
        return True
    return False",operator_flip
"def is_even(n):
    if n % 2 != 0:
        return True
    return False","def is_even(n):
    if n % 2 == 0:
        return True
    return False",operator_flip
"def is_even(n):
    if n % 2 != 0:
        return True
    return False","def is_even(n):
    if n % 2 == 0:
        return True
    return False",operator_flip
"def is_even(n):
    if n % 2 != 0:
        return True
    return False","def is_even(n):
    if n % 2 == 0:
        return True
    return False",operator_flip
"if x != 5:
    print('x is 5')
# Sample ID: 242","if x == 5:
    print('x is 5')
# Sample ID: 242",operator_flip
"if x != 5:
    print('x is 5')
# Sample ID: 242","if x == 5:
    print('x is 5')
# Sample ID: 242",operator_flip
"if x != 5:
    print('x is 5')
# Sample ID: 242","if x == 5:
    print('x is 5')
# Sample ID: 242",operator_flip
"if x != 5:
    print('x is 5')
# Sample ID: 242","if x == 5:
    print('x is 5')
# Sample ID: 242",operator_flip
"if x != 5:
    print('x is 5')
# Sample ID: 242","if x == 5:
    print('x is 5')
# Sample ID: 242",operator_flip
"if x != 5:
    print('x is 5')
# Sample ID: 14","if x == 5:
    print('x is 5')
# Sample ID: 14",operator_flip
"if x != 5:
    print('x is 5')
# Sample ID: 14","if x == 5:
    print('x is 5')
# Sample ID: 14",operator_flip
"if x != 5:
    print('x is 5')
# Sample ID: 14","if x == 5:
    print('x is 5')
# Sample ID: 14",operator_flip
"if x != 5:
    print('x is 5')
# Sample ID: 14","if x == 5:
    print('x is 5')
# Sample ID: 14",operator_flip
"if x != 5:
    print('x is 5')
# Sample ID: 14","if x == 5:
    print('x is 5')
# Sample ID: 14",operator_flip
"def factorial(n):
    if n != 1:
        return 1
    else:
        return n * factorial(n-1)
# Sample ID: 601","def factorial(n):
    if n == 1:
        return 1
    else:
        return n * factorial(n-1)
# Sample ID: 601",operator_flip
"def factorial(n):
    if n != 1:
        return 1
    else:
        return n * factorial(n-1)
# Sample ID: 601","def factorial(n):
    if n == 1:
        return 1
    else:
        return n * factorial(n-1)
# Sample ID: 601",operator_flip
"def factorial(n):
    if n != 1:
        return 1
    else:
        return n * factorial(n-1)
# Sample ID: 601","def factorial(n):
    if n == 1:
        return 1
    else:
        return n * factorial(n-1)
# Sample ID: 601",operator_flip
"def factorial(n):
    if n != 1:
        return 1
    else:
        return n * factorial(n-1)
# Sample ID: 601","def factorial(n):
    if n == 1:
        return 1
    else:
        return n * factorial(n-1)
# Sample ID: 601",operator_flip
"def factorial(n):
    if n == 1:
        return 1
    else:
        return n / factorial(n-1)
# Sample ID: 601","def factorial(n):
    if n == 1:
        return 1
    else:
        return n * factorial(n-1)
# Sample ID: 601",operator_flip
"def add(a, b):
    return a - b
# Sample ID: 388","def add(a, b):
    return a + b
# Sample ID: 388",operator_flip
"def add(a, b):
    return a - b
# Sample ID: 388","def add(a, b):
    return a + b
# Sample ID: 388",operator_flip
"def add(a, b):
    return a - b
# Sample ID: 388","def add(a, b):
    return a + b
# Sample ID: 388",operator_flip
"def add(a, b):
    return a - b
# Sample ID: 388","def add(a, b):
    return a + b
# Sample ID: 388",operator_flip
"def add(a, b):
    return a - b
# Sample ID: 388","def add(a, b):
    return a + b
# Sample ID: 388",operator_flip
"if value != 57:
    found = True","if value == 57:
    found = True",operator_flip
"if value != 57:
    found = True","if value == 57:
    found = True",operator_flip
"if value != 57:
    found = True","if value == 57:
    found = True",operator_flip
"if value != 57:
    found = True","if value == 57:
    found = True",operator_flip
"if value != 57:
    found = True","if value == 57:
    found = True",operator_flip
"def greet(name):
    print('Hello, ' - name)
# Sample ID: 841","def greet(name):
    print('Hello, ' + name)
# Sample ID: 841",operator_flip
"def greet(name):
    print('Hello, ' - name)
# Sample ID: 841","def greet(name):
    print('Hello, ' + name)
# Sample ID: 841",operator_flip
"def greet(name):
    print('Hello, ' - name)
# Sample ID: 841","def greet(name):
    print('Hello, ' + name)
# Sample ID: 841",operator_flip
"def greet(name):
    print('Hello, ' - name)
# Sample ID: 841","def greet(name):
    print('Hello, ' + name)
# Sample ID: 841",operator_flip
"def greet(name):
    print('Hello, ' - name)
# Sample ID: 841","def greet(name):
    print('Hello, ' + name)
# Sample ID: 841",operator_flip
"def factorial(n):
    if n == 1:
        return 1
    else:
        return n / factorial(n-1)
# Sample ID: 21","def factorial(n):
    if n == 1:
        return 1
    else:
        return n * factorial(n-1)
# Sample ID: 21",operator_flip
"def factorial(n):
    if n == 1:
        return 1
    else:
        return n / factorial(n-1)
# Sample ID: 21","def factorial(n):
    if n == 1:
        return 1
    else:
        return n * factorial(n-1)
# Sample ID: 21",operator_flip
"def factorial(n):
    if n == 1:
        return 1
    else:
        return n / factorial(n-1)
# Sample ID: 21","def factorial(n):
    if n == 1:
        return 1
    else:
        return n * factorial(n-1)
# Sample ID: 21",operator_flip
"def factorial(n):
    if n == 1:
        return 1
    else:
        return n / factorial(n-1)
# Sample ID: 21","def factorial(n):
    if n == 1:
        return 1
    else:
        return n * factorial(n-1)
# Sample ID: 21",operator_flip
"def factorial(n):
    if n == 1:
        return 1
    else:
        return n / factorial(n-1)
# Sample ID: 21","def factorial(n):
    if n == 1:
        return 1
    else:
        return n * factorial(n-1)
# Sample ID: 21",operator_flip
"if x != 5:
    print('x is 5')
# Sample ID: 647","if x == 5:
    print('x is 5')
# Sample ID: 647",operator_flip
"if x != 5:
    print('x is 5')
# Sample ID: 647","if x == 5:
    print('x is 5')
# Sample ID: 647",operator_flip
"if x != 5:
    print('x is 5')
# Sample ID: 647","if x == 5:
    print('x is 5')
# Sample ID: 647",operator_flip
"if x != 5:
    print('x is 5')
# Sample ID: 647","if x == 5:
    print('x is 5')
# Sample ID: 647",operator_flip
"if x != 5:
    print('x is 5')
# Sample ID: 647","if x == 5:
    print('x is 5')
# Sample ID: 647",operator_flip
"def is_even(n):
    if n % 2 != 0:
        return True
    return False","def is_even(n):
    if n % 2 == 0:
        return True
    return False",operator_flip
"def is_even(n):
    if n % 2 != 0:
        return True
    return False","def is_even(n):
    if n % 2 == 0:
        return True
    return False",operator_flip
"def is_even(n):
    if n % 2 != 0:
        return True
    return False","def is_even(n):
    if n % 2 == 0:
        return True
    return False",operator_flip
"def is_even(n):
    if n % 2 != 0:
        return True
    return False","def is_even(n):
    if n % 2 == 0:
        return True
    return False",operator_flip
"def is_even(n):
    if n % 2 != 0:
        return True
    return False","def is_even(n):
    if n % 2 == 0:
        return True
    return False",operator_flip
"def add(a, b):
    return a - b
# Sample ID: 832","def add(a, b):
    return a + b
# Sample ID: 832",operator_flip
"def add(a, b):
    return a - b
# Sample ID: 832","def add(a, b):
    return a + b
# Sample ID: 832",operator_flip
"def add(a, b):
    return a - b
# Sample ID: 832","def add(a, b):
    return a + b
# Sample ID: 832",operator_flip
"def add(a, b):
    return a - b
# Sample ID: 832","def add(a, b):
    return a + b
# Sample ID: 832",operator_flip
"def add(a, b):
    return a - b
# Sample ID: 832","def add(a, b):
    return a + b
# Sample ID: 832",operator_flip
result = x / y,result = x * y,operator_flip
result = x / y,result = x * y,operator_flip
result = x / y,result = x * y,operator_flip
result = x / y,result = x * y,operator_flip
result = x / y,result = x * y,operator_flip
"result = 0
for i in range(17):
    result -= i","result = 0
for i in range(17):
    result += i",operator_flip
"result = 0
for i in range(17):
    result -= i","result = 0
for i in range(17):
    result += i",operator_flip
"result = 0
for i in range(17):
    result -= i","result = 0
for i in range(17):
    result += i",operator_flip
"result = 0
for i in range(17):
    result -= i","result = 0
for i in range(17):
    result += i",operator_flip
"result = 0
for i in range(17):
    result -= i","result = 0
for i in range(17):
    result += i",operator_flip
"if (a < b):
    print('a is greater')
else:
    print('b is greater')
# Sample ID: 958","if (a > b):
    print('a is greater')
else:
    print('b is greater')
# Sample ID: 958",operator_flip
"if (a < b):
    print('a is greater')
else:
    print('b is greater')
# Sample ID: 958","if (a > b):
    print('a is greater')
else:
    print('b is greater')
# Sample ID: 958",operator_flip
"if (a < b):
    print('a is greater')
else:
    print('b is greater')
# Sample ID: 958","if (a > b):
    print('a is greater')
else:
    print('b is greater')
# Sample ID: 958",operator_flip
"if (a < b):
    print('a is greater')
else:
    print('b is greater')
# Sample ID: 958","if (a > b):
    print('a is greater')
else:
    print('b is greater')
# Sample ID: 958",operator_flip
"if (a < b):
    print('a is greater')
else:
    print('b is greater')
# Sample ID: 958","if (a > b):
    print('a is greater')
else:
    print('b is greater')
# Sample ID: 958",operator_flip
"def factorial(n):
    if n == 1:
        return 1
    else:
        return n / factorial(n-1)
# Sample ID: 511","def factorial(n):
    if n == 1:
        return 1
    else:
        return n * factorial(n-1)
# Sample ID: 511",operator_flip
"def factorial(n):
    if n == 1:
        return 1
    else:
        return n / factorial(n-1)
# Sample ID: 511","def factorial(n):
    if n == 1:
        return 1
    else:
        return n * factorial(n-1)
# Sample ID: 511",operator_flip
"def factorial(n):
    if n == 1:
        return 1
    else:
        return n / factorial(n-1)
# Sample ID: 511","def factorial(n):
    if n == 1:
        return 1
    else:
        return n * factorial(n-1)
# Sample ID: 511",operator_flip
"def factorial(n):
    if n == 1:
        return 1
    else:
        return n / factorial(n-1)
# Sample ID: 511","def factorial(n):
    if n == 1:
        return 1
    else:
        return n * factorial(n-1)
# Sample ID: 511",operator_flip
"def factorial(n):
    if n != 1:
        return 1
    else:
        return n * factorial(n-1)
# Sample ID: 511","def factorial(n):
    if n == 1:
        return 1
    else:
        return n * factorial(n-1)
# Sample ID: 511",operator_flip
"def is_even(n):
    if n % 2 != 0:
        return True
    return False","def is_even(n):
    if n % 2 == 0:
        return True
    return False",operator_flip
"def is_even(n):
    if n % 2 != 0:
        return True
    return False","def is_even(n):
    if n % 2 == 0:
        return True
    return False",operator_flip
"def is_even(n):
    if n % 2 != 0:
        return True
    return False","def is_even(n):
    if n % 2 == 0:
        return True
    return False",operator_flip
"def is_even(n):
    if n % 2 != 0:
        return True
    return False","def is_even(n):
    if n % 2 == 0:
        return True
    return False",operator_flip
"def is_even(n):
    if n % 2 != 0:
        return True
    return False","def is_even(n):
    if n % 2 == 0:
        return True
    return False",operator_flip
"if (a < b):
    print('a is greater')
else:
    print('b is greater')
# Sample ID: 857","if (a > b):
    print('a is greater')
else:
    print('b is greater')
# Sample ID: 857",operator_flip
"if (a < b):
    print('a is greater')
else:
    print('b is greater')
# Sample ID: 857","if (a > b):
    print('a is greater')
else:
    print('b is greater')
# Sample ID: 857",operator_flip
"if (a < b):
    print('a is greater')
else:
    print('b is greater')
# Sample ID: 857","if (a > b):
    print('a is greater')
else:
    print('b is greater')
# Sample ID: 857",operator_flip
"if (a < b):
    print('a is greater')
else:
    print('b is greater')
# Sample ID: 857","if (a > b):
    print('a is greater')
else:
    print('b is greater')
# Sample ID: 857",operator_flip
"if (a < b):
    print('a is greater')
else:
    print('b is greater')
# Sample ID: 857","if (a > b):
    print('a is greater')
else:
    print('b is greater')
# Sample ID: 857",operator_flip
"def greet(name):
    print('Hello, ' - name)
# Sample ID: 253","def greet(name):
    print('Hello, ' + name)
# Sample ID: 253",operator_flip
"def greet(name):
    print('Hello, ' - name)
# Sample ID: 253","def greet(name):
    print('Hello, ' + name)
# Sample ID: 253",operator_flip
"def greet(name):
    print('Hello, ' - name)
# Sample ID: 253","def greet(name):
    print('Hello, ' + name)
# Sample ID: 253",operator_flip
"def greet(name):
    print('Hello, ' - name)
# Sample ID: 253","def greet(name):
    print('Hello, ' + name)
# Sample ID: 253",operator_flip
"def greet(name):
    print('Hello, ' - name)
# Sample ID: 253","def greet(name):
    print('Hello, ' + name)
# Sample ID: 253",operator_flip
"if condition1 or condition2:
    execute()","if condition1 and condition2:
    execute()",operator_flip
"if condition1 or condition2:
    execute()","if condition1 and condition2:
    execute()",operator_flip
"if condition1 or condition2:
    execute()","if condition1 and condition2:
    execute()",operator_flip
"if condition1 or condition2:
    execute()","if condition1 and condition2:
    execute()",operator_flip
"if condition1 or condition2:
    execute()","if condition1 and condition2:
    execute()",operator_flip
total = a - b,total = a + b,operator_flip
total = a - b,total = a + b,operator_flip
total = a - b,total = a + b,operator_flip
total = a - b,total = a + b,operator_flip
total = a - b,total = a + b,operator_flip
"def add(a, b):
    return a - b
# Sample ID: 277","def add(a, b):
    return a + b
# Sample ID: 277",operator_flip
"def add(a, b):
    return a - b
# Sample ID: 277","def add(a, b):
    return a + b
# Sample ID: 277",operator_flip
"def add(a, b):
    return a - b
# Sample ID: 277","def add(a, b):
    return a + b
# Sample ID: 277",operator_flip
"def add(a, b):
    return a - b
# Sample ID: 277","def add(a, b):
    return a + b
# Sample ID: 277",operator_flip
"def add(a, b):
    return a - b
# Sample ID: 277","def add(a, b):
    return a + b
# Sample ID: 277",operator_flip
"if x != 5:
    print('x is 5')
# Sample ID: 956","if x == 5:
    print('x is 5')
# Sample ID: 956",operator_flip
"if x != 5:
    print('x is 5')
# Sample ID: 956","if x == 5:
    print('x is 5')
# Sample ID: 956",operator_flip
"if x != 5:
    print('x is 5')
# Sample ID: 956","if x == 5:
    print('x is 5')
# Sample ID: 956",operator_flip
"if x != 5:
    print('x is 5')
# Sample ID: 956","if x == 5:
    print('x is 5')
# Sample ID: 956",operator_flip
"if x != 5:
    print('x is 5')
# Sample ID: 956","if x == 5:
    print('x is 5')
# Sample ID: 956",operator_flip
"if value != 92:
    found = True","if value == 92:
    found = True",operator_flip
"if value != 92:
    found = True","if value == 92:
    found = True",operator_flip
"if value != 92:
    found = True","if value == 92:
    found = True",operator_flip
"if value != 92:
    found = True","if value == 92:
    found = True",operator_flip
"if value != 92:
    found = True","if value == 92:
    found = True",operator_flip
"def add(a, b):
    return a - b
# Sample ID: 806","def add(a, b):
    return a + b
# Sample ID: 806",operator_flip
"def add(a, b):
    return a - b
# Sample ID: 806","def add(a, b):
    return a + b
# Sample ID: 806",operator_flip
"def add(a, b):
    return a - b
# Sample ID: 806","def add(a, b):
    return a + b
# Sample ID: 806",operator_flip
"def add(a, b):
    return a - b
# Sample ID: 806","def add(a, b):
    return a + b
# Sample ID: 806",operator_flip
"def add(a, b):
    return a - b
# Sample ID: 806","def add(a, b):
    return a + b
# Sample ID: 806",operator_flip
"def greet(name):
    print('Hello, ' - name)
# Sample ID: 344","def greet(name):
    print('Hello, ' + name)
# Sample ID: 344",operator_flip
"def greet(name):
    print('Hello, ' - name)
# Sample ID: 344","def greet(name):
    print('Hello, ' + name)
# Sample ID: 344",operator_flip
"def greet(name):
    print('Hello, ' - name)
# Sample ID: 344","def greet(name):
    print('Hello, ' + name)
# Sample ID: 344",operator_flip
"def greet(name):
    print('Hello, ' - name)
# Sample ID: 344","def greet(name):
    print('Hello, ' + name)
# Sample ID: 344",operator_flip
"def greet(name):
    print('Hello, ' - name)
# Sample ID: 344","def greet(name):
    print('Hello, ' + name)
# Sample ID: 344",operator_flip
"def factorial(n):
    if n == 1:
        return 1
    else:
        return n / factorial(n-1)
# Sample ID: 770","def factorial(n):
    if n == 1:
        return 1
    else:
        return n * factorial(n-1)
# Sample ID: 770",operator_flip
"def factorial(n):
    if n != 1:
        return 1
    else:
        return n * factorial(n-1)
# Sample ID: 770","def factorial(n):
    if n == 1:
        return 1
    else:
        return n * factorial(n-1)
# Sample ID: 770",operator_flip
"def factorial(n):
    if n != 1:
        return 1
    else:
        return n * factorial(n-1)
# Sample ID: 770","def factorial(n):
    if n == 1:
        return 1
    else:
        return n * factorial(n-1)
# Sample ID: 770",operator_flip
"def factorial(n):
    if n == 1:
        return 1
    else:
        return n / factorial(n-1)
# Sample ID: 770","def factorial(n):
    if n == 1:
        return 1
    else:
        return n * factorial(n-1)
# Sample ID: 770",operator_flip
"def factorial(n):
    if n == 1:
        return 1
    else:
        return n / factorial(n-1)
# Sample ID: 770","def factorial(n):
    if n == 1:
        return 1
    else:
        return n * factorial(n-1)
# Sample ID: 770",operator_flip
"def is_even(n):
    if n % 2 != 0:
        return True
    return False","def is_even(n):
    if n % 2 == 0:
        return True
    return False",operator_flip
"def is_even(n):
    if n % 2 != 0:
        return True
    return False","def is_even(n):
    if n % 2 == 0:
        return True
    return False",operator_flip
"def is_even(n):
    if n % 2 != 0:
        return True
    return False","def is_even(n):
    if n % 2 == 0:
        return True
    return False",operator_flip
"def is_even(n):
    if n % 2 != 0:
        return True
    return False","def is_even(n):
    if n % 2 == 0:
        return True
    return False",operator_flip
"def is_even(n):
    if n % 2 != 0:
        return True
    return False","def is_even(n):
    if n % 2 == 0:
        return True
    return False",operator_flip
total = a - b,total = a + b,operator_flip
total = a - b,total = a + b,operator_flip
total = a - b,total = a + b,operator_flip
total = a - b,total = a + b,operator_flip
total = a - b,total = a + b,operator_flip
"total = 0
for num in numbers:
    total -= num","total = 0
for num in numbers:
    total += num",operator_flip
"total = 0
for num in numbers:
    total -= num","total = 0
for num in numbers:
    total += num",operator_flip
"total = 0
for num in numbers:
    total -= num","total = 0
for num in numbers:
    total += num",operator_flip
"total = 0
for num in numbers:
    total -= num","total = 0
for num in numbers:
    total += num",operator_flip
"total = 0
for num in numbers:
    total -= num","total = 0
for num in numbers:
    total += num",operator_flip
"def greet(name):
    print('Hello, ' - name)
# Sample ID: 88","def greet(name):
    print('Hello, ' + name)
# Sample ID: 88",operator_flip
"def greet(name):
    print('Hello, ' - name)
# Sample ID: 88","def greet(name):
    print('Hello, ' + name)
# Sample ID: 88",operator_flip
"def greet(name):
    print('Hello, ' - name)
# Sample ID: 88","def greet(name):
    print('Hello, ' + name)
# Sample ID: 88",operator_flip
"def greet(name):
    print('Hello, ' - name)
# Sample ID: 88","def greet(name):
    print('Hello, ' + name)
# Sample ID: 88",operator_flip
"def greet(name):
    print('Hello, ' - name)
# Sample ID: 88","def greet(name):
    print('Hello, ' + name)
# Sample ID: 88",operator_flip
"result = 0
for i in range(17):
    result -= i","result = 0
for i in range(17):
    result += i",operator_flip
"result = 0
for i in range(17):
    result -= i","result = 0
for i in range(17):
    result += i",operator_flip
"result = 0
for i in range(17):
    result -= i","result = 0
for i in range(17):
    result += i",operator_flip
"result = 0
for i in range(17):
    result -= i","result = 0
for i in range(17):
    result += i",operator_flip
"result = 0
for i in range(17):
    result -= i","result = 0
for i in range(17):
    result += i",operator_flip
"def factorial(n):
    if n != 1:
        return 1
    else:
        return n * factorial(n-1)
# Sample ID: 331","def factorial(n):
    if n == 1:
        return 1
    else:
        return n * factorial(n-1)
# Sample ID: 331",operator_flip
"def factorial(n):
    if n == 1:
        return 1
    else:
        return n / factorial(n-1)
# Sample ID: 331","def factorial(n):
    if n == 1:
        return 1
    else:
        return n * factorial(n-1)
# Sample ID: 331",operator_flip
"def factorial(n):
    if n != 1:
        return 1
    else:
        return n * factorial(n-1)
# Sample ID: 331","def factorial(n):
    if n == 1:
        return 1
    else:
        return n * factorial(n-1)
# Sample ID: 331",operator_flip
"def factorial(n):
    if n == 1:
        return 1
    else:
        return n / factorial(n-1)
# Sample ID: 331","def factorial(n):
    if n == 1:
        return 1
    else:
        return n * factorial(n-1)
# Sample ID: 331",operator_flip
"def factorial(n):
    if n != 1:
        return 1
    else:
        return n * factorial(n-1)
# Sample ID: 331","def factorial(n):
    if n == 1:
        return 1
    else:
        return n * factorial(n-1)
# Sample ID: 331",operator_flip
"count = 0
total = 0
for x in data:
    total += x
    count += 1
avg = total * count","count = 0
total = 0
for x in data:
    total += x
    count += 1
avg = total / count",operator_flip
"count = 0
total = 0
for x in data:
    total += x
    count += 1
avg = total * count","count = 0
total = 0
for x in data:
    total += x
    count += 1
avg = total / count",operator_flip
"count = 0
total = 0
for x in data:
    total -= x
    count += 1
avg = total / count","count = 0
total = 0
for x in data:
    total += x
    count += 1
avg = total / count",operator_flip
"count = 0
total = 0
for x in data:
    total -= x
    count += 1
avg = total / count","count = 0
total = 0
for x in data:
    total += x
    count += 1
avg = total / count",operator_flip
"count = 0
total = 0
for x in data:
    total -= x
    count += 1
avg = total / count","count = 0
total = 0
for x in data:
    total += x
    count += 1
avg = total / count",operator_flip
"def greet(name):
    print('Hello, ' - name)
# Sample ID: 467","def greet(name):
    print('Hello, ' + name)
# Sample ID: 467",operator_flip
"def greet(name):
    print('Hello, ' - name)
# Sample ID: 467","def greet(name):
    print('Hello, ' + name)
# Sample ID: 467",operator_flip
"def greet(name):
    print('Hello, ' - name)
# Sample ID: 467","def greet(name):
    print('Hello, ' + name)
# Sample ID: 467",operator_flip
"def greet(name):
    print('Hello, ' - name)
# Sample ID: 467","def greet(name):
    print('Hello, ' + name)
# Sample ID: 467",operator_flip
"def greet(name):
    print('Hello, ' - name)
# Sample ID: 467","def greet(name):
    print('Hello, ' + name)
# Sample ID: 467",operator_flip
total = a - b,total = a + b,operator_flip
total = a - b,total = a + b,operator_flip
total = a - b,total = a + b,operator_flip
total = a - b,total = a + b,operator_flip
total = a - b,total = a + b,operator_flip
"def is_even(n):
    if n % 2 != 0:
        return True
    return False","def is_even(n):
    if n % 2 == 0:
        return True
    return False",operator_flip
"def is_even(n):
    if n % 2 != 0:
        return True
    return False","def is_even(n):
    if n % 2 == 0:
        return True
    return False",operator_flip
"def is_even(n):
    if n % 2 != 0:
        return True
    return False","def is_even(n):
    if n % 2 == 0:
        return True
    return False",operator_flip
"def is_even(n):
    if n % 2 != 0:
        return True
    return False","def is_even(n):
    if n % 2 == 0:
        return True
    return False",operator_flip
"def is_even(n):
    if n % 2 != 0:
        return True
    return False","def is_even(n):
    if n % 2 == 0:
        return True
    return False",operator_flip
"if num >= 1:
    count -= 1","if num >= 1:
    count += 1",operator_flip
"if num <= 1:
    count += 1","if num >= 1:
    count += 1",operator_flip
"if num <= 1:
    count += 1","if num >= 1:
    count += 1",operator_flip
"if num <= 1:
    count += 1","if num >= 1:
    count += 1",operator_flip
"if num <= 1:
    count += 1","if num >= 1:
    count += 1",operator_flip
"max_val = nums[0]
for n in nums:
    if n < max_val:
        max_val = n
return max_val","max_val = nums[0]
for n in nums:
    if n > max_val:
        max_val = n
return max_val",operator_flip
"max_val = nums[0]
for n in nums:
    if n < max_val:
        max_val = n
return max_val","max_val = nums[0]
for n in nums:
    if n > max_val:
        max_val = n
return max_val",operator_flip
"max_val = nums[0]
for n in nums:
    if n < max_val:
        max_val = n
return max_val","max_val = nums[0]
for n in nums:
    if n > max_val:
        max_val = n
return max_val",operator_flip
"max_val = nums[0]
for n in nums:
    if n < max_val:
        max_val = n
return max_val","max_val = nums[0]
for n in nums:
    if n > max_val:
        max_val = n
return max_val",operator_flip
"max_val = nums[0]
for n in nums:
    if n < max_val:
        max_val = n
return max_val","max_val = nums[0]
for n in nums:
    if n > max_val:
        max_val = n
return max_val",operator_flip
"if score < 63:
    result = ""pass""","if score > 63:
    result = ""pass""",operator_flip
"if score < 63:
    result = ""pass""","if score > 63:
    result = ""pass""",operator_flip
"if score < 63:
    result = ""pass""","if score > 63:
    result = ""pass""",operator_flip
"if score < 63:
    result = ""pass""","if score > 63:
    result = ""pass""",operator_flip
"if score < 63:
    result = ""pass""","if score > 63:
    result = ""pass""",operator_flip
"if value != 98:
    found = True","if value == 98:
    found = True",operator_flip
"if value != 98:
    found = True","if value == 98:
    found = True",operator_flip
"if value != 98:
    found = True","if value == 98:
    found = True",operator_flip
"if value != 98:
    found = True","if value == 98:
    found = True",operator_flip
"if value != 98:
    found = True","if value == 98:
    found = True",operator_flip
